Scenario,idx,R_ID,Resource,Zone,Total_MW,Start_MW,New_MW,Retired_MW,GWh_yr,CF_realized,Pct_demand
geo_opt_nuc_pess,1,1,biomass,CA_N,36.72,36.72,0.0,0.0,136.9140941472476,0.4256389652014491,0.015182277372644383
geo_opt_nuc_pess,2,2,biomass,CA_N,0.0,33.06,0.0,33.06,0.0,0.0,0.0
geo_opt_nuc_pess,3,3,conventional_hydroelectric,CA_N,0.0,6607.44,0.0,6607.44,0.0,0.0,0.0
geo_opt_nuc_pess,4,4,geothermal,CA_N,542.55,542.55,0.0,0.0,4462.889477444342,0.9390144117862887,0.4948856898336941
geo_opt_nuc_pess,5,5,geothermal,CA_N,100.32,100.32,0.0,0.0,833.8498410725442,0.9488470695970888,0.09246483828526507
geo_opt_nuc_pess,6,6,hydroelectric_pumped_storage,CA_N,615.15,615.15,0.0,0.0,1204.1025979552644,0.22344897093355937,0.13352182433181614
geo_opt_nuc_pess,7,7,hydroelectric_pumped_storage,CA_N,1175.8,1175.8,0.0,0.0,3999.245507009375,0.3882759612428821,0.4434726384225855
geo_opt_nuc_pess,8,8,onshore_wind_turbine,CA_N,1327.6,1327.6,0.0,0.0,1403.2669405855047,0.12066156223348624,0.15560697423099823
geo_opt_nuc_pess,9,9,small_hydroelectric,CA_N,231.4,231.4,0.0,0.0,1523.6234403270612,0.7516405206382537,0.16895319526147673
geo_opt_nuc_pess,10,10,small_hydroelectric,CA_N,1.95,1.95,0.0,0.0,11.386044642857069,0.6665521978021934,0.0012625879681843028
geo_opt_nuc_pess,11,11,solar_photovoltaic,CA_N,2787.1,2787.1,0.0,0.0,4347.492436593592,0.1780664816243915,0.482089418616399
geo_opt_nuc_pess,12,12,biomass,CA_S,0.0,67.2,0.0,67.2,0.0,0.0,0.0
geo_opt_nuc_pess,13,13,biomass,CA_S,0.0,38.1,0.0,38.1,0.0,0.0,0.0
geo_opt_nuc_pess,14,14,conventional_hydroelectric,CA_S,0.0,1396.0,0.0,1396.0,0.0,0.0,0.0
geo_opt_nuc_pess,15,15,geothermal,CA_S,535.15,535.15,0.0,0.0,4404.091750534899,0.9394566006404764,0.48836566423384525
geo_opt_nuc_pess,16,16,geothermal,CA_S,73.02,73.02,0.0,0.0,625.8083050615429,0.9783525641025711,0.0693953046158309
geo_opt_nuc_pess,17,17,hydroelectric_pumped_storage,CA_S,1623.0,1623.0,0.0,0.0,5538.577802036461,0.38956114600030817,0.6141677740646183
geo_opt_nuc_pess,18,18,hydroelectric_pumped_storage,CA_S,42.0,42.0,0.0,0.0,72.63951123457117,0.19743289637576422,0.008054928271960873
geo_opt_nuc_pess,19,19,onshore_wind_turbine,CA_S,4735.6,4735.6,0.0,0.0,11828.355359247416,0.2851315306669519,1.3116353947692474
geo_opt_nuc_pess,20,20,small_hydroelectric,CA_S,126.44,126.44,0.0,0.0,950.1369316938686,0.8578228413190264,0.10535980629909152
geo_opt_nuc_pess,21,21,small_hydroelectric,CA_S,7.0,7.0,0.0,0.0,33.142280769230254,0.5404807692307608,0.003675116886500812
geo_opt_nuc_pess,22,22,solar_photovoltaic,CA_S,9520.0,9520.0,0.0,0.0,15326.767591661514,0.18378476928721932,1.6995710942103897
geo_opt_nuc_pess,23,23,biomass,WECC_N,6.24,6.24,0.0,0.0,20.557329771428584,0.37607806776556796,0.0022795833005701065
geo_opt_nuc_pess,24,24,biomass,WECC_N,0.0,13.8,0.0,13.8,0.0,0.0,0.0
geo_opt_nuc_pess,25,25,conventional_hydroelectric,WECC_N,0.0,4648.1,0.0,4648.1,0.0,0.0,0.0
geo_opt_nuc_pess,26,26,geothermal,WECC_N,165.24,165.24,0.0,0.0,1220.505534264827,0.8431803182259503,0.13534073078062753
geo_opt_nuc_pess,27,27,geothermal,WECC_N,215.16,215.16,0.0,0.0,1821.0279497465,0.9661642635206273,0.2019321064685661
geo_opt_nuc_pess,28,28,onshore_wind_turbine,WECC_N,3893.9,3893.9,0.0,0.0,6532.299811440659,0.19150371748296682,0.7243606893524368
geo_opt_nuc_pess,29,29,solar_photovoltaic,WECC_N,1185.7,1185.7,0.0,0.0,1391.9270505163602,0.13401010544186182,0.15434950430083977
geo_opt_nuc_pess,30,30,biomass,WECC_NMAZ,0.0,3.54,0.0,3.54,0.0,0.0,0.0
geo_opt_nuc_pess,31,31,biomass,WECC_NMAZ,0.0,11.4,0.0,11.4,0.0,0.0,0.0
geo_opt_nuc_pess,32,32,conventional_hydroelectric,WECC_NMAZ,0.0,3960.0,0.0,3960.0,0.0,0.0,0.0
geo_opt_nuc_pess,33,33,geothermal,WECC_NMAZ,0.68,0.68,0.0,0.0,4.65988613131875,0.7822801053113668,0.0005167304667299826
geo_opt_nuc_pess,34,34,geothermal,WECC_NMAZ,2.66,2.66,0.0,0.0,17.8713989769233,0.7669601648351743,0.0019817429169347294
geo_opt_nuc_pess,35,35,hydroelectric_pumped_storage,WECC_NMAZ,119.0,119.0,0.0,0.0,224.30261438102633,0.21517076702834342,0.02487270962242637
geo_opt_nuc_pess,36,36,hydroelectric_pumped_storage,WECC_NMAZ,97.3,97.3,0.0,0.0,175.52692739222007,0.20593340676838576,0.019464018767641752
geo_opt_nuc_pess,37,37,nuclear,WECC_NMAZ,4002.99,4002.99,0.0,0.0,85.58812209230604,0.0024407589257482666,0.009490787763688136
geo_opt_nuc_pess,38,38,onshore_wind_turbine,WECC_NMAZ,0.0,1235.1,0.0,1235.1,0.0,0.0,0.0
geo_opt_nuc_pess,39,39,solar_photovoltaic,WECC_NMAZ,6266.4,6266.4,0.0,0.0,10422.793544719558,0.18987243308662285,1.155773944087559
geo_opt_nuc_pess,40,40,biomass,WECC_WYCO,0.0,4.8,0.0,4.8,0.0,0.0,0.0
geo_opt_nuc_pess,41,41,biomass,WECC_WYCO,0.0,8.04,0.0,8.04,0.0,0.0,0.0
geo_opt_nuc_pess,42,42,conventional_hydroelectric,WECC_WYCO,0.0,961.87,0.0,961.87,0.0,0.0,0.0
geo_opt_nuc_pess,43,43,hydroelectric_pumped_storage,WECC_WYCO,324.0,324.0,0.0,0.0,596.8485260017037,0.21028825117033925,0.06618398147868099
geo_opt_nuc_pess,44,44,hydroelectric_pumped_storage,WECC_WYCO,238.5,238.5,0.0,0.0,453.2092711169517,0.21692334659972992,0.05025595724682283
geo_opt_nuc_pess,45,45,onshore_wind_turbine,WECC_WYCO,5751.7,5751.7,0.0,0.0,46836.962357842116,0.9295834623966668,5.193707472103656
geo_opt_nuc_pess,46,46,solar_photovoltaic,WECC_WYCO,593.1,593.1,0.0,0.0,1785.667435917202,0.3436913077093582,0.19801101176798505
geo_opt_nuc_pess,47,47,naturalgas_ccccsavgcf,CA_N,0.0,0.0,0.0,0.0,0.0,0.0,0.0
geo_opt_nuc_pess,48,48,new_onshore_wind,CA_N,0.0,0.0,0.0,0.0,0.0,0.0,0.0
geo_opt_nuc_pess,49,49,new_floating_offshore_wind,CA_N,0.0,0.0,0.0,0.0,0.0,0.0,0.0
geo_opt_nuc_pess,50,50,new_floating_offshore_wind,CA_N,0.0,0.0,0.0,0.0,0.0,0.0,0.0
geo_opt_nuc_pess,51,51,new_floating_offshore_wind,CA_N,0.0,0.0,0.0,0.0,0.0,0.0,0.0
geo_opt_nuc_pess,52,52,new_floating_offshore_wind,CA_N,0.0,0.0,0.0,0.0,0.0,0.0,0.0
geo_opt_nuc_pess,53,53,new_floating_offshore_wind,CA_N,0.0,0.0,0.0,0.0,0.0,0.0,0.0
geo_opt_nuc_pess,54,54,new_utility_pv,CA_N,0.0,0.0,0.0,0.0,0.0,0.0,0.0
geo_opt_nuc_pess,55,55,new_utility_pv,CA_N,0.0,0.0,0.0,0.0,0.0,0.0,0.0
geo_opt_nuc_pess,56,56,new_utility_pv,CA_N,0.0,0.0,0.0,0.0,0.0,0.0,0.0
geo_opt_nuc_pess,57,57,new_utility_pv,CA_N,11995.573644537533,0.0,11995.573644537533,0.0,87998.21211194883,0.8374303973550746,9.758040418713605
geo_opt_nuc_pess,58,58,battery,CA_N,15408.04430295216,0.0,15408.04430295216,0.0,11577.157226019703,0.08577294202018247,1.2837802659170487
geo_opt_nuc_pess,59,59,nuclear,CA_N,0.0,0.0,0.0,0.0,0.0,0.0,0.0
geo_opt_nuc_pess,60,60,naturalgas_ccs100,CA_N,0.0,0.0,0.0,0.0,0.0,0.0,0.0
geo_opt_nuc_pess,61,61,naturalgas_ccccsavgcf,CA_S,0.0,0.0,0.0,0.0,0.0,0.0,0.0
geo_opt_nuc_pess,62,62,new_onshore_wind,CA_S,0.0,0.0,0.0,0.0,0.0,0.0,0.0
geo_opt_nuc_pess,63,63,new_onshore_wind,CA_S,0.0,0.0,0.0,0.0,0.0,0.0,0.0
geo_opt_nuc_pess,64,64,new_onshore_wind,CA_S,0.0,0.0,0.0,0.0,0.0,0.0,0.0
geo_opt_nuc_pess,65,65,new_utility_pv,CA_S,0.0,0.0,0.0,0.0,0.0,0.0,0.0
geo_opt_nuc_pess,66,66,new_utility_pv,CA_S,0.0,0.0,0.0,0.0,0.0,0.0,0.0
geo_opt_nuc_pess,67,67,new_utility_pv,CA_S,0.0,0.0,0.0,0.0,0.0,0.0,0.0
geo_opt_nuc_pess,68,68,new_utility_pv,CA_S,0.0,0.0,0.0,0.0,0.0,0.0,0.0
geo_opt_nuc_pess,69,69,new_utility_pv,CA_S,15080.943512870406,0.0,15080.943512870406,0.0,95805.79333814273,0.7252022653620918,10.623815885613626
geo_opt_nuc_pess,70,70,new_utility_pv,CA_S,0.0,0.0,0.0,0.0,0.0,0.0,0.0
geo_opt_nuc_pess,71,71,new_utility_pv,CA_S,0.0,0.0,0.0,0.0,0.0,0.0,0.0
geo_opt_nuc_pess,72,72,new_utility_pv,CA_S,0.0,0.0,0.0,0.0,0.0,0.0,0.0
geo_opt_nuc_pess,73,73,new_utility_pv,CA_S,0.0,0.0,0.0,0.0,0.0,0.0,0.0
geo_opt_nuc_pess,74,74,new_utility_pv,CA_S,0.0,0.0,0.0,0.0,0.0,0.0,0.0
geo_opt_nuc_pess,75,75,battery,CA_S,0.0,0.0,0.0,0.0,0.0,0.0,0.0
geo_opt_nuc_pess,76,76,nuclear,CA_S,0.0,0.0,0.0,0.0,0.0,0.0,0.0
geo_opt_nuc_pess,77,77,naturalgas_ccs100,CA_S,0.0,0.0,0.0,0.0,0.0,0.0,0.0
geo_opt_nuc_pess,78,78,naturalgas_ccccsavgcf,WECC_N,0.0,0.0,0.0,0.0,0.0,0.0,0.0
geo_opt_nuc_pess,79,79,new_onshore_wind,WECC_N,0.0,0.0,0.0,0.0,0.0,0.0,0.0
geo_opt_nuc_pess,80,80,new_onshore_wind,WECC_N,0.0,0.0,0.0,0.0,0.0,0.0,0.0
geo_opt_nuc_pess,81,81,new_onshore_wind,WECC_N,0.0,0.0,0.0,0.0,0.0,0.0,0.0
geo_opt_nuc_pess,82,82,new_onshore_wind,WECC_N,0.0,0.0,0.0,0.0,0.0,0.0,0.0
geo_opt_nuc_pess,83,83,new_onshore_wind,WECC_N,0.0,0.0,0.0,0.0,0.0,0.0,0.0
geo_opt_nuc_pess,84,84,new_onshore_wind,WECC_N,0.0,0.0,0.0,0.0,0.0,0.0,0.0
geo_opt_nuc_pess,85,85,new_utility_pv,WECC_N,0.0,0.0,0.0,0.0,0.0,0.0,0.0
geo_opt_nuc_pess,86,86,new_utility_pv,WECC_N,16185.632921353099,0.0,16185.632921353099,0.0,114975.65635101605,0.8109089703004233,12.74954427953654
geo_opt_nuc_pess,87,87,new_utility_pv,WECC_N,0.0,0.0,0.0,0.0,0.0,0.0,0.0
geo_opt_nuc_pess,88,88,new_utility_pv,WECC_N,0.0,0.0,0.0,0.0,0.0,0.0,0.0
geo_opt_nuc_pess,89,89,new_utility_pv,WECC_N,0.0,0.0,0.0,0.0,0.0,0.0,0.0
geo_opt_nuc_pess,90,90,new_utility_pv,WECC_N,0.0,0.0,0.0,0.0,0.0,0.0,0.0
geo_opt_nuc_pess,91,91,new_utility_pv,WECC_N,0.0,0.0,0.0,0.0,0.0,0.0,0.0
geo_opt_nuc_pess,92,92,new_utility_pv,WECC_N,0.0,0.0,0.0,0.0,0.0,0.0,0.0
geo_opt_nuc_pess,93,93,battery,WECC_N,0.0,0.0,0.0,0.0,0.0,0.0,0.0
geo_opt_nuc_pess,94,94,nuclear,WECC_N,0.0,0.0,0.0,0.0,0.0,0.0,0.0
geo_opt_nuc_pess,95,95,naturalgas_ccs100,WECC_N,0.0,0.0,0.0,0.0,0.0,0.0,0.0
geo_opt_nuc_pess,96,96,naturalgas_ccccsavgcf,WECC_NMAZ,0.0,0.0,0.0,0.0,0.0,0.0,0.0
geo_opt_nuc_pess,97,97,new_onshore_wind,WECC_NMAZ,0.0,0.0,0.0,0.0,0.0,0.0,0.0
geo_opt_nuc_pess,98,98,new_onshore_wind,WECC_NMAZ,0.0,0.0,0.0,0.0,0.0,0.0,0.0
geo_opt_nuc_pess,99,99,new_onshore_wind,WECC_NMAZ,0.0,0.0,0.0,0.0,0.0,0.0,0.0
geo_opt_nuc_pess,100,100,new_onshore_wind,WECC_NMAZ,0.0,0.0,0.0,0.0,0.0,0.0,0.0
geo_opt_nuc_pess,101,101,new_onshore_wind,WECC_NMAZ,0.0,0.0,0.0,0.0,0.0,0.0,0.0
geo_opt_nuc_pess,102,102,new_onshore_wind,WECC_NMAZ,0.0,0.0,0.0,0.0,0.0,0.0,0.0
geo_opt_nuc_pess,103,103,new_onshore_wind,WECC_NMAZ,0.0,0.0,0.0,0.0,0.0,0.0,0.0
geo_opt_nuc_pess,104,104,new_utility_pv,WECC_NMAZ,38055.5585593952,0.0,38055.5585593952,0.0,220471.42496166678,0.6613480878687964,24.44787256825647
geo_opt_nuc_pess,105,105,new_utility_pv,WECC_NMAZ,0.0,0.0,0.0,0.0,0.0,0.0,0.0
geo_opt_nuc_pess,106,106,new_utility_pv,WECC_NMAZ,0.0,0.0,0.0,0.0,0.0,0.0,0.0
geo_opt_nuc_pess,107,107,new_utility_pv,WECC_NMAZ,0.0,0.0,0.0,0.0,0.0,0.0,0.0
geo_opt_nuc_pess,108,108,new_utility_pv,WECC_NMAZ,0.0,0.0,0.0,0.0,0.0,0.0,0.0
geo_opt_nuc_pess,109,109,new_utility_pv,WECC_NMAZ,0.0,0.0,0.0,0.0,0.0,0.0,0.0
geo_opt_nuc_pess,110,110,new_utility_pv,WECC_NMAZ,0.0,0.0,0.0,0.0,0.0,0.0,0.0
geo_opt_nuc_pess,111,111,new_utility_pv,WECC_NMAZ,0.0,0.0,0.0,0.0,0.0,0.0,0.0
geo_opt_nuc_pess,112,112,new_utility_pv,WECC_NMAZ,0.0,0.0,0.0,0.0,0.0,0.0,0.0
geo_opt_nuc_pess,113,113,new_utility_pv,WECC_NMAZ,0.0,0.0,0.0,0.0,0.0,0.0,0.0
geo_opt_nuc_pess,114,114,new_utility_pv,WECC_NMAZ,0.0,0.0,0.0,0.0,0.0,0.0,0.0
geo_opt_nuc_pess,115,115,new_utility_pv,WECC_NMAZ,0.0,0.0,0.0,0.0,0.0,0.0,0.0
geo_opt_nuc_pess,116,116,battery,WECC_NMAZ,0.0,0.0,0.0,0.0,0.0,0.0,0.0
geo_opt_nuc_pess,117,117,nuclear,WECC_NMAZ,0.0,0.0,0.0,0.0,0.0,0.0,0.0
geo_opt_nuc_pess,118,118,naturalgas_ccs100,WECC_NMAZ,0.0,0.0,0.0,0.0,0.0,0.0,0.0
geo_opt_nuc_pess,119,119,naturalgas_ccccsavgcf,WECC_PNW,0.0,0.0,0.0,0.0,0.0,0.0,0.0
geo_opt_nuc_pess,120,120,new_onshore_wind,WECC_PNW,0.0,0.0,0.0,0.0,0.0,0.0,0.0
geo_opt_nuc_pess,121,121,new_floating_offshore_wind,WECC_PNW,0.0,0.0,0.0,0.0,0.0,0.0,0.0
geo_opt_nuc_pess,122,122,new_floating_offshore_wind,WECC_PNW,0.0,0.0,0.0,0.0,0.0,0.0,0.0
geo_opt_nuc_pess,123,123,new_floating_offshore_wind,WECC_PNW,0.0,0.0,0.0,0.0,0.0,0.0,0.0
geo_opt_nuc_pess,124,124,new_utility_pv,WECC_PNW,0.0,0.0,0.0,0.0,0.0,0.0,0.0
geo_opt_nuc_pess,125,125,battery,WECC_PNW,0.0,0.0,0.0,0.0,0.0,0.0,0.0
geo_opt_nuc_pess,126,126,nuclear,WECC_PNW,0.0,0.0,0.0,0.0,0.0,0.0,0.0
geo_opt_nuc_pess,127,127,naturalgas_ccs100,WECC_PNW,0.0,0.0,0.0,0.0,0.0,0.0,0.0
geo_opt_nuc_pess,128,128,naturalgas_ccccsavgcf,WECC_WYCO,0.0,0.0,0.0,0.0,0.0,0.0,0.0
geo_opt_nuc_pess,129,129,new_onshore_wind,WECC_WYCO,0.0,0.0,0.0,0.0,0.0,0.0,0.0
geo_opt_nuc_pess,130,130,new_onshore_wind,WECC_WYCO,0.0,0.0,0.0,0.0,0.0,0.0,0.0
geo_opt_nuc_pess,131,131,new_onshore_wind,WECC_WYCO,0.0,0.0,0.0,0.0,0.0,0.0,0.0
geo_opt_nuc_pess,132,132,new_onshore_wind,WECC_WYCO,0.0,0.0,0.0,0.0,0.0,0.0,0.0
geo_opt_nuc_pess,133,133,new_onshore_wind,WECC_WYCO,0.0,0.0,0.0,0.0,0.0,0.0,0.0
geo_opt_nuc_pess,134,134,new_onshore_wind,WECC_WYCO,0.0,0.0,0.0,0.0,0.0,0.0,0.0
geo_opt_nuc_pess,135,135,new_onshore_wind,WECC_WYCO,0.0,0.0,0.0,0.0,0.0,0.0,0.0
geo_opt_nuc_pess,136,136,new_utility_pv,WECC_WYCO,0.0,0.0,0.0,0.0,0.0,0.0,0.0
geo_opt_nuc_pess,137,137,new_utility_pv,WECC_WYCO,4776.7,0.0,4776.7,0.0,31285.72006350883,0.7476771057412354,3.469244585559312
geo_opt_nuc_pess,138,138,new_utility_pv,WECC_WYCO,0.0,0.0,0.0,0.0,0.0,0.0,0.0
geo_opt_nuc_pess,139,139,new_utility_pv,WECC_WYCO,0.0,0.0,0.0,0.0,0.0,0.0,0.0
geo_opt_nuc_pess,140,140,new_utility_pv,WECC_WYCO,0.0,0.0,0.0,0.0,0.0,0.0,0.0
geo_opt_nuc_pess,141,141,battery,WECC_WYCO,0.0,0.0,0.0,0.0,0.0,0.0,0.0
geo_opt_nuc_pess,142,142,nuclear,WECC_WYCO,0.0,0.0,0.0,0.0,0.0,0.0,0.0
geo_opt_nuc_pess,143,143,naturalgas_ccs100,WECC_WYCO,0.0,0.0,0.0,0.0,0.0,0.0,0.0
geo_opt_nuc_pess,144,156,new_biogas_CCGT,CA_N,0.0,0.0,0.0,0.0,0.0,0.0,0.0
geo_opt_nuc_pess,145,157,new_biogas_CCGT,CA_S,0.0,0.0,0.0,0.0,0.0,0.0,0.0
geo_opt_nuc_pess,146,158,new_biogas_CCGT,WECC_N,0.0,0.0,0.0,0.0,0.0,0.0,0.0
geo_opt_nuc_pess,147,159,new_biogas_CCGT,WECC_NMAZ,0.0,0.0,0.0,0.0,0.0,0.0,0.0
geo_opt_nuc_pess,148,160,new_biogas_CCGT,WECC_PNW,0.0,0.0,0.0,0.0,0.0,0.0,0.0
geo_opt_nuc_pess,149,161,new_biogas_CCGT,WECC_WYCO,0.0,0.0,0.0,0.0,0.0,0.0,0.0
geo_opt_nuc_pess,150,162,biomass,WECC_PNW,0.0,28.4,0.0,28.4,0.0,0.0,0.0
geo_opt_nuc_pess,151,163,biomass,WECC_PNW,0.0,74.43,0.0,74.43,0.0,0.0,0.0
geo_opt_nuc_pess,152,164,conventional_hydroelectric,WECC_PNW,29850.0,29850.0,0.0,0.0,215180.67593071033,0.8229147102740122,23.861186297589246
geo_opt_nuc_pess,153,165,geothermal,WECC_PNW,14.49,14.49,0.0,0.0,48.024948341861354,0.3783505893047114,0.0053254421400100605
geo_opt_nuc_pess,154,166,geothermal,WECC_PNW,1.17,1.17,0.0,0.0,7.806538526785881,0.7616729624542288,0.0008656598429262629
geo_opt_nuc_pess,155,167,hydroelectric_pumped_storage,WECC_PNW,214.0,214.0,0.0,0.0,435.9061035233463,0.23252790056936068,0.04833722498286073
geo_opt_nuc_pess,156,168,hydroelectric_pumped_storage,WECC_PNW,100.0,100.0,0.0,0.0,200.583882541065,0.22897703486422946,0.022242561368044454
geo_opt_nuc_pess,157,169,nuclear,WECC_PNW,1163.0,1163.0,0.0,0.0,23.500206433087484,0.002306682688948779,0.0026059161739610333
geo_opt_nuc_pess,158,170,onshore_wind_turbine,WECC_PNW,5254.0,5254.0,0.0,0.0,26202.356153317203,0.5693065373396134,2.9055550592814874
geo_opt_nuc_pess,159,171,solar_photovoltaic,WECC_PNW,209.9,209.9,0.0,0.0,177.6131661058855,0.09659588176685871,0.01969535985063028
moderate_all,1,1,biomass,CA_N,36.72,36.72,0.0,0.0,136.9140941472476,0.4256389652014491,0.015182277372644383
moderate_all,2,2,biomass,CA_N,0.0,33.06,0.0,33.06,0.0,0.0,0.0
moderate_all,3,3,conventional_hydroelectric,CA_N,0.0,6607.44,0.0,6607.44,0.0,0.0,0.0
moderate_all,4,4,geothermal,CA_N,542.55,542.55,0.0,0.0,4482.3046267324535,0.9430994569303954,0.4970386177960001
moderate_all,5,5,geothermal,CA_N,100.32,100.32,0.0,0.0,841.0637530549632,0.9570558608058815,0.09326478231835444
moderate_all,6,6,hydroelectric_pumped_storage,CA_N,615.15,615.15,0.0,0.0,1210.1049997021462,0.22456285482995503,0.13418742511448792
moderate_all,7,7,hydroelectric_pumped_storage,CA_N,1175.8,1175.8,0.0,0.0,2154.9942169761757,0.20922257700927763,0.23896531721116915
moderate_all,8,8,onshore_wind_turbine,CA_N,1327.6,1327.6,0.0,0.0,1360.7760615919888,0.11700793390964613,0.1508951999267894
moderate_all,9,9,small_hydroelectric,CA_N,231.4,231.4,0.0,0.0,569.8398972750011,0.2811158884351955,0.06318901959884292
moderate_all,10,10,small_hydroelectric,CA_N,1.95,1.95,0.0,0.0,3.2889107142857332,0.19253663003663116,0.00036470426970393674
moderate_all,11,11,solar_photovoltaic,CA_N,2787.1,2787.1,0.0,0.0,3550.6397476913266,0.14542864343255787,0.3937271603448687
moderate_all,12,12,biomass,CA_S,0.0,67.2,0.0,67.2,0.0,0.0,0.0
moderate_all,13,13,biomass,CA_S,0.0,38.1,0.0,38.1,0.0,0.0,0.0
moderate_all,14,14,conventional_hydroelectric,CA_S,0.0,1396.0,0.0,1396.0,0.0,0.0,0.0
moderate_all,15,15,geothermal,CA_S,535.15,535.15,0.0,0.0,4453.417673581136,0.9499785349264377,0.49383537025654506
moderate_all,16,16,geothermal,CA_S,73.02,73.02,0.0,0.0,637.74267317344,0.9970100660065612,0.0707186956667712
moderate_all,17,17,hydroelectric_pumped_storage,CA_S,1623.0,1623.0,0.0,0.0,2584.051670369425,0.18175173591729515,0.2865431017101926
moderate_all,18,18,hydroelectric_pumped_storage,CA_S,42.0,42.0,0.0,0.0,98.82835363801651,0.26861370308223664,0.010958984804007622
moderate_all,19,19,onshore_wind_turbine,CA_S,4735.6,4735.6,0.0,0.0,9142.624655579304,0.220389942911269,1.0138171990218932
moderate_all,20,20,small_hydroelectric,CA_S,126.44,126.44,0.0,0.0,561.1711247456251,0.5066484552255958,0.062227747424191536
moderate_all,21,21,small_hydroelectric,CA_S,7.0,7.0,0.0,0.0,14.901054807692153,0.24300480769230517,0.0016523641970128493
moderate_all,22,22,solar_photovoltaic,CA_S,9520.0,9520.0,0.0,0.0,14766.866707199573,0.1770709430182981,1.6374842025573801
moderate_all,23,23,biomass,WECC_N,6.24,6.24,0.0,0.0,20.557329771428584,0.37607806776556796,0.0022795833005701065
moderate_all,24,24,biomass,WECC_N,0.0,13.8,0.0,13.8,0.0,0.0,0.0
moderate_all,25,25,conventional_hydroelectric,WECC_N,0.0,4648.1,0.0,4648.1,0.0,0.0,0.0
moderate_all,26,26,geothermal,WECC_N,165.24,165.24,0.0,0.0,544.5663831452405,0.3762110398885974,0.06038646297317657
moderate_all,27,27,geothermal,WECC_N,215.16,215.16,0.0,0.0,1846.2178501232813,0.979529012562002,0.2047253912424351
moderate_all,28,28,onshore_wind_turbine,WECC_N,3893.9,3893.9,0.0,0.0,3089.728806965355,0.09057982175156513,0.3426171720724974
moderate_all,29,29,solar_photovoltaic,WECC_N,1185.7,1185.7,0.0,0.0,1221.799496678243,0.11763079057765646,0.13548421707685304
moderate_all,30,30,biomass,WECC_NMAZ,0.0,3.54,0.0,3.54,0.0,0.0,0.0
moderate_all,31,31,biomass,WECC_NMAZ,0.0,11.4,0.0,11.4,0.0,0.0,0.0
moderate_all,32,32,conventional_hydroelectric,WECC_NMAZ,0.0,3960.0,0.0,3960.0,0.0,0.0,0.0
moderate_all,33,33,geothermal,WECC_NMAZ,0.68,0.68,0.0,0.0,5.523846465934246,0.9273177655677957,0.0006125342298180125
moderate_all,34,34,geothermal,WECC_NMAZ,2.66,2.66,0.0,0.0,21.450819207692582,0.9205728021978138,0.002378661518451011
moderate_all,35,35,hydroelectric_pumped_storage,WECC_NMAZ,119.0,119.0,0.0,0.0,270.3280982146158,0.2593224532967037,0.029976432990892764
moderate_all,36,36,hydroelectric_pumped_storage,WECC_NMAZ,97.3,97.3,0.0,0.0,223.37060593884576,0.26206503205128157,0.024769360067576206
moderate_all,37,37,nuclear,WECC_NMAZ,4002.99,4002.99,0.0,0.0,85.271249987167,0.0024317225267710277,0.00945565010878242
moderate_all,38,38,onshore_wind_turbine,WECC_NMAZ,0.0,1235.1,0.0,1235.1,0.0,0.0,0.0
moderate_all,39,39,solar_photovoltaic,WECC_NMAZ,6266.4,6266.4,0.0,0.0,8560.605201980265,0.1559488760302148,0.9492775996778532
moderate_all,40,40,biomass,WECC_WYCO,0.0,4.8,0.0,4.8,0.0,0.0,0.0
moderate_all,41,41,biomass,WECC_WYCO,0.0,8.04,0.0,8.04,0.0,0.0,0.0
moderate_all,42,42,conventional_hydroelectric,WECC_WYCO,0.0,961.87,0.0,961.87,0.0,0.0,0.0
moderate_all,43,43,hydroelectric_pumped_storage,WECC_WYCO,324.0,324.0,0.0,0.0,648.3283874758027,0.22842620337808037,0.07189253574311276
moderate_all,44,44,hydroelectric_pumped_storage,WECC_WYCO,238.5,238.5,0.0,0.0,510.95745324661317,0.24456384233968637,0.05665959979596452
moderate_all,45,45,onshore_wind_turbine,WECC_WYCO,5751.7,5751.7,0.0,0.0,48821.5066563207,0.9689711482624732,5.413771755371657
moderate_all,46,46,solar_photovoltaic,WECC_WYCO,593.1,593.1,0.0,0.0,1523.7132382743953,0.2932724117061572,0.16896315287287103
moderate_all,47,47,naturalgas_ccccsavgcf,CA_N,0.0,0.0,0.0,0.0,0.0,0.0,0.0
moderate_all,48,48,new_onshore_wind,CA_N,0.0,0.0,0.0,0.0,0.0,0.0,0.0
moderate_all,49,49,new_floating_offshore_wind,CA_N,0.0,0.0,0.0,0.0,0.0,0.0,0.0
moderate_all,50,50,new_floating_offshore_wind,CA_N,0.0,0.0,0.0,0.0,0.0,0.0,0.0
moderate_all,51,51,new_floating_offshore_wind,CA_N,0.0,0.0,0.0,0.0,0.0,0.0,0.0
moderate_all,52,52,new_floating_offshore_wind,CA_N,0.0,0.0,0.0,0.0,0.0,0.0,0.0
moderate_all,53,53,new_floating_offshore_wind,CA_N,0.0,0.0,0.0,0.0,0.0,0.0,0.0
moderate_all,54,54,new_utility_pv,CA_N,0.0,0.0,0.0,0.0,0.0,0.0,0.0
moderate_all,55,55,new_utility_pv,CA_N,0.0,0.0,0.0,0.0,0.0,0.0,0.0
moderate_all,56,56,new_utility_pv,CA_N,0.0,0.0,0.0,0.0,0.0,0.0,0.0
moderate_all,57,57,new_utility_pv,CA_N,11995.573644537533,0.0,11995.573644537533,0.0,97748.15288846727,0.9302152003949492,10.839202341143302
moderate_all,58,58,battery,CA_N,15408.044302952161,0.0,15408.044302952161,0.0,14076.564094031935,0.10429056911891756,1.5609371837172237
moderate_all,59,59,nuclear,CA_N,0.0,0.0,0.0,0.0,0.0,0.0,0.0
moderate_all,60,60,naturalgas_ccs100,CA_N,0.0,0.0,0.0,0.0,0.0,0.0,0.0
moderate_all,61,61,naturalgas_ccccsavgcf,CA_S,0.0,0.0,0.0,0.0,0.0,0.0,0.0
moderate_all,62,62,new_onshore_wind,CA_S,0.0,0.0,0.0,0.0,0.0,0.0,0.0
moderate_all,63,63,new_onshore_wind,CA_S,0.0,0.0,0.0,0.0,0.0,0.0,0.0
moderate_all,64,64,new_onshore_wind,CA_S,0.0,0.0,0.0,0.0,0.0,0.0,0.0
moderate_all,65,65,new_utility_pv,CA_S,0.0,0.0,0.0,0.0,0.0,0.0,0.0
moderate_all,66,66,new_utility_pv,CA_S,0.0,0.0,0.0,0.0,0.0,0.0,0.0
moderate_all,67,67,new_utility_pv,CA_S,0.0,0.0,0.0,0.0,0.0,0.0,0.0
moderate_all,68,68,new_utility_pv,CA_S,0.0,0.0,0.0,0.0,0.0,0.0,0.0
moderate_all,69,69,new_utility_pv,CA_S,15080.943512870406,0.0,15080.943512870406,0.0,105898.73594125951,0.8016008273375271,11.743012963614225
moderate_all,70,70,new_utility_pv,CA_S,0.0,0.0,0.0,0.0,0.0,0.0,0.0
moderate_all,71,71,new_utility_pv,CA_S,0.0,0.0,0.0,0.0,0.0,0.0,0.0
moderate_all,72,72,new_utility_pv,CA_S,0.0,0.0,0.0,0.0,0.0,0.0,0.0
moderate_all,73,73,new_utility_pv,CA_S,0.0,0.0,0.0,0.0,0.0,0.0,0.0
moderate_all,74,74,new_utility_pv,CA_S,0.0,0.0,0.0,0.0,0.0,0.0,0.0
moderate_all,75,75,battery,CA_S,0.0,0.0,0.0,0.0,0.0,0.0,0.0
moderate_all,76,76,nuclear,CA_S,0.0,0.0,0.0,0.0,0.0,0.0,0.0
moderate_all,77,77,naturalgas_ccs100,CA_S,0.0,0.0,0.0,0.0,0.0,0.0,0.0
moderate_all,78,78,naturalgas_ccccsavgcf,WECC_N,0.0,0.0,0.0,0.0,0.0,0.0,0.0
moderate_all,79,79,new_onshore_wind,WECC_N,0.0,0.0,0.0,0.0,0.0,0.0,0.0
moderate_all,80,80,new_onshore_wind,WECC_N,0.0,0.0,0.0,0.0,0.0,0.0,0.0
moderate_all,81,81,new_onshore_wind,WECC_N,0.0,0.0,0.0,0.0,0.0,0.0,0.0
moderate_all,82,82,new_onshore_wind,WECC_N,0.0,0.0,0.0,0.0,0.0,0.0,0.0
moderate_all,83,83,new_onshore_wind,WECC_N,0.0,0.0,0.0,0.0,0.0,0.0,0.0
moderate_all,84,84,new_onshore_wind,WECC_N,0.0,0.0,0.0,0.0,0.0,0.0,0.0
moderate_all,85,85,new_utility_pv,WECC_N,0.0,0.0,0.0,0.0,0.0,0.0,0.0
moderate_all,86,86,new_utility_pv,WECC_N,16185.6329213531,0.0,16185.6329213531,0.0,128516.15926446053,0.9064084492629028,14.251038134332248
moderate_all,87,87,new_utility_pv,WECC_N,0.0,0.0,0.0,0.0,0.0,0.0,0.0
moderate_all,88,88,new_utility_pv,WECC_N,0.0,0.0,0.0,0.0,0.0,0.0,0.0
moderate_all,89,89,new_utility_pv,WECC_N,0.0,0.0,0.0,0.0,0.0,0.0,0.0
moderate_all,90,90,new_utility_pv,WECC_N,0.0,0.0,0.0,0.0,0.0,0.0,0.0
moderate_all,91,91,new_utility_pv,WECC_N,0.0,0.0,0.0,0.0,0.0,0.0,0.0
moderate_all,92,92,new_utility_pv,WECC_N,0.0,0.0,0.0,0.0,0.0,0.0,0.0
moderate_all,93,93,battery,WECC_N,0.0,0.0,0.0,0.0,0.0,0.0,0.0
moderate_all,94,94,nuclear,WECC_N,0.0,0.0,0.0,0.0,0.0,0.0,0.0
moderate_all,95,95,naturalgas_ccs100,WECC_N,0.0,0.0,0.0,0.0,0.0,0.0,0.0
moderate_all,96,96,naturalgas_ccccsavgcf,WECC_NMAZ,0.0,0.0,0.0,0.0,0.0,0.0,0.0
moderate_all,97,97,new_onshore_wind,WECC_NMAZ,0.0,0.0,0.0,0.0,0.0,0.0,0.0
moderate_all,98,98,new_onshore_wind,WECC_NMAZ,0.0,0.0,0.0,0.0,0.0,0.0,0.0
moderate_all,99,99,new_onshore_wind,WECC_NMAZ,0.0,0.0,0.0,0.0,0.0,0.0,0.0
moderate_all,100,100,new_onshore_wind,WECC_NMAZ,0.0,0.0,0.0,0.0,0.0,0.0,0.0
moderate_all,101,101,new_onshore_wind,WECC_NMAZ,0.0,0.0,0.0,0.0,0.0,0.0,0.0
moderate_all,102,102,new_onshore_wind,WECC_NMAZ,0.0,0.0,0.0,0.0,0.0,0.0,0.0
moderate_all,103,103,new_onshore_wind,WECC_NMAZ,0.0,0.0,0.0,0.0,0.0,0.0,0.0
moderate_all,104,104,new_utility_pv,WECC_NMAZ,38055.5585593952,0.0,38055.5585593952,0.0,217057.85536675248,0.6511084038607842,24.069344990481483
moderate_all,105,105,new_utility_pv,WECC_NMAZ,0.0,0.0,0.0,0.0,0.0,0.0,0.0
moderate_all,106,106,new_utility_pv,WECC_NMAZ,0.0,0.0,0.0,0.0,0.0,0.0,0.0
moderate_all,107,107,new_utility_pv,WECC_NMAZ,0.0,0.0,0.0,0.0,0.0,0.0,0.0
moderate_all,108,108,new_utility_pv,WECC_NMAZ,0.0,0.0,0.0,0.0,0.0,0.0,0.0
moderate_all,109,109,new_utility_pv,WECC_NMAZ,0.0,0.0,0.0,0.0,0.0,0.0,0.0
moderate_all,110,110,new_utility_pv,WECC_NMAZ,0.0,0.0,0.0,0.0,0.0,0.0,0.0
moderate_all,111,111,new_utility_pv,WECC_NMAZ,0.0,0.0,0.0,0.0,0.0,0.0,0.0
moderate_all,112,112,new_utility_pv,WECC_NMAZ,0.0,0.0,0.0,0.0,0.0,0.0,0.0
moderate_all,113,113,new_utility_pv,WECC_NMAZ,0.0,0.0,0.0,0.0,0.0,0.0,0.0
moderate_all,114,114,new_utility_pv,WECC_NMAZ,0.0,0.0,0.0,0.0,0.0,0.0,0.0
moderate_all,115,115,new_utility_pv,WECC_NMAZ,0.0,0.0,0.0,0.0,0.0,0.0,0.0
moderate_all,116,116,battery,WECC_NMAZ,0.0,0.0,0.0,0.0,0.0,0.0,0.0
moderate_all,117,117,nuclear,WECC_NMAZ,0.0,0.0,0.0,0.0,0.0,0.0,0.0
moderate_all,118,118,naturalgas_ccs100,WECC_NMAZ,0.0,0.0,0.0,0.0,0.0,0.0,0.0
moderate_all,119,119,naturalgas_ccccsavgcf,WECC_PNW,0.0,0.0,0.0,0.0,0.0,0.0,0.0
moderate_all,120,120,new_onshore_wind,WECC_PNW,0.0,0.0,0.0,0.0,0.0,0.0,0.0
moderate_all,121,121,new_floating_offshore_wind,WECC_PNW,0.0,0.0,0.0,0.0,0.0,0.0,0.0
moderate_all,122,122,new_floating_offshore_wind,WECC_PNW,0.0,0.0,0.0,0.0,0.0,0.0,0.0
moderate_all,123,123,new_floating_offshore_wind,WECC_PNW,0.0,0.0,0.0,0.0,0.0,0.0,0.0
moderate_all,124,124,new_utility_pv,WECC_PNW,0.0,0.0,0.0,0.0,0.0,0.0,0.0
moderate_all,125,125,battery,WECC_PNW,0.0,0.0,0.0,0.0,0.0,0.0,0.0
moderate_all,126,126,nuclear,WECC_PNW,0.0,0.0,0.0,0.0,0.0,0.0,0.0
moderate_all,127,127,naturalgas_ccs100,WECC_PNW,0.0,0.0,0.0,0.0,0.0,0.0,0.0
moderate_all,128,128,naturalgas_ccccsavgcf,WECC_WYCO,0.0,0.0,0.0,0.0,0.0,0.0,0.0
moderate_all,129,129,new_onshore_wind,WECC_WYCO,0.0,0.0,0.0,0.0,0.0,0.0,0.0
moderate_all,130,130,new_onshore_wind,WECC_WYCO,0.0,0.0,0.0,0.0,0.0,0.0,0.0
moderate_all,131,131,new_onshore_wind,WECC_WYCO,0.0,0.0,0.0,0.0,0.0,0.0,0.0
moderate_all,132,132,new_onshore_wind,WECC_WYCO,0.0,0.0,0.0,0.0,0.0,0.0,0.0
moderate_all,133,133,new_onshore_wind,WECC_WYCO,0.0,0.0,0.0,0.0,0.0,0.0,0.0
moderate_all,134,134,new_onshore_wind,WECC_WYCO,0.0,0.0,0.0,0.0,0.0,0.0,0.0
moderate_all,135,135,new_onshore_wind,WECC_WYCO,0.0,0.0,0.0,0.0,0.0,0.0,0.0
moderate_all,136,136,new_utility_pv,WECC_WYCO,0.0,0.0,0.0,0.0,0.0,0.0,0.0
moderate_all,137,137,new_utility_pv,WECC_WYCO,4776.7,0.0,4776.7,0.0,15606.94408503357,0.37298022098502626,1.7306396066390273
moderate_all,138,138,new_utility_pv,WECC_WYCO,0.0,0.0,0.0,0.0,0.0,0.0,0.0
moderate_all,139,139,new_utility_pv,WECC_WYCO,0.0,0.0,0.0,0.0,0.0,0.0,0.0
moderate_all,140,140,new_utility_pv,WECC_WYCO,0.0,0.0,0.0,0.0,0.0,0.0,0.0
moderate_all,141,141,battery,WECC_WYCO,0.0,0.0,0.0,0.0,0.0,0.0,0.0
moderate_all,142,142,nuclear,WECC_WYCO,0.0,0.0,0.0,0.0,0.0,0.0,0.0
moderate_all,143,143,naturalgas_ccs100,WECC_WYCO,0.0,0.0,0.0,0.0,0.0,0.0,0.0
moderate_all,144,156,new_biogas_CCGT,CA_N,0.0,0.0,0.0,0.0,0.0,0.0,0.0
moderate_all,145,157,new_biogas_CCGT,CA_S,0.0,0.0,0.0,0.0,0.0,0.0,0.0
moderate_all,146,158,new_biogas_CCGT,WECC_N,0.0,0.0,0.0,0.0,0.0,0.0,0.0
moderate_all,147,159,new_biogas_CCGT,WECC_NMAZ,0.0,0.0,0.0,0.0,0.0,0.0,0.0
moderate_all,148,160,new_biogas_CCGT,WECC_PNW,0.0,0.0,0.0,0.0,0.0,0.0,0.0
moderate_all,149,161,new_biogas_CCGT,WECC_WYCO,0.0,0.0,0.0,0.0,0.0,0.0,0.0
moderate_all,150,162,biomass,WECC_PNW,0.0,28.4,0.0,28.4,0.0,0.0,0.0
moderate_all,151,163,biomass,WECC_PNW,0.0,74.43,0.0,74.43,0.0,0.0,0.0
moderate_all,152,164,conventional_hydroelectric,WECC_PNW,29850.0,29850.0,0.0,0.0,205219.02023781367,0.7848183850677041,22.756547503735895
moderate_all,153,165,geothermal,WECC_PNW,14.49,14.49,0.0,0.0,14.92821501923054,0.11760760073259892,0.0016553759677705917
moderate_all,154,166,geothermal,WECC_PNW,1.17,1.17,0.0,0.0,10.007253883929081,0.9763936584249583,0.0011096951351179682
moderate_all,155,167,hydroelectric_pumped_storage,WECC_PNW,214.0,214.0,0.0,0.0,463.2807801874972,0.2471305318287763,0.051372777580204115
moderate_all,156,168,hydroelectric_pumped_storage,WECC_PNW,100.0,100.0,0.0,0.0,190.851487860746,0.21786699527482423,0.02116334511600732
moderate_all,157,169,nuclear,WECC_PNW,1163.0,1163.0,0.0,0.0,23.817078538226454,0.002337785539113776,0.002641053828866741
moderate_all,158,170,onshore_wind_turbine,WECC_PNW,5254.0,5254.0,0.0,0.0,30561.585415450027,0.6640208333431111,3.3889459636355
moderate_all,159,171,solar_photovoltaic,WECC_PNW,209.9,209.9,0.0,0.0,222.61180413457188,0.12106863462627991,0.0246852172367369
nuc_optimistic,1,1,biomass,CA_N,36.72,36.72,0.0,0.0,136.9140941472476,0.4256389652014491,0.015182277372644383
nuc_optimistic,2,2,biomass,CA_N,0.0,33.06,0.0,33.06,0.0,0.0,0.0
nuc_optimistic,3,3,conventional_hydroelectric,CA_N,0.0,6607.44,0.0,6607.44,0.0,0.0,0.0
nuc_optimistic,4,4,geothermal,CA_N,542.55,542.55,0.0,0.0,4443.5961026786035,0.9349549886146897,0.49274626533563765
nuc_optimistic,5,5,geothermal,CA_N,100.32,100.32,0.0,0.0,835.3143946905675,0.9505136015555787,0.09262724128251987
nuc_optimistic,6,6,hydroelectric_pumped_storage,CA_N,615.15,615.15,0.0,0.0,1130.546870461932,0.20979901150106164,0.12536529768563034
nuc_optimistic,7,7,hydroelectric_pumped_storage,CA_N,1175.8,1175.8,0.0,0.0,2171.565068132893,0.21083139626036146,0.24080284358220524
nuc_optimistic,8,8,onshore_wind_turbine,CA_N,1327.6,1327.6,0.0,0.0,1296.17889493864,0.1114534703797081,0.14373207981321423
nuc_optimistic,9,9,small_hydroelectric,CA_N,231.4,231.4,0.0,0.0,570.5115671684175,0.2814472395387701,0.06326350045260902
nuc_optimistic,10,10,small_hydroelectric,CA_N,1.95,1.95,0.0,0.0,3.2693571428571597,0.1913919413919424,0.00036253599223839587
nuc_optimistic,11,11,solar_photovoltaic,CA_N,2787.1,2787.1,0.0,0.0,3356.8628755097247,0.13749184622064756,0.3722394220649768
nuc_optimistic,12,12,biomass,CA_S,0.0,67.2,0.0,67.2,0.0,0.0,0.0
nuc_optimistic,13,13,biomass,CA_S,0.0,38.1,0.0,38.1,0.0,0.0,0.0
nuc_optimistic,14,14,conventional_hydroelectric,CA_S,0.0,1396.0,0.0,1396.0,0.0,0.0,0.0
nuc_optimistic,15,15,geothermal,CA_S,535.15,535.15,0.0,0.0,4353.671587765777,0.9287012491623732,0.48277461897950197
nuc_optimistic,16,16,geothermal,CA_S,73.02,73.02,0.0,0.0,636.8249307576968,0.9955753205128277,0.07061692805840891
nuc_optimistic,17,17,hydroelectric_pumped_storage,CA_S,1623.0,1623.0,0.0,0.0,2621.4523497398554,0.184382348330355,0.2906904284822379
nuc_optimistic,18,18,hydroelectric_pumped_storage,CA_S,42.0,42.0,0.0,0.0,97.18980307496089,0.2641601518671474,0.010777287446315153
nuc_optimistic,19,19,onshore_wind_turbine,CA_S,4735.6,4735.6,0.0,0.0,9028.714539811263,0.21764405266017853,1.0011858115528975
nuc_optimistic,20,20,small_hydroelectric,CA_S,126.44,126.44,0.0,0.0,499.93855390986676,0.45136516274063143,0.05543772423148237
nuc_optimistic,21,21,small_hydroelectric,CA_S,7.0,7.0,0.0,0.0,11.995724999999752,0.19562499999999594,0.0013301948595598404
nuc_optimistic,22,22,solar_photovoltaic,CA_S,9520.0,9520.0,0.0,0.0,12550.469781996548,0.15049391070465146,1.391709995775434
nuc_optimistic,23,23,biomass,WECC_N,6.24,6.24,0.0,0.0,20.557329771428584,0.37607806776556796,0.0022795833005701065
nuc_optimistic,24,24,biomass,WECC_N,0.0,13.8,0.0,13.8,0.0,0.0,0.0
nuc_optimistic,25,25,conventional_hydroelectric,WECC_N,0.0,4648.1,0.0,4648.1,0.0,0.0,0.0
nuc_optimistic,26,26,geothermal,WECC_N,165.24,165.24,0.0,0.0,511.9630545957951,0.3536871887713589,0.05677111000026216
nuc_optimistic,27,27,geothermal,WECC_N,215.16,215.16,0.0,0.0,1806.9196416916873,0.958678962120834,0.20036764922637365
nuc_optimistic,28,28,onshore_wind_turbine,WECC_N,3893.9,3893.9,0.0,0.0,2947.6454065922594,0.0864144435311084,0.3268616751096145
nuc_optimistic,29,29,solar_photovoltaic,WECC_N,1185.7,1185.7,0.0,0.0,964.7596043287588,0.0928838449214593,0.10698130095422555
nuc_optimistic,30,30,biomass,WECC_NMAZ,0.0,3.54,0.0,3.54,0.0,0.0,0.0
nuc_optimistic,31,31,biomass,WECC_NMAZ,0.0,11.4,0.0,11.4,0.0,0.0,0.0
nuc_optimistic,32,32,conventional_hydroelectric,WECC_NMAZ,0.0,3960.0,0.0,3960.0,0.0,0.0,0.0
nuc_optimistic,33,33,geothermal,WECC_NMAZ,0.68,0.68,0.0,0.0,5.323332913736411,0.8936564789377536,0.000590299467316734
nuc_optimistic,34,34,geothermal,WECC_NMAZ,2.66,2.66,0.0,0.0,20.582258469230858,0.8832980769230807,0.0022823476208318756
nuc_optimistic,35,35,hydroelectric_pumped_storage,WECC_NMAZ,119.0,119.0,0.0,0.0,285.8969168669852,0.2742574314751786,0.031702844903536774
nuc_optimistic,36,36,hydroelectric_pumped_storage,WECC_NMAZ,97.3,97.3,0.0,0.0,233.1282983314614,0.2735130467032965,0.025851381559551363
nuc_optimistic,37,37,nuclear,WECC_NMAZ,4002.99,4002.99,0.0,0.0,85.57677460100774,0.0024404353237110436,0.009489529450864701
nuc_optimistic,38,38,onshore_wind_turbine,WECC_NMAZ,0.0,1235.1,0.0,1235.1,0.0,0.0,0.0
nuc_optimistic,39,39,solar_photovoltaic,WECC_NMAZ,6266.4,6266.4,0.0,0.0,6598.55126635469,0.12020606360607827,0.7317072519624505
nuc_optimistic,40,40,biomass,WECC_WYCO,0.0,4.8,0.0,4.8,0.0,0.0,0.0
nuc_optimistic,41,41,biomass,WECC_WYCO,0.0,8.04,0.0,8.04,0.0,0.0,0.0
nuc_optimistic,42,42,conventional_hydroelectric,WECC_WYCO,0.0,961.87,0.0,961.87,0.0,0.0,0.0
nuc_optimistic,43,43,hydroelectric_pumped_storage,WECC_WYCO,324.0,324.0,0.0,0.0,500.9416897949556,0.17649729754881743,0.05554896104274515
nuc_optimistic,44,44,hydroelectric_pumped_storage,WECC_WYCO,238.5,238.5,0.0,0.0,361.41965671818195,0.17298931522078725,0.040077491732297785
nuc_optimistic,45,45,onshore_wind_turbine,WECC_WYCO,5751.7,5751.7,0.0,0.0,48315.86782114721,0.9589356234235294,5.35770193221869
nuc_optimistic,46,46,solar_photovoltaic,WECC_WYCO,593.1,593.1,0.0,0.0,1645.0594440336833,0.3166281807055267,0.18241912148903214
nuc_optimistic,47,47,naturalgas_ccccsavgcf,CA_N,0.0,0.0,0.0,0.0,0.0,0.0,0.0
nuc_optimistic,48,48,new_onshore_wind,CA_N,0.0,0.0,0.0,0.0,0.0,0.0,0.0
nuc_optimistic,49,49,new_floating_offshore_wind,CA_N,0.0,0.0,0.0,0.0,0.0,0.0,0.0
nuc_optimistic,50,50,new_floating_offshore_wind,CA_N,0.0,0.0,0.0,0.0,0.0,0.0,0.0
nuc_optimistic,51,51,new_floating_offshore_wind,CA_N,0.0,0.0,0.0,0.0,0.0,0.0,0.0
nuc_optimistic,52,52,new_floating_offshore_wind,CA_N,0.0,0.0,0.0,0.0,0.0,0.0,0.0
nuc_optimistic,53,53,new_floating_offshore_wind,CA_N,0.0,0.0,0.0,0.0,0.0,0.0,0.0
nuc_optimistic,54,54,new_utility_pv,CA_N,0.0,0.0,0.0,0.0,0.0,0.0,0.0
nuc_optimistic,55,55,new_utility_pv,CA_N,0.0,0.0,0.0,0.0,0.0,0.0,0.0
nuc_optimistic,56,56,new_utility_pv,CA_N,0.0,0.0,0.0,0.0,0.0,0.0,0.0
nuc_optimistic,57,57,new_utility_pv,CA_N,11995.573644537533,0.0,11995.573644537533,0.0,95945.15793290372,0.9130570929081068,10.639269896734731
nuc_optimistic,58,58,battery,CA_N,15408.044302952145,0.0,15408.044302952145,0.0,13688.649857703253,0.10141658678872668,1.5179217325365317
nuc_optimistic,59,59,nuclear,CA_N,0.0,0.0,0.0,0.0,0.0,0.0,0.0
nuc_optimistic,60,60,naturalgas_ccs100,CA_N,0.0,0.0,0.0,0.0,0.0,0.0,0.0
nuc_optimistic,61,61,naturalgas_ccccsavgcf,CA_S,0.0,0.0,0.0,0.0,0.0,0.0,0.0
nuc_optimistic,62,62,new_onshore_wind,CA_S,0.0,0.0,0.0,0.0,0.0,0.0,0.0
nuc_optimistic,63,63,new_onshore_wind,CA_S,0.0,0.0,0.0,0.0,0.0,0.0,0.0
nuc_optimistic,64,64,new_onshore_wind,CA_S,0.0,0.0,0.0,0.0,0.0,0.0,0.0
nuc_optimistic,65,65,new_utility_pv,CA_S,0.0,0.0,0.0,0.0,0.0,0.0,0.0
nuc_optimistic,66,66,new_utility_pv,CA_S,0.0,0.0,0.0,0.0,0.0,0.0,0.0
nuc_optimistic,67,67,new_utility_pv,CA_S,0.0,0.0,0.0,0.0,0.0,0.0,0.0
nuc_optimistic,68,68,new_utility_pv,CA_S,0.0,0.0,0.0,0.0,0.0,0.0,0.0
nuc_optimistic,69,69,new_utility_pv,CA_S,15080.943512870406,0.0,15080.943512870406,0.0,105186.49103307404,0.7962094871804067,11.664032783957222
nuc_optimistic,70,70,new_utility_pv,CA_S,0.0,0.0,0.0,0.0,0.0,0.0,0.0
nuc_optimistic,71,71,new_utility_pv,CA_S,0.0,0.0,0.0,0.0,0.0,0.0,0.0
nuc_optimistic,72,72,new_utility_pv,CA_S,0.0,0.0,0.0,0.0,0.0,0.0,0.0
nuc_optimistic,73,73,new_utility_pv,CA_S,0.0,0.0,0.0,0.0,0.0,0.0,0.0
nuc_optimistic,74,74,new_utility_pv,CA_S,0.0,0.0,0.0,0.0,0.0,0.0,0.0
nuc_optimistic,75,75,battery,CA_S,0.0,0.0,0.0,0.0,0.0,0.0,0.0
nuc_optimistic,76,76,nuclear,CA_S,0.0,0.0,0.0,0.0,0.0,0.0,0.0
nuc_optimistic,77,77,naturalgas_ccs100,CA_S,0.0,0.0,0.0,0.0,0.0,0.0,0.0
nuc_optimistic,78,78,naturalgas_ccccsavgcf,WECC_N,0.0,0.0,0.0,0.0,0.0,0.0,0.0
nuc_optimistic,79,79,new_onshore_wind,WECC_N,0.0,0.0,0.0,0.0,0.0,0.0,0.0
nuc_optimistic,80,80,new_onshore_wind,WECC_N,0.0,0.0,0.0,0.0,0.0,0.0,0.0
nuc_optimistic,81,81,new_onshore_wind,WECC_N,0.0,0.0,0.0,0.0,0.0,0.0,0.0
nuc_optimistic,82,82,new_onshore_wind,WECC_N,0.0,0.0,0.0,0.0,0.0,0.0,0.0
nuc_optimistic,83,83,new_onshore_wind,WECC_N,0.0,0.0,0.0,0.0,0.0,0.0,0.0
nuc_optimistic,84,84,new_onshore_wind,WECC_N,0.0,0.0,0.0,0.0,0.0,0.0,0.0
nuc_optimistic,85,85,new_utility_pv,WECC_N,0.0,0.0,0.0,0.0,0.0,0.0,0.0
nuc_optimistic,86,86,new_utility_pv,WECC_N,16185.632921353113,0.0,16185.632921353113,0.0,124009.26247674265,0.8746218680911366,13.751272514531093
nuc_optimistic,87,87,new_utility_pv,WECC_N,0.0,0.0,0.0,0.0,0.0,0.0,0.0
nuc_optimistic,88,88,new_utility_pv,WECC_N,0.0,0.0,0.0,0.0,0.0,0.0,0.0
nuc_optimistic,89,89,new_utility_pv,WECC_N,0.0,0.0,0.0,0.0,0.0,0.0,0.0
nuc_optimistic,90,90,new_utility_pv,WECC_N,0.0,0.0,0.0,0.0,0.0,0.0,0.0
nuc_optimistic,91,91,new_utility_pv,WECC_N,0.0,0.0,0.0,0.0,0.0,0.0,0.0
nuc_optimistic,92,92,new_utility_pv,WECC_N,0.0,0.0,0.0,0.0,0.0,0.0,0.0
nuc_optimistic,93,93,battery,WECC_N,0.0,0.0,0.0,0.0,0.0,0.0,0.0
nuc_optimistic,94,94,nuclear,WECC_N,0.0,0.0,0.0,0.0,0.0,0.0,0.0
nuc_optimistic,95,95,naturalgas_ccs100,WECC_N,0.0,0.0,0.0,0.0,0.0,0.0,0.0
nuc_optimistic,96,96,naturalgas_ccccsavgcf,WECC_NMAZ,0.0,0.0,0.0,0.0,0.0,0.0,0.0
nuc_optimistic,97,97,new_onshore_wind,WECC_NMAZ,0.0,0.0,0.0,0.0,0.0,0.0,0.0
nuc_optimistic,98,98,new_onshore_wind,WECC_NMAZ,0.0,0.0,0.0,0.0,0.0,0.0,0.0
nuc_optimistic,99,99,new_onshore_wind,WECC_NMAZ,0.0,0.0,0.0,0.0,0.0,0.0,0.0
nuc_optimistic,100,100,new_onshore_wind,WECC_NMAZ,0.0,0.0,0.0,0.0,0.0,0.0,0.0
nuc_optimistic,101,101,new_onshore_wind,WECC_NMAZ,0.0,0.0,0.0,0.0,0.0,0.0,0.0
nuc_optimistic,102,102,new_onshore_wind,WECC_NMAZ,0.0,0.0,0.0,0.0,0.0,0.0,0.0
nuc_optimistic,103,103,new_onshore_wind,WECC_NMAZ,0.0,0.0,0.0,0.0,0.0,0.0,0.0
nuc_optimistic,104,104,new_utility_pv,WECC_NMAZ,38055.5585593952,0.0,38055.5585593952,0.0,226544.48328461297,0.6795654396643612,25.121308393351686
nuc_optimistic,105,105,new_utility_pv,WECC_NMAZ,0.0,0.0,0.0,0.0,0.0,0.0,0.0
nuc_optimistic,106,106,new_utility_pv,WECC_NMAZ,0.0,0.0,0.0,0.0,0.0,0.0,0.0
nuc_optimistic,107,107,new_utility_pv,WECC_NMAZ,0.0,0.0,0.0,0.0,0.0,0.0,0.0
nuc_optimistic,108,108,new_utility_pv,WECC_NMAZ,0.0,0.0,0.0,0.0,0.0,0.0,0.0
nuc_optimistic,109,109,new_utility_pv,WECC_NMAZ,0.0,0.0,0.0,0.0,0.0,0.0,0.0
nuc_optimistic,110,110,new_utility_pv,WECC_NMAZ,0.0,0.0,0.0,0.0,0.0,0.0,0.0
nuc_optimistic,111,111,new_utility_pv,WECC_NMAZ,0.0,0.0,0.0,0.0,0.0,0.0,0.0
nuc_optimistic,112,112,new_utility_pv,WECC_NMAZ,0.0,0.0,0.0,0.0,0.0,0.0,0.0
nuc_optimistic,113,113,new_utility_pv,WECC_NMAZ,0.0,0.0,0.0,0.0,0.0,0.0,0.0
nuc_optimistic,114,114,new_utility_pv,WECC_NMAZ,0.0,0.0,0.0,0.0,0.0,0.0,0.0
nuc_optimistic,115,115,new_utility_pv,WECC_NMAZ,0.0,0.0,0.0,0.0,0.0,0.0,0.0
nuc_optimistic,116,116,battery,WECC_NMAZ,0.0,0.0,0.0,0.0,-8.549937314915491e-16,-8.549937314915492e-13,-9.480946475398268e-20
nuc_optimistic,117,117,nuclear,WECC_NMAZ,0.0,0.0,0.0,0.0,0.0,0.0,0.0
nuc_optimistic,118,118,naturalgas_ccs100,WECC_NMAZ,0.0,0.0,0.0,0.0,0.0,0.0,0.0
nuc_optimistic,119,119,naturalgas_ccccsavgcf,WECC_PNW,0.0,0.0,0.0,0.0,0.0,0.0,0.0
nuc_optimistic,120,120,new_onshore_wind,WECC_PNW,0.0,0.0,0.0,0.0,0.0,0.0,0.0
nuc_optimistic,121,121,new_floating_offshore_wind,WECC_PNW,0.0,0.0,0.0,0.0,0.0,0.0,0.0
nuc_optimistic,122,122,new_floating_offshore_wind,WECC_PNW,0.0,0.0,0.0,0.0,0.0,0.0,0.0
nuc_optimistic,123,123,new_floating_offshore_wind,WECC_PNW,0.0,0.0,0.0,0.0,0.0,0.0,0.0
nuc_optimistic,124,124,new_utility_pv,WECC_PNW,0.0,0.0,0.0,0.0,0.0,0.0,0.0
nuc_optimistic,125,125,battery,WECC_PNW,0.0,0.0,0.0,0.0,0.0,0.0,0.0
nuc_optimistic,126,126,nuclear,WECC_PNW,0.0,0.0,0.0,0.0,0.0,0.0,0.0
nuc_optimistic,127,127,naturalgas_ccs100,WECC_PNW,0.0,0.0,0.0,0.0,0.0,0.0,0.0
nuc_optimistic,128,128,naturalgas_ccccsavgcf,WECC_WYCO,0.0,0.0,0.0,0.0,0.0,0.0,0.0
nuc_optimistic,129,129,new_onshore_wind,WECC_WYCO,0.0,0.0,0.0,0.0,0.0,0.0,0.0
nuc_optimistic,130,130,new_onshore_wind,WECC_WYCO,0.0,0.0,0.0,0.0,0.0,0.0,0.0
nuc_optimistic,131,131,new_onshore_wind,WECC_WYCO,0.0,0.0,0.0,0.0,0.0,0.0,0.0
nuc_optimistic,132,132,new_onshore_wind,WECC_WYCO,0.0,0.0,0.0,0.0,0.0,0.0,0.0
nuc_optimistic,133,133,new_onshore_wind,WECC_WYCO,0.0,0.0,0.0,0.0,0.0,0.0,0.0
nuc_optimistic,134,134,new_onshore_wind,WECC_WYCO,0.0,0.0,0.0,0.0,0.0,0.0,0.0
nuc_optimistic,135,135,new_onshore_wind,WECC_WYCO,0.0,0.0,0.0,0.0,0.0,0.0,0.0
nuc_optimistic,136,136,new_utility_pv,WECC_WYCO,0.0,0.0,0.0,0.0,0.0,0.0,0.0
nuc_optimistic,137,137,new_utility_pv,WECC_WYCO,4776.7,0.0,4776.7,0.0,14761.451860720817,0.3527743514088225,1.6368837552354094
nuc_optimistic,138,138,new_utility_pv,WECC_WYCO,0.0,0.0,0.0,0.0,0.0,0.0,0.0
nuc_optimistic,139,139,new_utility_pv,WECC_WYCO,0.0,0.0,0.0,0.0,0.0,0.0,0.0
nuc_optimistic,140,140,new_utility_pv,WECC_WYCO,0.0,0.0,0.0,0.0,0.0,0.0,0.0
nuc_optimistic,141,141,battery,WECC_WYCO,0.0,0.0,0.0,0.0,0.0,0.0,0.0
nuc_optimistic,142,142,nuclear,WECC_WYCO,0.0,0.0,0.0,0.0,0.0,0.0,0.0
nuc_optimistic,143,143,naturalgas_ccs100,WECC_WYCO,0.0,0.0,0.0,0.0,0.0,0.0,0.0
nuc_optimistic,144,156,new_biogas_CCGT,CA_N,0.0,0.0,0.0,0.0,0.0,0.0,0.0
nuc_optimistic,145,157,new_biogas_CCGT,CA_S,0.0,0.0,0.0,0.0,0.0,0.0,0.0
nuc_optimistic,146,158,new_biogas_CCGT,WECC_N,0.0,0.0,0.0,0.0,0.0,0.0,0.0
nuc_optimistic,147,159,new_biogas_CCGT,WECC_NMAZ,0.0,0.0,0.0,0.0,0.0,0.0,0.0
nuc_optimistic,148,160,new_biogas_CCGT,WECC_PNW,0.0,0.0,0.0,0.0,0.0,0.0,0.0
nuc_optimistic,149,161,new_biogas_CCGT,WECC_WYCO,0.0,0.0,0.0,0.0,0.0,0.0,0.0
nuc_optimistic,150,162,biomass,WECC_PNW,0.0,28.4,0.0,28.4,0.0,0.0,0.0
nuc_optimistic,151,163,biomass,WECC_PNW,0.0,74.43,0.0,74.43,0.0,0.0,0.0
nuc_optimistic,152,164,conventional_hydroelectric,WECC_PNW,29850.0,29850.0,0.0,0.0,209044.87544583954,0.7994495898282874,23.180793052140547
nuc_optimistic,153,165,geothermal,WECC_PNW,14.49,14.49,0.0,0.0,14.212709169230536,0.11197069597069412,0.0015760341852893312
nuc_optimistic,154,166,geothermal,WECC_PNW,1.17,1.17,0.0,0.0,9.911801169643349,0.9670804716117698,0.001099110471842183
nuc_optimistic,155,167,hydroelectric_pumped_storage,WECC_PNW,214.0,214.0,0.0,0.0,466.7140549485123,0.2489619633361671,0.051753490245637745
nuc_optimistic,156,168,hydroelectric_pumped_storage,WECC_PNW,100.0,100.0,0.0,0.0,209.91507956864075,0.2396290862655716,0.02327728918313037
nuc_optimistic,157,169,nuclear,WECC_PNW,1163.0,1163.0,0.0,0.0,23.511553924385588,0.0023077965115790126,0.0026071744867844464
nuc_optimistic,158,170,onshore_wind_turbine,WECC_PNW,5254.0,5254.0,0.0,0.0,30570.146553077135,0.6642068437762821,3.3898953002753087
nuc_optimistic,159,171,solar_photovoltaic,WECC_PNW,209.9,209.9,0.0,0.0,223.20951294726265,0.12139370179932532,0.024751496614611505
optimistic_all,1,1,biomass,CA_N,36.72,36.72,0.0,0.0,136.93537661537945,0.4257051282051121,0.015184637365867615
optimistic_all,2,2,biomass,CA_N,0.0,33.06,0.0,33.06,0.0,0.0,0.0
optimistic_all,3,3,conventional_hydroelectric,CA_N,0.0,6607.44,0.0,6607.44,0.0,0.0,0.0
optimistic_all,4,4,geothermal,CA_N,542.55,542.55,0.0,0.0,4430.567832322452,0.9322137749487669,0.49130157247574724
optimistic_all,5,5,geothermal,CA_N,100.32,100.32,0.0,0.0,821.2022958532413,0.9344552862953176,0.0910623636839577
optimistic_all,6,6,hydroelectric_pumped_storage,CA_N,264.24598987500013,615.15,0.0,350.90401012499984,597.3256456635764,0.25804690215458487,0.06623688883706225
optimistic_all,7,7,hydroelectric_pumped_storage,CA_N,505.08075225000016,1175.8,0.0,670.7192477499998,1019.5568482213868,0.2304339801968807,0.11305771668933301
optimistic_all,8,8,onshore_wind_turbine,CA_N,1327.6,1327.6,0.0,0.0,1296.5030310182008,0.11148134160264142,0.14376802296353067
optimistic_all,9,9,small_hydroelectric,CA_N,231.4,231.4,0.0,0.0,666.5895337006485,0.32884483849579915,0.07391749737218986
optimistic_all,10,10,small_hydroelectric,CA_N,1.95,1.95,0.0,0.0,4.209883928571415,0.24645146520146438,0.000466830138330897
optimistic_all,11,11,solar_photovoltaic,CA_N,2787.1,2787.1,0.0,0.0,3544.878505250133,0.14519267196480937,0.3930883014947405
optimistic_all,12,12,biomass,CA_S,0.0,67.2,0.0,67.2,0.0,0.0,0.0
optimistic_all,13,13,biomass,CA_S,0.0,38.1,0.0,38.1,0.0,0.0,0.0
optimistic_all,14,14,conventional_hydroelectric,CA_S,0.0,1396.0,0.0,1396.0,0.0,0.0,0.0
optimistic_all,15,15,geothermal,CA_S,535.15,535.15,0.0,0.0,4404.781568485099,0.9396037488070598,0.4884421575088569
optimistic_all,16,16,geothermal,CA_S,73.02,73.02,0.0,0.0,636.8474827038507,0.9956105769230842,0.07061942882287683
optimistic_all,17,17,hydroelectric_pumped_storage,CA_S,1623.0,1623.0,0.0,0.0,2750.5396983888872,0.19346182997189987,0.30500480527956814
optimistic_all,18,18,hydroelectric_pumped_storage,CA_S,42.0,42.0,0.0,0.0,99.14835858720281,0.2694834708284486,0.010994469857094563
optimistic_all,19,19,onshore_wind_turbine,CA_S,4735.6,4735.6,0.0,0.0,9737.174395397002,0.23472201801580359,1.0797462702250227
optimistic_all,20,20,small_hydroelectric,CA_S,126.44,126.44,0.0,0.0,564.5183256452415,0.5096704463622371,0.06259891543867868
optimistic_all,21,21,small_hydroelectric,CA_S,7.0,7.0,0.0,0.0,14.718437177269019,0.24002669891175832,0.0016321138967388884
optimistic_all,22,22,solar_photovoltaic,CA_S,9520.0,9520.0,0.0,0.0,13687.036177799711,0.16412258952313455,1.517742793063289
optimistic_all,23,23,biomass,WECC_N,6.24,6.24,0.0,0.0,20.572997657142867,0.37636469780219795,0.0022813206979376945
optimistic_all,24,24,biomass,WECC_N,0.0,13.8,0.0,13.8,0.0,0.0,0.0
optimistic_all,25,25,conventional_hydroelectric,WECC_N,0.0,4648.1,0.0,4648.1,0.0,0.0,0.0
optimistic_all,26,26,geothermal,WECC_N,165.24,165.24,0.0,0.0,595.6849951341966,0.41152608460904555,0.06605495861604474
optimistic_all,27,27,geothermal,WECC_N,215.16,215.16,0.0,0.0,1807.9453687594364,0.9592231716905569,0.20048139115300426
optimistic_all,28,28,onshore_wind_turbine,WECC_N,3893.9,3893.9,0.0,0.0,3496.688132833953,0.10251041679738726,0.3877445156320037
optimistic_all,29,29,solar_photovoltaic,WECC_N,1185.7,1185.7,0.0,0.0,1105.0818592610901,0.10639360477011346,0.1225415061267213
optimistic_all,30,30,biomass,WECC_NMAZ,0.0,3.54,0.0,3.54,0.0,0.0,0.0
optimistic_all,31,31,biomass,WECC_NMAZ,0.0,11.4,0.0,11.4,0.0,0.0,0.0
optimistic_all,32,32,conventional_hydroelectric,WECC_NMAZ,0.0,3960.0,0.0,3960.0,0.0,0.0,0.0
optimistic_all,33,33,geothermal,WECC_NMAZ,0.68,0.68,0.0,0.0,5.906963621978237,0.9916336996337357,0.000655017737199093
optimistic_all,34,34,geothermal,WECC_NMAZ,2.66,2.66,0.0,0.0,23.091245446154307,0.990972527472547,0.002560566868055884
optimistic_all,35,35,hydroelectric_pumped_storage,WECC_NMAZ,119.0,119.0,0.0,0.0,283.0920892729564,0.2715667945137911,0.031391820163679134
optimistic_all,36,36,hydroelectric_pumped_storage,WECC_NMAZ,97.3,97.3,0.0,0.0,227.88451474296716,0.26736088398514124,0.025269903243396286
optimistic_all,37,37,nuclear,WECC_NMAZ,4002.99,4002.99,0.0,0.0,93.73401612984642,0.00267305942603128,0.010394078425591072
optimistic_all,38,38,onshore_wind_turbine,WECC_NMAZ,0.0,1235.1,0.0,1235.1,0.0,0.0,0.0
optimistic_all,39,39,solar_photovoltaic,WECC_NMAZ,6266.4,6266.4,0.0,0.0,7415.949804620606,0.1350966443890611,0.8223478204827418
optimistic_all,40,40,biomass,WECC_WYCO,0.0,4.8,0.0,4.8,0.0,0.0,0.0
optimistic_all,41,41,biomass,WECC_WYCO,0.0,8.04,0.0,8.04,0.0,0.0,0.0
optimistic_all,42,42,conventional_hydroelectric,WECC_WYCO,0.0,961.87,0.0,961.87,0.0,0.0,0.0
optimistic_all,43,43,hydroelectric_pumped_storage,WECC_WYCO,324.0,324.0,0.0,0.0,658.0114692254249,0.2318378534674393,0.07296628372983681
optimistic_all,44,44,hydroelectric_pumped_storage,WECC_WYCO,238.5,238.5,0.0,0.0,497.04425115859635,0.23790444997683216,0.05511677767412548
optimistic_all,45,45,onshore_wind_turbine,WECC_WYCO,5751.7,5751.7,0.0,0.0,48375.04769938719,0.9601101794440126,5.364264334226424
optimistic_all,46,46,solar_photovoltaic,WECC_WYCO,593.1,593.1,0.0,0.0,1715.9620109008786,0.33027495245954014,0.1902814416052688
optimistic_all,47,47,naturalgas_ccccsavgcf,CA_N,0.0,0.0,0.0,0.0,0.0,0.0,0.0
optimistic_all,48,48,new_onshore_wind,CA_N,0.0,0.0,0.0,0.0,0.0,0.0,0.0
optimistic_all,49,49,new_floating_offshore_wind,CA_N,0.0,0.0,0.0,0.0,0.0,0.0,0.0
optimistic_all,50,50,new_floating_offshore_wind,CA_N,0.0,0.0,0.0,0.0,0.0,0.0,0.0
optimistic_all,51,51,new_floating_offshore_wind,CA_N,0.0,0.0,0.0,0.0,0.0,0.0,0.0
optimistic_all,52,52,new_floating_offshore_wind,CA_N,0.0,0.0,0.0,0.0,0.0,0.0,0.0
optimistic_all,53,53,new_floating_offshore_wind,CA_N,0.0,0.0,0.0,0.0,0.0,0.0,0.0
optimistic_all,54,54,new_utility_pv,CA_N,0.0,0.0,0.0,0.0,0.0,0.0,0.0
optimistic_all,55,55,new_utility_pv,CA_N,0.0,0.0,0.0,0.0,0.0,0.0,0.0
optimistic_all,56,56,new_utility_pv,CA_N,0.0,0.0,0.0,0.0,0.0,0.0,0.0
optimistic_all,57,57,new_utility_pv,CA_N,12606.377409617178,0.0,12606.377409617178,0.0,99522.59812589674,0.9012126810240048,11.035968933691828
optimistic_all,58,58,battery,CA_N,18539.919373844554,0.0,18539.919373844554,0.0,22127.13363313941,0.13624269048856874,2.4536574000818048
optimistic_all,59,59,nuclear,CA_N,0.0,0.0,0.0,0.0,0.0,0.0,0.0
optimistic_all,60,60,naturalgas_ccs100,CA_N,0.0,0.0,0.0,0.0,0.0,0.0,0.0
optimistic_all,61,61,naturalgas_ccccsavgcf,CA_S,0.0,0.0,0.0,0.0,0.0,0.0,0.0
optimistic_all,62,62,new_onshore_wind,CA_S,0.0,0.0,0.0,0.0,0.0,0.0,0.0
optimistic_all,63,63,new_onshore_wind,CA_S,0.0,0.0,0.0,0.0,0.0,0.0,0.0
optimistic_all,64,64,new_onshore_wind,CA_S,0.0,0.0,0.0,0.0,0.0,0.0,0.0
optimistic_all,65,65,new_utility_pv,CA_S,0.0,0.0,0.0,0.0,0.0,0.0,0.0
optimistic_all,66,66,new_utility_pv,CA_S,0.0,0.0,0.0,0.0,0.0,0.0,0.0
optimistic_all,67,67,new_utility_pv,CA_S,0.0,0.0,0.0,0.0,0.0,0.0,0.0
optimistic_all,68,68,new_utility_pv,CA_S,0.0,0.0,0.0,0.0,0.0,0.0,0.0
optimistic_all,69,69,new_utility_pv,CA_S,15080.943512870406,0.0,15080.943512870406,0.0,105651.39758124003,0.7997285988141019,11.715585841446128
optimistic_all,70,70,new_utility_pv,CA_S,0.0,0.0,0.0,0.0,0.0,0.0,0.0
optimistic_all,71,71,new_utility_pv,CA_S,0.0,0.0,0.0,0.0,0.0,0.0,0.0
optimistic_all,72,72,new_utility_pv,CA_S,0.0,0.0,0.0,0.0,0.0,0.0,0.0
optimistic_all,73,73,new_utility_pv,CA_S,0.0,0.0,0.0,0.0,0.0,0.0,0.0
optimistic_all,74,74,new_utility_pv,CA_S,0.0,0.0,0.0,0.0,0.0,0.0,0.0
optimistic_all,75,75,battery,CA_S,0.0,0.0,0.0,0.0,0.0,0.0,0.0
optimistic_all,76,76,nuclear,CA_S,0.0,0.0,0.0,0.0,0.0,0.0,0.0
optimistic_all,77,77,naturalgas_ccs100,CA_S,0.0,0.0,0.0,0.0,0.0,0.0,0.0
optimistic_all,78,78,naturalgas_ccccsavgcf,WECC_N,0.0,0.0,0.0,0.0,0.0,0.0,0.0
optimistic_all,79,79,new_onshore_wind,WECC_N,0.0,0.0,0.0,0.0,0.0,0.0,0.0
optimistic_all,80,80,new_onshore_wind,WECC_N,0.0,0.0,0.0,0.0,0.0,0.0,0.0
optimistic_all,81,81,new_onshore_wind,WECC_N,0.0,0.0,0.0,0.0,0.0,0.0,0.0
optimistic_all,82,82,new_onshore_wind,WECC_N,0.0,0.0,0.0,0.0,0.0,0.0,0.0
optimistic_all,83,83,new_onshore_wind,WECC_N,0.0,0.0,0.0,0.0,0.0,0.0,0.0
optimistic_all,84,84,new_onshore_wind,WECC_N,0.0,0.0,0.0,0.0,0.0,0.0,0.0
optimistic_all,85,85,new_utility_pv,WECC_N,0.0,0.0,0.0,0.0,0.0,0.0,0.0
optimistic_all,86,86,new_utility_pv,WECC_N,15935.543979449218,0.0,15935.543979449218,0.0,121421.50355943841,0.8698104219528301,13.464318319634302
optimistic_all,87,87,new_utility_pv,WECC_N,0.0,0.0,0.0,0.0,0.0,0.0,0.0
optimistic_all,88,88,new_utility_pv,WECC_N,0.0,0.0,0.0,0.0,0.0,0.0,0.0
optimistic_all,89,89,new_utility_pv,WECC_N,0.0,0.0,0.0,0.0,0.0,0.0,0.0
optimistic_all,90,90,new_utility_pv,WECC_N,0.0,0.0,0.0,0.0,0.0,0.0,0.0
optimistic_all,91,91,new_utility_pv,WECC_N,0.0,0.0,0.0,0.0,0.0,0.0,0.0
optimistic_all,92,92,new_utility_pv,WECC_N,0.0,0.0,0.0,0.0,0.0,0.0,0.0
optimistic_all,93,93,battery,WECC_N,0.0,0.0,0.0,0.0,0.0,0.0,0.0
optimistic_all,94,94,nuclear,WECC_N,0.0,0.0,0.0,0.0,0.0,0.0,0.0
optimistic_all,95,95,naturalgas_ccs100,WECC_N,0.0,0.0,0.0,0.0,0.0,0.0,0.0
optimistic_all,96,96,naturalgas_ccccsavgcf,WECC_NMAZ,0.0,0.0,0.0,0.0,0.0,0.0,0.0
optimistic_all,97,97,new_onshore_wind,WECC_NMAZ,0.0,0.0,0.0,0.0,0.0,0.0,0.0
optimistic_all,98,98,new_onshore_wind,WECC_NMAZ,0.0,0.0,0.0,0.0,0.0,0.0,0.0
optimistic_all,99,99,new_onshore_wind,WECC_NMAZ,0.0,0.0,0.0,0.0,0.0,0.0,0.0
optimistic_all,100,100,new_onshore_wind,WECC_NMAZ,0.0,0.0,0.0,0.0,0.0,0.0,0.0
optimistic_all,101,101,new_onshore_wind,WECC_NMAZ,0.0,0.0,0.0,0.0,0.0,0.0,0.0
optimistic_all,102,102,new_onshore_wind,WECC_NMAZ,0.0,0.0,0.0,0.0,0.0,0.0,0.0
optimistic_all,103,103,new_onshore_wind,WECC_NMAZ,0.0,0.0,0.0,0.0,0.0,0.0,0.0
optimistic_all,104,104,new_utility_pv,WECC_NMAZ,38055.5585593952,0.0,38055.5585593952,0.0,222377.29245455822,0.6670651181931307,24.65921245326104
optimistic_all,105,105,new_utility_pv,WECC_NMAZ,0.0,0.0,0.0,0.0,0.0,0.0,0.0
optimistic_all,106,106,new_utility_pv,WECC_NMAZ,0.0,0.0,0.0,0.0,0.0,0.0,0.0
optimistic_all,107,107,new_utility_pv,WECC_NMAZ,0.0,0.0,0.0,0.0,0.0,0.0,0.0
optimistic_all,108,108,new_utility_pv,WECC_NMAZ,0.0,0.0,0.0,0.0,0.0,0.0,0.0
optimistic_all,109,109,new_utility_pv,WECC_NMAZ,0.0,0.0,0.0,0.0,0.0,0.0,0.0
optimistic_all,110,110,new_utility_pv,WECC_NMAZ,0.0,0.0,0.0,0.0,0.0,0.0,0.0
optimistic_all,111,111,new_utility_pv,WECC_NMAZ,0.0,0.0,0.0,0.0,0.0,0.0,0.0
optimistic_all,112,112,new_utility_pv,WECC_NMAZ,0.0,0.0,0.0,0.0,0.0,0.0,0.0
optimistic_all,113,113,new_utility_pv,WECC_NMAZ,0.0,0.0,0.0,0.0,0.0,0.0,0.0
optimistic_all,114,114,new_utility_pv,WECC_NMAZ,0.0,0.0,0.0,0.0,0.0,0.0,0.0
optimistic_all,115,115,new_utility_pv,WECC_NMAZ,0.0,0.0,0.0,0.0,0.0,0.0,0.0
optimistic_all,116,116,battery,WECC_NMAZ,0.0,0.0,0.0,0.0,0.0,0.0,0.0
optimistic_all,117,117,nuclear,WECC_NMAZ,0.0,0.0,0.0,0.0,0.0,0.0,0.0
optimistic_all,118,118,naturalgas_ccs100,WECC_NMAZ,0.0,0.0,0.0,0.0,0.0,0.0,0.0
optimistic_all,119,119,naturalgas_ccccsavgcf,WECC_PNW,0.0,0.0,0.0,0.0,0.0,0.0,0.0
optimistic_all,120,120,new_onshore_wind,WECC_PNW,0.0,0.0,0.0,0.0,0.0,0.0,0.0
optimistic_all,121,121,new_floating_offshore_wind,WECC_PNW,0.0,0.0,0.0,0.0,0.0,0.0,0.0
optimistic_all,122,122,new_floating_offshore_wind,WECC_PNW,0.0,0.0,0.0,0.0,0.0,0.0,0.0
optimistic_all,123,123,new_floating_offshore_wind,WECC_PNW,0.0,0.0,0.0,0.0,0.0,0.0,0.0
optimistic_all,124,124,new_utility_pv,WECC_PNW,0.0,0.0,0.0,0.0,0.0,0.0,0.0
optimistic_all,125,125,battery,WECC_PNW,0.0,0.0,0.0,0.0,0.0,0.0,0.0
optimistic_all,126,126,nuclear,WECC_PNW,0.0,0.0,0.0,0.0,0.0,0.0,0.0
optimistic_all,127,127,naturalgas_ccs100,WECC_PNW,0.0,0.0,0.0,0.0,0.0,0.0,0.0
optimistic_all,128,128,naturalgas_ccccsavgcf,WECC_WYCO,0.0,0.0,0.0,0.0,0.0,0.0,0.0
optimistic_all,129,129,new_onshore_wind,WECC_WYCO,0.0,0.0,0.0,0.0,0.0,0.0,0.0
optimistic_all,130,130,new_onshore_wind,WECC_WYCO,0.0,0.0,0.0,0.0,0.0,0.0,0.0
optimistic_all,131,131,new_onshore_wind,WECC_WYCO,0.0,0.0,0.0,0.0,0.0,0.0,0.0
optimistic_all,132,132,new_onshore_wind,WECC_WYCO,0.0,0.0,0.0,0.0,0.0,0.0,0.0
optimistic_all,133,133,new_onshore_wind,WECC_WYCO,0.0,0.0,0.0,0.0,0.0,0.0,0.0
optimistic_all,134,134,new_onshore_wind,WECC_WYCO,0.0,0.0,0.0,0.0,0.0,0.0,0.0
optimistic_all,135,135,new_onshore_wind,WECC_WYCO,0.0,0.0,0.0,0.0,0.0,0.0,0.0
optimistic_all,136,136,new_utility_pv,WECC_WYCO,0.0,0.0,0.0,0.0,0.0,0.0,0.0
optimistic_all,137,137,new_utility_pv,WECC_WYCO,4682.887458067334,0.0,4682.887458067334,0.0,16792.054744347985,0.4093417242435426,1.8620554324461076
optimistic_all,138,138,new_utility_pv,WECC_WYCO,0.0,0.0,0.0,0.0,0.0,0.0,0.0
optimistic_all,139,139,new_utility_pv,WECC_WYCO,0.0,0.0,0.0,0.0,0.0,0.0,0.0
optimistic_all,140,140,new_utility_pv,WECC_WYCO,0.0,0.0,0.0,0.0,0.0,0.0,0.0
optimistic_all,141,141,battery,WECC_WYCO,583.7743741920742,0.0,583.7743741920742,0.0,439.9897039798742,0.0860386090551383,0.04879005166367991
optimistic_all,142,142,nuclear,WECC_WYCO,0.0,0.0,0.0,0.0,0.0,0.0,0.0
optimistic_all,143,143,naturalgas_ccs100,WECC_WYCO,0.0,0.0,0.0,0.0,0.0,0.0,0.0
optimistic_all,144,156,new_biogas_CCGT,CA_N,0.0,0.0,0.0,0.0,0.0,0.0,0.0
optimistic_all,145,157,new_biogas_CCGT,CA_S,0.0,0.0,0.0,0.0,0.0,0.0,0.0
optimistic_all,146,158,new_biogas_CCGT,WECC_N,0.0,0.0,0.0,0.0,0.0,0.0,0.0
optimistic_all,147,159,new_biogas_CCGT,WECC_NMAZ,0.0,0.0,0.0,0.0,0.0,0.0,0.0
optimistic_all,148,160,new_biogas_CCGT,WECC_PNW,0.0,0.0,0.0,0.0,0.0,0.0,0.0
optimistic_all,149,161,new_biogas_CCGT,WECC_WYCO,0.0,0.0,0.0,0.0,0.0,0.0,0.0
optimistic_all,150,162,biomass,WECC_PNW,0.0,28.4,0.0,28.4,0.0,0.0,0.0
optimistic_all,151,163,biomass,WECC_PNW,0.0,74.43,0.0,74.43,0.0,0.0,0.0
optimistic_all,152,164,conventional_hydroelectric,WECC_PNW,27706.460174413267,29850.0,0.0,2143.539825586733,205101.37891384223,0.8450519940836939,22.743502366037372
optimistic_all,153,165,geothermal,WECC_PNW,14.49,14.49,0.0,0.0,18.643341548076602,0.14687614468864216,0.002067342915269432
optimistic_all,154,166,geothermal,WECC_PNW,1.17,1.17,0.0,0.0,9.846177428571911,0.9606776556777029,0.001091833515840081
optimistic_all,155,167,hydroelectric_pumped_storage,WECC_PNW,0.0,214.0,0.0,214.0,0.0,0.0,0.0
optimistic_all,156,168,hydroelectric_pumped_storage,WECC_PNW,0.0,100.0,0.0,100.0,0.0,0.0,0.0
optimistic_all,157,169,nuclear,WECC_PNW,1163.0,1163.0,0.0,0.0,26.23938873626375,0.002575549450549452,0.0029096615681812594
optimistic_all,158,170,onshore_wind_turbine,WECC_PNW,5254.0,5254.0,0.0,0.0,32133.500935505832,0.6981743184906701,3.5632542229896127
optimistic_all,159,171,solar_photovoltaic,WECC_PNW,209.9,209.9,0.0,0.0,286.04115466749647,0.15556503024243792,0.031718839299940016
geo_moderate,1,1,biomass,CA_N,36.72,36.72,0.0,0.0,136.9140941472476,0.4256389652014491,0.015182277372644383
geo_moderate,2,2,biomass,CA_N,0.0,33.06,0.0,33.06,0.0,0.0,0.0
geo_moderate,3,3,conventional_hydroelectric,CA_N,0.0,6607.44,0.0,6607.44,0.0,0.0,0.0
geo_moderate,4,4,geothermal,CA_N,542.55,542.55,0.0,0.0,4482.3046267324535,0.9430994569303954,0.4970386177960001
geo_moderate,5,5,geothermal,CA_N,100.32,100.32,0.0,0.0,841.0637530549632,0.9570558608058815,0.09326478231835444
geo_moderate,6,6,hydroelectric_pumped_storage,CA_N,615.15,615.15,0.0,0.0,1210.1049997021462,0.22456285482995503,0.13418742511448792
geo_moderate,7,7,hydroelectric_pumped_storage,CA_N,1175.8,1175.8,0.0,0.0,2154.9942169761757,0.20922257700927763,0.23896531721116915
geo_moderate,8,8,onshore_wind_turbine,CA_N,1327.6,1327.6,0.0,0.0,1360.7760615919888,0.11700793390964613,0.1508951999267894
geo_moderate,9,9,small_hydroelectric,CA_N,231.4,231.4,0.0,0.0,569.8398972750011,0.2811158884351955,0.06318901959884292
geo_moderate,10,10,small_hydroelectric,CA_N,1.95,1.95,0.0,0.0,3.2889107142857332,0.19253663003663116,0.00036470426970393674
geo_moderate,11,11,solar_photovoltaic,CA_N,2787.1,2787.1,0.0,0.0,3550.6397476913266,0.14542864343255787,0.3937271603448687
geo_moderate,12,12,biomass,CA_S,0.0,67.2,0.0,67.2,0.0,0.0,0.0
geo_moderate,13,13,biomass,CA_S,0.0,38.1,0.0,38.1,0.0,0.0,0.0
geo_moderate,14,14,conventional_hydroelectric,CA_S,0.0,1396.0,0.0,1396.0,0.0,0.0,0.0
geo_moderate,15,15,geothermal,CA_S,535.15,535.15,0.0,0.0,4453.417673581136,0.9499785349264377,0.49383537025654506
geo_moderate,16,16,geothermal,CA_S,73.02,73.02,0.0,0.0,637.74267317344,0.9970100660065612,0.0707186956667712
geo_moderate,17,17,hydroelectric_pumped_storage,CA_S,1623.0,1623.0,0.0,0.0,2584.051670369425,0.18175173591729515,0.2865431017101926
geo_moderate,18,18,hydroelectric_pumped_storage,CA_S,42.0,42.0,0.0,0.0,98.82835363801651,0.26861370308223664,0.010958984804007622
geo_moderate,19,19,onshore_wind_turbine,CA_S,4735.6,4735.6,0.0,0.0,9142.624655579304,0.220389942911269,1.0138171990218932
geo_moderate,20,20,small_hydroelectric,CA_S,126.44,126.44,0.0,0.0,561.1711247456251,0.5066484552255958,0.062227747424191536
geo_moderate,21,21,small_hydroelectric,CA_S,7.0,7.0,0.0,0.0,14.901054807692153,0.24300480769230517,0.0016523641970128493
geo_moderate,22,22,solar_photovoltaic,CA_S,9520.0,9520.0,0.0,0.0,14766.866707199573,0.1770709430182981,1.6374842025573801
geo_moderate,23,23,biomass,WECC_N,6.24,6.24,0.0,0.0,20.557329771428584,0.37607806776556796,0.0022795833005701065
geo_moderate,24,24,biomass,WECC_N,0.0,13.8,0.0,13.8,0.0,0.0,0.0
geo_moderate,25,25,conventional_hydroelectric,WECC_N,0.0,4648.1,0.0,4648.1,0.0,0.0,0.0
geo_moderate,26,26,geothermal,WECC_N,165.24,165.24,0.0,0.0,544.5663831452405,0.3762110398885974,0.06038646297317657
geo_moderate,27,27,geothermal,WECC_N,215.16,215.16,0.0,0.0,1846.2178501232813,0.979529012562002,0.2047253912424351
geo_moderate,28,28,onshore_wind_turbine,WECC_N,3893.9,3893.9,0.0,0.0,3089.728806965355,0.09057982175156513,0.3426171720724974
geo_moderate,29,29,solar_photovoltaic,WECC_N,1185.7,1185.7,0.0,0.0,1221.799496678243,0.11763079057765646,0.13548421707685304
geo_moderate,30,30,biomass,WECC_NMAZ,0.0,3.54,0.0,3.54,0.0,0.0,0.0
geo_moderate,31,31,biomass,WECC_NMAZ,0.0,11.4,0.0,11.4,0.0,0.0,0.0
geo_moderate,32,32,conventional_hydroelectric,WECC_NMAZ,0.0,3960.0,0.0,3960.0,0.0,0.0,0.0
geo_moderate,33,33,geothermal,WECC_NMAZ,0.68,0.68,0.0,0.0,5.523846465934246,0.9273177655677957,0.0006125342298180125
geo_moderate,34,34,geothermal,WECC_NMAZ,2.66,2.66,0.0,0.0,21.450819207692582,0.9205728021978138,0.002378661518451011
geo_moderate,35,35,hydroelectric_pumped_storage,WECC_NMAZ,119.0,119.0,0.0,0.0,270.3280982146158,0.2593224532967037,0.029976432990892764
geo_moderate,36,36,hydroelectric_pumped_storage,WECC_NMAZ,97.3,97.3,0.0,0.0,223.37060593884576,0.26206503205128157,0.024769360067576206
geo_moderate,37,37,nuclear,WECC_NMAZ,4002.99,4002.99,0.0,0.0,85.271249987167,0.0024317225267710277,0.00945565010878242
geo_moderate,38,38,onshore_wind_turbine,WECC_NMAZ,0.0,1235.1,0.0,1235.1,0.0,0.0,0.0
geo_moderate,39,39,solar_photovoltaic,WECC_NMAZ,6266.4,6266.4,0.0,0.0,8560.605201980265,0.1559488760302148,0.9492775996778532
geo_moderate,40,40,biomass,WECC_WYCO,0.0,4.8,0.0,4.8,0.0,0.0,0.0
geo_moderate,41,41,biomass,WECC_WYCO,0.0,8.04,0.0,8.04,0.0,0.0,0.0
geo_moderate,42,42,conventional_hydroelectric,WECC_WYCO,0.0,961.87,0.0,961.87,0.0,0.0,0.0
geo_moderate,43,43,hydroelectric_pumped_storage,WECC_WYCO,324.0,324.0,0.0,0.0,648.3283874758027,0.22842620337808037,0.07189253574311276
geo_moderate,44,44,hydroelectric_pumped_storage,WECC_WYCO,238.5,238.5,0.0,0.0,510.95745324661317,0.24456384233968637,0.05665959979596452
geo_moderate,45,45,onshore_wind_turbine,WECC_WYCO,5751.7,5751.7,0.0,0.0,48821.5066563207,0.9689711482624732,5.413771755371657
geo_moderate,46,46,solar_photovoltaic,WECC_WYCO,593.1,593.1,0.0,0.0,1523.7132382743953,0.2932724117061572,0.16896315287287103
geo_moderate,47,47,naturalgas_ccccsavgcf,CA_N,0.0,0.0,0.0,0.0,0.0,0.0,0.0
geo_moderate,48,48,new_onshore_wind,CA_N,0.0,0.0,0.0,0.0,0.0,0.0,0.0
geo_moderate,49,49,new_floating_offshore_wind,CA_N,0.0,0.0,0.0,0.0,0.0,0.0,0.0
geo_moderate,50,50,new_floating_offshore_wind,CA_N,0.0,0.0,0.0,0.0,0.0,0.0,0.0
geo_moderate,51,51,new_floating_offshore_wind,CA_N,0.0,0.0,0.0,0.0,0.0,0.0,0.0
geo_moderate,52,52,new_floating_offshore_wind,CA_N,0.0,0.0,0.0,0.0,0.0,0.0,0.0
geo_moderate,53,53,new_floating_offshore_wind,CA_N,0.0,0.0,0.0,0.0,0.0,0.0,0.0
geo_moderate,54,54,new_utility_pv,CA_N,0.0,0.0,0.0,0.0,0.0,0.0,0.0
geo_moderate,55,55,new_utility_pv,CA_N,0.0,0.0,0.0,0.0,0.0,0.0,0.0
geo_moderate,56,56,new_utility_pv,CA_N,0.0,0.0,0.0,0.0,0.0,0.0,0.0
geo_moderate,57,57,new_utility_pv,CA_N,11995.573644537533,0.0,11995.573644537533,0.0,97748.15288846727,0.9302152003949492,10.839202341143302
geo_moderate,58,58,battery,CA_N,15408.044302952161,0.0,15408.044302952161,0.0,14076.564094031935,0.10429056911891756,1.5609371837172237
geo_moderate,59,59,nuclear,CA_N,0.0,0.0,0.0,0.0,0.0,0.0,0.0
geo_moderate,60,60,naturalgas_ccs100,CA_N,0.0,0.0,0.0,0.0,0.0,0.0,0.0
geo_moderate,61,61,naturalgas_ccccsavgcf,CA_S,0.0,0.0,0.0,0.0,0.0,0.0,0.0
geo_moderate,62,62,new_onshore_wind,CA_S,0.0,0.0,0.0,0.0,0.0,0.0,0.0
geo_moderate,63,63,new_onshore_wind,CA_S,0.0,0.0,0.0,0.0,0.0,0.0,0.0
geo_moderate,64,64,new_onshore_wind,CA_S,0.0,0.0,0.0,0.0,0.0,0.0,0.0
geo_moderate,65,65,new_utility_pv,CA_S,0.0,0.0,0.0,0.0,0.0,0.0,0.0
geo_moderate,66,66,new_utility_pv,CA_S,0.0,0.0,0.0,0.0,0.0,0.0,0.0
geo_moderate,67,67,new_utility_pv,CA_S,0.0,0.0,0.0,0.0,0.0,0.0,0.0
geo_moderate,68,68,new_utility_pv,CA_S,0.0,0.0,0.0,0.0,0.0,0.0,0.0
geo_moderate,69,69,new_utility_pv,CA_S,15080.943512870406,0.0,15080.943512870406,0.0,105898.73594125951,0.8016008273375271,11.743012963614225
geo_moderate,70,70,new_utility_pv,CA_S,0.0,0.0,0.0,0.0,0.0,0.0,0.0
geo_moderate,71,71,new_utility_pv,CA_S,0.0,0.0,0.0,0.0,0.0,0.0,0.0
geo_moderate,72,72,new_utility_pv,CA_S,0.0,0.0,0.0,0.0,0.0,0.0,0.0
geo_moderate,73,73,new_utility_pv,CA_S,0.0,0.0,0.0,0.0,0.0,0.0,0.0
geo_moderate,74,74,new_utility_pv,CA_S,0.0,0.0,0.0,0.0,0.0,0.0,0.0
geo_moderate,75,75,battery,CA_S,0.0,0.0,0.0,0.0,0.0,0.0,0.0
geo_moderate,76,76,nuclear,CA_S,0.0,0.0,0.0,0.0,0.0,0.0,0.0
geo_moderate,77,77,naturalgas_ccs100,CA_S,0.0,0.0,0.0,0.0,0.0,0.0,0.0
geo_moderate,78,78,naturalgas_ccccsavgcf,WECC_N,0.0,0.0,0.0,0.0,0.0,0.0,0.0
geo_moderate,79,79,new_onshore_wind,WECC_N,0.0,0.0,0.0,0.0,0.0,0.0,0.0
geo_moderate,80,80,new_onshore_wind,WECC_N,0.0,0.0,0.0,0.0,0.0,0.0,0.0
geo_moderate,81,81,new_onshore_wind,WECC_N,0.0,0.0,0.0,0.0,0.0,0.0,0.0
geo_moderate,82,82,new_onshore_wind,WECC_N,0.0,0.0,0.0,0.0,0.0,0.0,0.0
geo_moderate,83,83,new_onshore_wind,WECC_N,0.0,0.0,0.0,0.0,0.0,0.0,0.0
geo_moderate,84,84,new_onshore_wind,WECC_N,0.0,0.0,0.0,0.0,0.0,0.0,0.0
geo_moderate,85,85,new_utility_pv,WECC_N,0.0,0.0,0.0,0.0,0.0,0.0,0.0
geo_moderate,86,86,new_utility_pv,WECC_N,16185.6329213531,0.0,16185.6329213531,0.0,128516.15926446053,0.9064084492629028,14.251038134332248
geo_moderate,87,87,new_utility_pv,WECC_N,0.0,0.0,0.0,0.0,0.0,0.0,0.0
geo_moderate,88,88,new_utility_pv,WECC_N,0.0,0.0,0.0,0.0,0.0,0.0,0.0
geo_moderate,89,89,new_utility_pv,WECC_N,0.0,0.0,0.0,0.0,0.0,0.0,0.0
geo_moderate,90,90,new_utility_pv,WECC_N,0.0,0.0,0.0,0.0,0.0,0.0,0.0
geo_moderate,91,91,new_utility_pv,WECC_N,0.0,0.0,0.0,0.0,0.0,0.0,0.0
geo_moderate,92,92,new_utility_pv,WECC_N,0.0,0.0,0.0,0.0,0.0,0.0,0.0
geo_moderate,93,93,battery,WECC_N,0.0,0.0,0.0,0.0,0.0,0.0,0.0
geo_moderate,94,94,nuclear,WECC_N,0.0,0.0,0.0,0.0,0.0,0.0,0.0
geo_moderate,95,95,naturalgas_ccs100,WECC_N,0.0,0.0,0.0,0.0,0.0,0.0,0.0
geo_moderate,96,96,naturalgas_ccccsavgcf,WECC_NMAZ,0.0,0.0,0.0,0.0,0.0,0.0,0.0
geo_moderate,97,97,new_onshore_wind,WECC_NMAZ,0.0,0.0,0.0,0.0,0.0,0.0,0.0
geo_moderate,98,98,new_onshore_wind,WECC_NMAZ,0.0,0.0,0.0,0.0,0.0,0.0,0.0
geo_moderate,99,99,new_onshore_wind,WECC_NMAZ,0.0,0.0,0.0,0.0,0.0,0.0,0.0
geo_moderate,100,100,new_onshore_wind,WECC_NMAZ,0.0,0.0,0.0,0.0,0.0,0.0,0.0
geo_moderate,101,101,new_onshore_wind,WECC_NMAZ,0.0,0.0,0.0,0.0,0.0,0.0,0.0
geo_moderate,102,102,new_onshore_wind,WECC_NMAZ,0.0,0.0,0.0,0.0,0.0,0.0,0.0
geo_moderate,103,103,new_onshore_wind,WECC_NMAZ,0.0,0.0,0.0,0.0,0.0,0.0,0.0
geo_moderate,104,104,new_utility_pv,WECC_NMAZ,38055.5585593952,0.0,38055.5585593952,0.0,217057.85536675248,0.6511084038607842,24.069344990481483
geo_moderate,105,105,new_utility_pv,WECC_NMAZ,0.0,0.0,0.0,0.0,0.0,0.0,0.0
geo_moderate,106,106,new_utility_pv,WECC_NMAZ,0.0,0.0,0.0,0.0,0.0,0.0,0.0
geo_moderate,107,107,new_utility_pv,WECC_NMAZ,0.0,0.0,0.0,0.0,0.0,0.0,0.0
geo_moderate,108,108,new_utility_pv,WECC_NMAZ,0.0,0.0,0.0,0.0,0.0,0.0,0.0
geo_moderate,109,109,new_utility_pv,WECC_NMAZ,0.0,0.0,0.0,0.0,0.0,0.0,0.0
geo_moderate,110,110,new_utility_pv,WECC_NMAZ,0.0,0.0,0.0,0.0,0.0,0.0,0.0
geo_moderate,111,111,new_utility_pv,WECC_NMAZ,0.0,0.0,0.0,0.0,0.0,0.0,0.0
geo_moderate,112,112,new_utility_pv,WECC_NMAZ,0.0,0.0,0.0,0.0,0.0,0.0,0.0
geo_moderate,113,113,new_utility_pv,WECC_NMAZ,0.0,0.0,0.0,0.0,0.0,0.0,0.0
geo_moderate,114,114,new_utility_pv,WECC_NMAZ,0.0,0.0,0.0,0.0,0.0,0.0,0.0
geo_moderate,115,115,new_utility_pv,WECC_NMAZ,0.0,0.0,0.0,0.0,0.0,0.0,0.0
geo_moderate,116,116,battery,WECC_NMAZ,0.0,0.0,0.0,0.0,0.0,0.0,0.0
geo_moderate,117,117,nuclear,WECC_NMAZ,0.0,0.0,0.0,0.0,0.0,0.0,0.0
geo_moderate,118,118,naturalgas_ccs100,WECC_NMAZ,0.0,0.0,0.0,0.0,0.0,0.0,0.0
geo_moderate,119,119,naturalgas_ccccsavgcf,WECC_PNW,0.0,0.0,0.0,0.0,0.0,0.0,0.0
geo_moderate,120,120,new_onshore_wind,WECC_PNW,0.0,0.0,0.0,0.0,0.0,0.0,0.0
geo_moderate,121,121,new_floating_offshore_wind,WECC_PNW,0.0,0.0,0.0,0.0,0.0,0.0,0.0
geo_moderate,122,122,new_floating_offshore_wind,WECC_PNW,0.0,0.0,0.0,0.0,0.0,0.0,0.0
geo_moderate,123,123,new_floating_offshore_wind,WECC_PNW,0.0,0.0,0.0,0.0,0.0,0.0,0.0
geo_moderate,124,124,new_utility_pv,WECC_PNW,0.0,0.0,0.0,0.0,0.0,0.0,0.0
geo_moderate,125,125,battery,WECC_PNW,0.0,0.0,0.0,0.0,0.0,0.0,0.0
geo_moderate,126,126,nuclear,WECC_PNW,0.0,0.0,0.0,0.0,0.0,0.0,0.0
geo_moderate,127,127,naturalgas_ccs100,WECC_PNW,0.0,0.0,0.0,0.0,0.0,0.0,0.0
geo_moderate,128,128,naturalgas_ccccsavgcf,WECC_WYCO,0.0,0.0,0.0,0.0,0.0,0.0,0.0
geo_moderate,129,129,new_onshore_wind,WECC_WYCO,0.0,0.0,0.0,0.0,0.0,0.0,0.0
geo_moderate,130,130,new_onshore_wind,WECC_WYCO,0.0,0.0,0.0,0.0,0.0,0.0,0.0
geo_moderate,131,131,new_onshore_wind,WECC_WYCO,0.0,0.0,0.0,0.0,0.0,0.0,0.0
geo_moderate,132,132,new_onshore_wind,WECC_WYCO,0.0,0.0,0.0,0.0,0.0,0.0,0.0
geo_moderate,133,133,new_onshore_wind,WECC_WYCO,0.0,0.0,0.0,0.0,0.0,0.0,0.0
geo_moderate,134,134,new_onshore_wind,WECC_WYCO,0.0,0.0,0.0,0.0,0.0,0.0,0.0
geo_moderate,135,135,new_onshore_wind,WECC_WYCO,0.0,0.0,0.0,0.0,0.0,0.0,0.0
geo_moderate,136,136,new_utility_pv,WECC_WYCO,0.0,0.0,0.0,0.0,0.0,0.0,0.0
geo_moderate,137,137,new_utility_pv,WECC_WYCO,4776.7,0.0,4776.7,0.0,15606.94408503357,0.37298022098502626,1.7306396066390273
geo_moderate,138,138,new_utility_pv,WECC_WYCO,0.0,0.0,0.0,0.0,0.0,0.0,0.0
geo_moderate,139,139,new_utility_pv,WECC_WYCO,0.0,0.0,0.0,0.0,0.0,0.0,0.0
geo_moderate,140,140,new_utility_pv,WECC_WYCO,0.0,0.0,0.0,0.0,0.0,0.0,0.0
geo_moderate,141,141,battery,WECC_WYCO,0.0,0.0,0.0,0.0,0.0,0.0,0.0
geo_moderate,142,142,nuclear,WECC_WYCO,0.0,0.0,0.0,0.0,0.0,0.0,0.0
geo_moderate,143,143,naturalgas_ccs100,WECC_WYCO,0.0,0.0,0.0,0.0,0.0,0.0,0.0
geo_moderate,144,156,new_biogas_CCGT,CA_N,0.0,0.0,0.0,0.0,0.0,0.0,0.0
geo_moderate,145,157,new_biogas_CCGT,CA_S,0.0,0.0,0.0,0.0,0.0,0.0,0.0
geo_moderate,146,158,new_biogas_CCGT,WECC_N,0.0,0.0,0.0,0.0,0.0,0.0,0.0
geo_moderate,147,159,new_biogas_CCGT,WECC_NMAZ,0.0,0.0,0.0,0.0,0.0,0.0,0.0
geo_moderate,148,160,new_biogas_CCGT,WECC_PNW,0.0,0.0,0.0,0.0,0.0,0.0,0.0
geo_moderate,149,161,new_biogas_CCGT,WECC_WYCO,0.0,0.0,0.0,0.0,0.0,0.0,0.0
geo_moderate,150,162,biomass,WECC_PNW,0.0,28.4,0.0,28.4,0.0,0.0,0.0
geo_moderate,151,163,biomass,WECC_PNW,0.0,74.43,0.0,74.43,0.0,0.0,0.0
geo_moderate,152,164,conventional_hydroelectric,WECC_PNW,29850.0,29850.0,0.0,0.0,205219.02023781367,0.7848183850677041,22.756547503735895
geo_moderate,153,165,geothermal,WECC_PNW,14.49,14.49,0.0,0.0,14.92821501923054,0.11760760073259892,0.0016553759677705917
geo_moderate,154,166,geothermal,WECC_PNW,1.17,1.17,0.0,0.0,10.007253883929081,0.9763936584249583,0.0011096951351179682
geo_moderate,155,167,hydroelectric_pumped_storage,WECC_PNW,214.0,214.0,0.0,0.0,463.2807801874972,0.2471305318287763,0.051372777580204115
geo_moderate,156,168,hydroelectric_pumped_storage,WECC_PNW,100.0,100.0,0.0,0.0,190.851487860746,0.21786699527482423,0.02116334511600732
geo_moderate,157,169,nuclear,WECC_PNW,1163.0,1163.0,0.0,0.0,23.817078538226454,0.002337785539113776,0.002641053828866741
geo_moderate,158,170,onshore_wind_turbine,WECC_PNW,5254.0,5254.0,0.0,0.0,30561.585415450027,0.6640208333431111,3.3889459636355
geo_moderate,159,171,solar_photovoltaic,WECC_PNW,209.9,209.9,0.0,0.0,222.61180413457188,0.12106863462627991,0.0246852172367369
geo_optimistic,1,1,biomass,CA_N,36.72,36.72,0.0,0.0,136.9140941472476,0.4256389652014491,0.015182277372644383
geo_optimistic,2,2,biomass,CA_N,0.0,33.06,0.0,33.06,0.0,0.0,0.0
geo_optimistic,3,3,conventional_hydroelectric,CA_N,0.0,6607.44,0.0,6607.44,0.0,0.0,0.0
geo_optimistic,4,4,geothermal,CA_N,542.55,542.55,0.0,0.0,4392.155996570715,0.9241317313453244,0.4870421195070256
geo_optimistic,5,5,geothermal,CA_N,100.32,100.32,0.0,0.0,817.4434767022493,0.9301780839012072,0.09064555170196706
geo_optimistic,6,6,hydroelectric_pumped_storage,CA_N,615.15,615.15,0.0,0.0,1149.1011870477494,0.21324219230186447,0.12742276870510608
geo_optimistic,7,7,hydroelectric_pumped_storage,CA_N,1175.8,1175.8,0.0,0.0,1676.7598028700388,0.1627920874304213,0.1859343449849295
geo_optimistic,8,8,onshore_wind_turbine,CA_N,1327.6,1327.6,0.0,0.0,1235.933212894482,0.10627317438396768,0.13705149180658543
geo_optimistic,9,9,small_hydroelectric,CA_N,231.4,231.4,0.0,0.0,545.779428135012,0.2692462734945774,0.0605209764110729
geo_optimistic,10,10,small_hydroelectric,CA_N,1.95,1.95,0.0,0.0,3.1683443728544196,0.1854785372236518,0.00035133477952240346
geo_optimistic,11,11,solar_photovoltaic,CA_N,2787.1,2787.1,0.0,0.0,3001.606767455756,0.12294111239894351,0.33284540054809186
geo_optimistic,12,12,biomass,CA_S,0.0,67.2,0.0,67.2,0.0,0.0,0.0
geo_optimistic,13,13,biomass,CA_S,0.0,38.1,0.0,38.1,0.0,0.0,0.0
geo_optimistic,14,14,conventional_hydroelectric,CA_S,0.0,1396.0,0.0,1396.0,0.0,0.0,0.0
geo_optimistic,15,15,geothermal,CA_S,535.15,535.15,0.0,0.0,4333.806842367411,0.9244638110612549,0.48057183572001816
geo_optimistic,16,16,geothermal,CA_S,73.02,73.02,0.0,0.0,635.8326451269273,0.9940240384615451,0.07050689442182048
geo_optimistic,17,17,hydroelectric_pumped_storage,CA_S,1623.0,1623.0,0.0,0.0,2651.6490195794718,0.18650625987020705,0.29403890929490106
geo_optimistic,18,18,hydroelectric_pumped_storage,CA_S,42.0,42.0,0.0,0.0,99.70725668209978,0.2710025458852462,0.011056445550339428
geo_optimistic,19,19,onshore_wind_turbine,CA_S,4735.6,4735.6,0.0,0.0,8188.626099575326,0.19739307984232052,0.9080291807717226
geo_optimistic,20,20,small_hydroelectric,CA_S,126.44,126.44,0.0,0.0,461.1385419242432,0.41633491034808073,0.05113522675891295
geo_optimistic,21,21,small_hydroelectric,CA_S,7.0,7.0,0.0,0.0,12.035524038461261,0.19627403846153393,0.0013346081381550839
geo_optimistic,22,22,solar_photovoltaic,CA_S,9520.0,9520.0,0.0,0.0,11529.189381974566,0.13824763753758687,1.2784611560197303
geo_optimistic,23,23,biomass,WECC_N,6.24,6.24,0.0,0.0,20.557329771428584,0.37607806776556796,0.0022795833005701065
geo_optimistic,24,24,biomass,WECC_N,0.0,13.8,0.0,13.8,0.0,0.0,0.0
geo_optimistic,25,25,conventional_hydroelectric,WECC_N,0.0,4648.1,0.0,4648.1,0.0,0.0,0.0
geo_optimistic,26,26,geothermal,WECC_N,165.24,165.24,0.0,0.0,529.4587803293579,0.3657740258871818,0.05871119485841408
geo_optimistic,27,27,geothermal,WECC_N,215.16,215.16,0.0,0.0,1790.997360957562,0.9502312397005405,0.19860204223013106
geo_optimistic,28,28,onshore_wind_turbine,WECC_N,3893.9,3893.9,0.0,0.0,2874.191769253089,0.08426104503147731,0.3187164691462785
geo_optimistic,29,29,solar_photovoltaic,WECC_N,1185.7,1185.7,0.0,0.0,877.4679659399701,0.08447969639921105,0.09730161184270243
geo_optimistic,30,30,biomass,WECC_NMAZ,0.0,3.54,0.0,3.54,0.0,0.0,0.0
geo_optimistic,31,31,biomass,WECC_NMAZ,0.0,11.4,0.0,11.4,0.0,0.0,0.0
geo_optimistic,32,32,conventional_hydroelectric,WECC_NMAZ,0.0,3960.0,0.0,3960.0,0.0,0.0,0.0
geo_optimistic,33,33,geothermal,WECC_NMAZ,0.68,0.68,0.0,0.0,5.426899136813355,0.9110426968864751,0.0006017838300843851
geo_optimistic,34,34,geothermal,WECC_NMAZ,2.66,2.66,0.0,0.0,21.06573466153866,0.9040467032967117,0.002335959848998778
geo_optimistic,35,35,hydroelectric_pumped_storage,WECC_NMAZ,119.0,119.0,0.0,0.0,277.34735810988127,0.26605594385276976,0.030754792233922836
geo_optimistic,36,36,hydroelectric_pumped_storage,WECC_NMAZ,97.3,97.3,0.0,0.0,229.61770980029084,0.2693943199260054,0.02546209564159369
geo_optimistic,37,37,nuclear,WECC_NMAZ,4002.99,4002.99,0.0,0.0,85.57677460100784,0.0024404353237110466,0.009489529450864714
geo_optimistic,38,38,onshore_wind_turbine,WECC_NMAZ,0.0,1235.1,0.0,1235.1,0.0,0.0,0.0
geo_optimistic,39,39,solar_photovoltaic,WECC_NMAZ,6266.4,6266.4,0.0,0.0,5913.396473917114,0.10772457225513521,0.6557310702057604
geo_optimistic,40,40,biomass,WECC_WYCO,0.0,4.8,0.0,4.8,0.0,0.0,0.0
geo_optimistic,41,41,biomass,WECC_WYCO,0.0,8.04,0.0,8.04,0.0,0.0,0.0
geo_optimistic,42,42,conventional_hydroelectric,WECC_WYCO,0.0,961.87,0.0,961.87,0.0,0.0,0.0
geo_optimistic,43,43,hydroelectric_pumped_storage,WECC_WYCO,324.0,324.0,0.0,0.0,591.0541697310007,0.208246719703408,0.0655414506666002
geo_optimistic,44,44,hydroelectric_pumped_storage,WECC_WYCO,238.5,238.5,0.0,0.0,453.38948776212493,0.2170096052009443,0.05027594130406127
geo_optimistic,45,45,onshore_wind_turbine,WECC_WYCO,5751.7,5751.7,0.0,0.0,47873.48760524714,0.9501556062727522,5.308646798897341
geo_optimistic,46,46,solar_photovoltaic,WECC_WYCO,593.1,593.1,0.0,0.0,1506.6648102140778,0.28999106355779397,0.16707266844034108
geo_optimistic,47,47,naturalgas_ccccsavgcf,CA_N,0.0,0.0,0.0,0.0,0.0,0.0,0.0
geo_optimistic,48,48,new_onshore_wind,CA_N,0.0,0.0,0.0,0.0,0.0,0.0,0.0
geo_optimistic,49,49,new_floating_offshore_wind,CA_N,0.0,0.0,0.0,0.0,0.0,0.0,0.0
geo_optimistic,50,50,new_floating_offshore_wind,CA_N,0.0,0.0,0.0,0.0,0.0,0.0,0.0
geo_optimistic,51,51,new_floating_offshore_wind,CA_N,0.0,0.0,0.0,0.0,0.0,0.0,0.0
geo_optimistic,52,52,new_floating_offshore_wind,CA_N,0.0,0.0,0.0,0.0,0.0,0.0,0.0
geo_optimistic,53,53,new_floating_offshore_wind,CA_N,0.0,0.0,0.0,0.0,0.0,0.0,0.0
geo_optimistic,54,54,new_utility_pv,CA_N,0.0,0.0,0.0,0.0,0.0,0.0,0.0
geo_optimistic,55,55,new_utility_pv,CA_N,0.0,0.0,0.0,0.0,0.0,0.0,0.0
geo_optimistic,56,56,new_utility_pv,CA_N,0.0,0.0,0.0,0.0,0.0,0.0,0.0
geo_optimistic,57,57,new_utility_pv,CA_N,11995.573644537535,0.0,11995.573644537535,0.0,95506.38320906741,0.9088815161263403,10.590614573096364
geo_optimistic,58,58,battery,CA_N,15408.044302952154,0.0,15408.044302952154,0.0,13372.557782721664,0.09907472110519766,1.4828705744541215
geo_optimistic,59,59,nuclear,CA_N,0.0,0.0,0.0,0.0,0.0,0.0,0.0
geo_optimistic,60,60,naturalgas_ccs100,CA_N,0.0,0.0,0.0,0.0,0.0,0.0,0.0
geo_optimistic,61,61,naturalgas_ccccsavgcf,CA_S,0.0,0.0,0.0,0.0,0.0,0.0,0.0
geo_optimistic,62,62,new_onshore_wind,CA_S,0.0,0.0,0.0,0.0,0.0,0.0,0.0
geo_optimistic,63,63,new_onshore_wind,CA_S,0.0,0.0,0.0,0.0,0.0,0.0,0.0
geo_optimistic,64,64,new_onshore_wind,CA_S,0.0,0.0,0.0,0.0,0.0,0.0,0.0
geo_optimistic,65,65,new_utility_pv,CA_S,0.0,0.0,0.0,0.0,0.0,0.0,0.0
geo_optimistic,66,66,new_utility_pv,CA_S,0.0,0.0,0.0,0.0,0.0,0.0,0.0
geo_optimistic,67,67,new_utility_pv,CA_S,0.0,0.0,0.0,0.0,0.0,0.0,0.0
geo_optimistic,68,68,new_utility_pv,CA_S,0.0,0.0,0.0,0.0,0.0,0.0,0.0
geo_optimistic,69,69,new_utility_pv,CA_S,15080.943512870406,0.0,15080.943512870406,0.0,104229.7874537171,0.7889677163139944,11.557944808167253
geo_optimistic,70,70,new_utility_pv,CA_S,0.0,0.0,0.0,0.0,0.0,0.0,0.0
geo_optimistic,71,71,new_utility_pv,CA_S,0.0,0.0,0.0,0.0,0.0,0.0,0.0
geo_optimistic,72,72,new_utility_pv,CA_S,0.0,0.0,0.0,0.0,0.0,0.0,0.0
geo_optimistic,73,73,new_utility_pv,CA_S,0.0,0.0,0.0,0.0,0.0,0.0,0.0
geo_optimistic,74,74,new_utility_pv,CA_S,0.0,0.0,0.0,0.0,0.0,0.0,0.0
geo_optimistic,75,75,battery,CA_S,0.0,0.0,0.0,0.0,0.0,0.0,0.0
geo_optimistic,76,76,nuclear,CA_S,0.0,0.0,0.0,0.0,0.0,0.0,0.0
geo_optimistic,77,77,naturalgas_ccs100,CA_S,0.0,0.0,0.0,0.0,0.0,0.0,0.0
geo_optimistic,78,78,naturalgas_ccccsavgcf,WECC_N,0.0,0.0,0.0,0.0,0.0,0.0,0.0
geo_optimistic,79,79,new_onshore_wind,WECC_N,0.0,0.0,0.0,0.0,0.0,0.0,0.0
geo_optimistic,80,80,new_onshore_wind,WECC_N,0.0,0.0,0.0,0.0,0.0,0.0,0.0
geo_optimistic,81,81,new_onshore_wind,WECC_N,0.0,0.0,0.0,0.0,0.0,0.0,0.0
geo_optimistic,82,82,new_onshore_wind,WECC_N,0.0,0.0,0.0,0.0,0.0,0.0,0.0
geo_optimistic,83,83,new_onshore_wind,WECC_N,0.0,0.0,0.0,0.0,0.0,0.0,0.0
geo_optimistic,84,84,new_onshore_wind,WECC_N,0.0,0.0,0.0,0.0,0.0,0.0,0.0
geo_optimistic,85,85,new_utility_pv,WECC_N,0.0,0.0,0.0,0.0,0.0,0.0,0.0
geo_optimistic,86,86,new_utility_pv,WECC_N,16185.632921353103,0.0,16185.632921353103,0.0,121737.42166578115,0.8585988580804014,13.499350186495123
geo_optimistic,87,87,new_utility_pv,WECC_N,0.0,0.0,0.0,0.0,0.0,0.0,0.0
geo_optimistic,88,88,new_utility_pv,WECC_N,0.0,0.0,0.0,0.0,0.0,0.0,0.0
geo_optimistic,89,89,new_utility_pv,WECC_N,0.0,0.0,0.0,0.0,0.0,0.0,0.0
geo_optimistic,90,90,new_utility_pv,WECC_N,0.0,0.0,0.0,0.0,0.0,0.0,0.0
geo_optimistic,91,91,new_utility_pv,WECC_N,0.0,0.0,0.0,0.0,0.0,0.0,0.0
geo_optimistic,92,92,new_utility_pv,WECC_N,0.0,0.0,0.0,0.0,0.0,0.0,0.0
geo_optimistic,93,93,battery,WECC_N,0.0,0.0,0.0,0.0,0.0,0.0,0.0
geo_optimistic,94,94,nuclear,WECC_N,0.0,0.0,0.0,0.0,0.0,0.0,0.0
geo_optimistic,95,95,naturalgas_ccs100,WECC_N,0.0,0.0,0.0,0.0,0.0,0.0,0.0
geo_optimistic,96,96,naturalgas_ccccsavgcf,WECC_NMAZ,0.0,0.0,0.0,0.0,0.0,0.0,0.0
geo_optimistic,97,97,new_onshore_wind,WECC_NMAZ,0.0,0.0,0.0,0.0,0.0,0.0,0.0
geo_optimistic,98,98,new_onshore_wind,WECC_NMAZ,0.0,0.0,0.0,0.0,0.0,0.0,0.0
geo_optimistic,99,99,new_onshore_wind,WECC_NMAZ,0.0,0.0,0.0,0.0,0.0,0.0,0.0
geo_optimistic,100,100,new_onshore_wind,WECC_NMAZ,0.0,0.0,0.0,0.0,0.0,0.0,0.0
geo_optimistic,101,101,new_onshore_wind,WECC_NMAZ,0.0,0.0,0.0,0.0,0.0,0.0,0.0
geo_optimistic,102,102,new_onshore_wind,WECC_NMAZ,0.0,0.0,0.0,0.0,0.0,0.0,0.0
geo_optimistic,103,103,new_onshore_wind,WECC_NMAZ,0.0,0.0,0.0,0.0,0.0,0.0,0.0
geo_optimistic,104,104,new_utility_pv,WECC_NMAZ,38055.5585593952,0.0,38055.5585593952,0.0,230765.40798042083,0.6922269466015801,25.58936283215825
geo_optimistic,105,105,new_utility_pv,WECC_NMAZ,0.0,0.0,0.0,0.0,0.0,0.0,0.0
geo_optimistic,106,106,new_utility_pv,WECC_NMAZ,0.0,0.0,0.0,0.0,0.0,0.0,0.0
geo_optimistic,107,107,new_utility_pv,WECC_NMAZ,0.0,0.0,0.0,0.0,0.0,0.0,0.0
geo_optimistic,108,108,new_utility_pv,WECC_NMAZ,0.0,0.0,0.0,0.0,0.0,0.0,0.0
geo_optimistic,109,109,new_utility_pv,WECC_NMAZ,0.0,0.0,0.0,0.0,0.0,0.0,0.0
geo_optimistic,110,110,new_utility_pv,WECC_NMAZ,0.0,0.0,0.0,0.0,0.0,0.0,0.0
geo_optimistic,111,111,new_utility_pv,WECC_NMAZ,0.0,0.0,0.0,0.0,0.0,0.0,0.0
geo_optimistic,112,112,new_utility_pv,WECC_NMAZ,0.0,0.0,0.0,0.0,0.0,0.0,0.0
geo_optimistic,113,113,new_utility_pv,WECC_NMAZ,0.0,0.0,0.0,0.0,0.0,0.0,0.0
geo_optimistic,114,114,new_utility_pv,WECC_NMAZ,0.0,0.0,0.0,0.0,0.0,0.0,0.0
geo_optimistic,115,115,new_utility_pv,WECC_NMAZ,0.0,0.0,0.0,0.0,0.0,0.0,0.0
geo_optimistic,116,116,battery,WECC_NMAZ,0.0,0.0,0.0,0.0,0.0,0.0,0.0
geo_optimistic,117,117,nuclear,WECC_NMAZ,0.0,0.0,0.0,0.0,0.0,0.0,0.0
geo_optimistic,118,118,naturalgas_ccs100,WECC_NMAZ,0.0,0.0,0.0,0.0,0.0,0.0,0.0
geo_optimistic,119,119,naturalgas_ccccsavgcf,WECC_PNW,0.0,0.0,0.0,0.0,0.0,0.0,0.0
geo_optimistic,120,120,new_onshore_wind,WECC_PNW,0.0,0.0,0.0,0.0,0.0,0.0,0.0
geo_optimistic,121,121,new_floating_offshore_wind,WECC_PNW,0.0,0.0,0.0,0.0,0.0,0.0,0.0
geo_optimistic,122,122,new_floating_offshore_wind,WECC_PNW,0.0,0.0,0.0,0.0,0.0,0.0,0.0
geo_optimistic,123,123,new_floating_offshore_wind,WECC_PNW,0.0,0.0,0.0,0.0,0.0,0.0,0.0
geo_optimistic,124,124,new_utility_pv,WECC_PNW,0.0,0.0,0.0,0.0,0.0,0.0,0.0
geo_optimistic,125,125,battery,WECC_PNW,0.0,0.0,0.0,0.0,-4.559966567954929e-16,-4.559966567954929e-13,-5.056504786879076e-20
geo_optimistic,126,126,nuclear,WECC_PNW,0.0,0.0,0.0,0.0,0.0,0.0,0.0
geo_optimistic,127,127,naturalgas_ccs100,WECC_PNW,0.0,0.0,0.0,0.0,0.0,0.0,0.0
geo_optimistic,128,128,naturalgas_ccccsavgcf,WECC_WYCO,0.0,0.0,0.0,0.0,0.0,0.0,0.0
geo_optimistic,129,129,new_onshore_wind,WECC_WYCO,0.0,0.0,0.0,0.0,0.0,0.0,0.0
geo_optimistic,130,130,new_onshore_wind,WECC_WYCO,0.0,0.0,0.0,0.0,0.0,0.0,0.0
geo_optimistic,131,131,new_onshore_wind,WECC_WYCO,0.0,0.0,0.0,0.0,0.0,0.0,0.0
geo_optimistic,132,132,new_onshore_wind,WECC_WYCO,0.0,0.0,0.0,0.0,0.0,0.0,0.0
geo_optimistic,133,133,new_onshore_wind,WECC_WYCO,0.0,0.0,0.0,0.0,0.0,0.0,0.0
geo_optimistic,134,134,new_onshore_wind,WECC_WYCO,0.0,0.0,0.0,0.0,0.0,0.0,0.0
geo_optimistic,135,135,new_onshore_wind,WECC_WYCO,0.0,0.0,0.0,0.0,0.0,0.0,0.0
geo_optimistic,136,136,new_utility_pv,WECC_WYCO,0.0,0.0,0.0,0.0,0.0,0.0,0.0
geo_optimistic,137,137,new_utility_pv,WECC_WYCO,4776.7,0.0,4776.7,0.0,15965.498892866779,0.38154908947921906,1.7703994179259823
geo_optimistic,138,138,new_utility_pv,WECC_WYCO,0.0,0.0,0.0,0.0,0.0,0.0,0.0
geo_optimistic,139,139,new_utility_pv,WECC_WYCO,0.0,0.0,0.0,0.0,0.0,0.0,0.0
geo_optimistic,140,140,new_utility_pv,WECC_WYCO,0.0,0.0,0.0,0.0,0.0,0.0,0.0
geo_optimistic,141,141,battery,WECC_WYCO,0.0,0.0,0.0,0.0,0.0,0.0,0.0
geo_optimistic,142,142,nuclear,WECC_WYCO,0.0,0.0,0.0,0.0,0.0,0.0,0.0
geo_optimistic,143,143,naturalgas_ccs100,WECC_WYCO,0.0,0.0,0.0,0.0,0.0,0.0,0.0
geo_optimistic,144,156,new_biogas_CCGT,CA_N,0.0,0.0,0.0,0.0,0.0,0.0,0.0
geo_optimistic,145,157,new_biogas_CCGT,CA_S,0.0,0.0,0.0,0.0,0.0,0.0,0.0
geo_optimistic,146,158,new_biogas_CCGT,WECC_N,0.0,0.0,0.0,0.0,0.0,0.0,0.0
geo_optimistic,147,159,new_biogas_CCGT,WECC_NMAZ,0.0,0.0,0.0,0.0,0.0,0.0,0.0
geo_optimistic,148,160,new_biogas_CCGT,WECC_PNW,0.0,0.0,0.0,0.0,0.0,0.0,0.0
geo_optimistic,149,161,new_biogas_CCGT,WECC_WYCO,0.0,0.0,0.0,0.0,0.0,0.0,0.0
geo_optimistic,150,162,biomass,WECC_PNW,0.0,28.4,0.0,28.4,0.0,0.0,0.0
geo_optimistic,151,163,biomass,WECC_PNW,0.0,74.43,0.0,74.43,0.0,0.0,0.0
geo_optimistic,152,164,conventional_hydroelectric,WECC_PNW,29850.0,29850.0,0.0,0.0,211105.95969324734,0.8073317871444259,23.40934477961193
geo_optimistic,153,165,geothermal,WECC_PNW,14.49,14.49,0.0,0.0,14.19716732446737,0.11184825406647451,0.0015743107644863334
geo_optimistic,154,166,geothermal,WECC_PNW,1.17,1.17,0.0,0.0,9.902521044643343,0.9661750228938204,0.0010980814073570369
geo_optimistic,155,167,hydroelectric_pumped_storage,WECC_PNW,214.0,214.0,0.0,0.0,469.2811257984173,0.2503313307079852,0.05203815035985924
geo_optimistic,156,168,hydroelectric_pumped_storage,WECC_PNW,100.0,100.0,0.0,0.0,201.83736486375173,0.23040795075770745,0.02238155886441812
geo_optimistic,157,169,nuclear,WECC_PNW,1163.0,1163.0,0.0,0.0,23.511553924385595,0.002307796511579013,0.0026071744867844472
geo_optimistic,158,170,onshore_wind_turbine,WECC_PNW,5254.0,5254.0,0.0,0.0,30466.715524023097,0.6619595664452024,3.37842592904792
geo_optimistic,159,171,solar_photovoltaic,WECC_PNW,209.9,209.9,0.0,0.0,212.6820760878916,0.11566829828070531,0.023584118870066974
nuc_pessimistic,1,1,biomass,CA_N,36.72,36.72,0.0,0.0,136.9140941472476,0.4256389652014491,0.015182277372644383
nuc_pessimistic,2,2,biomass,CA_N,0.0,33.06,0.0,33.06,0.0,0.0,0.0
nuc_pessimistic,3,3,conventional_hydroelectric,CA_N,0.0,6607.44,0.0,6607.44,0.0,0.0,0.0
nuc_pessimistic,4,4,geothermal,CA_N,542.55,542.55,0.0,0.0,4681.651905066537,0.9850431277858231,0.5191440532663237
nuc_pessimistic,5,5,geothermal,CA_N,100.32,100.32,0.0,0.0,726.8933677190587,0.8271401011273727,0.0806045337975031
nuc_pessimistic,6,6,hydroelectric_pumped_storage,CA_N,615.15,615.15,0.0,0.0,1109.1040519427786,0.20581980263617228,0.12298752335613772
nuc_pessimistic,7,7,hydroelectric_pumped_storage,CA_N,1175.8,1175.8,0.0,0.0,1835.8832902912893,0.17824095770520657,0.2035794014532119
nuc_pessimistic,8,8,onshore_wind_turbine,CA_N,1327.6,1327.6,0.0,0.0,1039.1968581507906,0.08935656698381728,0.11523557924034997
nuc_pessimistic,9,9,small_hydroelectric,CA_N,231.4,231.4,0.0,0.0,1546.355320600962,0.7628547103598909,0.171473912457684
nuc_pessimistic,10,10,small_hydroelectric,CA_N,1.95,1.95,0.0,0.0,12.05213299665734,0.7055457789870823,0.0013364498901804985
nuc_pessimistic,11,11,solar_photovoltaic,CA_N,2787.1,2787.1,0.0,0.0,1320.84730655803,0.054099837106589325,0.14646753718070302
nuc_pessimistic,12,12,biomass,CA_S,0.0,67.2,0.0,67.2,0.0,0.0,0.0
nuc_pessimistic,13,13,biomass,CA_S,0.0,38.1,0.0,38.1,0.0,0.0,0.0
nuc_pessimistic,14,14,conventional_hydroelectric,CA_S,0.0,1396.0,0.0,1396.0,0.0,0.0,0.0
nuc_pessimistic,15,15,geothermal,CA_S,535.15,535.15,0.0,0.0,4373.420485063881,0.9329139751846729,0.4849645559502072
nuc_pessimistic,16,16,geothermal,CA_S,73.02,73.02,0.0,0.0,624.7370876192355,0.9766778846153921,0.06927651830360483
nuc_pessimistic,17,17,hydroelectric_pumped_storage,CA_S,1623.0,1623.0,0.0,0.0,2480.384803655291,0.1744602280893162,0.27504757866262197
nuc_pessimistic,18,18,hydroelectric_pumped_storage,CA_S,42.0,42.0,0.0,0.0,130.4451863524537,0.3545476906731183,0.014464946165435017
nuc_pessimistic,19,19,onshore_wind_turbine,CA_S,4735.6,4735.6,0.0,0.0,4213.125881426518,0.1015606138789634,0.4671896354869917
nuc_pessimistic,20,20,small_hydroelectric,CA_S,126.44,126.44,0.0,0.0,833.239798534353,0.7522832842678401,0.09239719123196777
nuc_pessimistic,21,21,small_hydroelectric,CA_S,7.0,7.0,0.0,0.0,42.1169639423072,0.6868389423076843,0.004670311209728912
nuc_pessimistic,22,22,solar_photovoltaic,CA_S,9520.0,9520.0,0.0,0.0,8237.665766567703,0.09877865592465397,0.9134671441251494
nuc_pessimistic,23,23,biomass,WECC_N,6.24,6.24,0.0,0.0,20.557329771428584,0.37607806776556796,0.0022795833005701065
nuc_pessimistic,24,24,biomass,WECC_N,0.0,13.8,0.0,13.8,0.0,0.0,0.0
nuc_pessimistic,25,25,conventional_hydroelectric,WECC_N,0.0,4648.1,0.0,4648.1,0.0,0.0,0.0
nuc_pessimistic,26,26,geothermal,WECC_N,165.24,165.24,0.0,0.0,1062.9265980422954,0.7343176757719332,0.11786694816739457
nuc_pessimistic,27,27,geothermal,WECC_N,215.16,215.16,0.0,0.0,1830.8803342952544,0.971391542905765,0.203024628286227
nuc_pessimistic,28,28,onshore_wind_turbine,WECC_N,3893.9,3893.9,0.0,0.0,3446.4274683636213,0.10103695348935365,0.38217115699661497
nuc_pessimistic,29,29,solar_photovoltaic,WECC_N,1185.7,1185.7,0.0,0.0,476.025218284428,0.04583012426665365,0.05278599654316936
nuc_pessimistic,30,30,biomass,WECC_NMAZ,0.0,3.54,0.0,3.54,0.0,0.0,0.0
nuc_pessimistic,31,31,biomass,WECC_NMAZ,0.0,11.4,0.0,11.4,0.0,0.0,0.0
nuc_pessimistic,32,32,conventional_hydroelectric,WECC_NMAZ,0.0,3960.0,0.0,3960.0,0.0,0.0,0.0
nuc_pessimistic,33,33,geothermal,WECC_NMAZ,0.68,0.68,0.0,0.0,4.437179817033004,0.7448932005494567,0.0004920347693499223
nuc_pessimistic,34,34,geothermal,WECC_NMAZ,2.66,2.66,0.0,0.0,18.258179930769515,0.7835590659340781,0.0020246326994682487
nuc_pessimistic,35,35,hydroelectric_pumped_storage,WECC_NMAZ,119.0,119.0,0.0,0.0,472.9608099066688,0.4537055465126711,0.052446187130092005
nuc_pessimistic,36,36,hydroelectric_pumped_storage,WECC_NMAZ,97.3,97.3,0.0,0.0,305.54680351787647,0.3584765888086515,0.03388180267507202
nuc_pessimistic,37,37,nuclear,WECC_NMAZ,4002.99,4002.99,0.0,0.0,85.76442742649236,0.002445786712403151,0.009510338099265823
nuc_pessimistic,38,38,onshore_wind_turbine,WECC_NMAZ,0.0,1235.1,0.0,1235.1,0.0,0.0,0.0
nuc_pessimistic,39,39,solar_photovoltaic,WECC_NMAZ,6266.4,6266.4,0.0,0.0,2776.604983316795,0.050581520361198604,0.3078951606373366
nuc_pessimistic,40,40,biomass,WECC_WYCO,0.0,4.8,0.0,4.8,0.0,0.0,0.0
nuc_pessimistic,41,41,biomass,WECC_WYCO,0.0,8.04,0.0,8.04,0.0,0.0,0.0
nuc_pessimistic,42,42,conventional_hydroelectric,WECC_WYCO,0.0,961.87,0.0,961.87,0.0,0.0,0.0
nuc_pessimistic,43,43,hydroelectric_pumped_storage,WECC_WYCO,324.0,324.0,0.0,0.0,1052.7152028699843,0.37090422334615264,0.1167346159934624
nuc_pessimistic,44,44,hydroelectric_pumped_storage,WECC_WYCO,238.5,238.5,0.0,0.0,820.0390570542181,0.3925021572490825,0.09093337320852574
nuc_pessimistic,45,45,onshore_wind_turbine,WECC_WYCO,5751.7,5751.7,0.0,0.0,36872.11803532632,0.7318090120214273,4.088715094058572
nuc_pessimistic,46,46,solar_photovoltaic,WECC_WYCO,593.1,593.1,0.0,0.0,955.2979857872695,0.18386828778041647,0.10593211081798906
nuc_pessimistic,47,47,naturalgas_ccccsavgcf,CA_N,0.0,0.0,0.0,0.0,0.0,0.0,0.0
nuc_pessimistic,48,48,new_onshore_wind,CA_N,0.0,0.0,0.0,0.0,0.0,0.0,0.0
nuc_pessimistic,49,49,new_floating_offshore_wind,CA_N,0.0,0.0,0.0,0.0,0.0,0.0,0.0
nuc_pessimistic,50,50,new_floating_offshore_wind,CA_N,0.0,0.0,0.0,0.0,0.0,0.0,0.0
nuc_pessimistic,51,51,new_floating_offshore_wind,CA_N,0.0,0.0,0.0,0.0,0.0,0.0,0.0
nuc_pessimistic,52,52,new_floating_offshore_wind,CA_N,0.0,0.0,0.0,0.0,0.0,0.0,0.0
nuc_pessimistic,53,53,new_floating_offshore_wind,CA_N,0.0,0.0,0.0,0.0,0.0,0.0,0.0
nuc_pessimistic,54,54,new_utility_pv,CA_N,0.0,0.0,0.0,0.0,0.0,0.0,0.0
nuc_pessimistic,55,55,new_utility_pv,CA_N,0.0,0.0,0.0,0.0,0.0,0.0,0.0
nuc_pessimistic,56,56,new_utility_pv,CA_N,0.0,0.0,0.0,0.0,0.0,0.0,0.0
nuc_pessimistic,57,57,new_utility_pv,CA_N,11995.573644537533,0.0,11995.573644537533,0.0,98319.81873633213,0.935655428629618,10.902593838715626
nuc_pessimistic,58,58,battery,CA_N,15408.044302952158,0.0,15408.044302952158,0.0,22400.24016085251,0.16595909194674835,2.483941930552136
nuc_pessimistic,59,59,nuclear,CA_N,0.0,0.0,0.0,0.0,0.0,0.0,0.0
nuc_pessimistic,60,60,naturalgas_ccs100,CA_N,0.0,0.0,0.0,0.0,0.0,0.0,0.0
nuc_pessimistic,61,61,naturalgas_ccccsavgcf,CA_S,0.0,0.0,0.0,0.0,0.0,0.0,0.0
nuc_pessimistic,62,62,new_onshore_wind,CA_S,0.0,0.0,0.0,0.0,0.0,0.0,0.0
nuc_pessimistic,63,63,new_onshore_wind,CA_S,0.0,0.0,0.0,0.0,0.0,0.0,0.0
nuc_pessimistic,64,64,new_onshore_wind,CA_S,0.0,0.0,0.0,0.0,0.0,0.0,0.0
nuc_pessimistic,65,65,new_utility_pv,CA_S,0.0,0.0,0.0,0.0,0.0,0.0,0.0
nuc_pessimistic,66,66,new_utility_pv,CA_S,0.0,0.0,0.0,0.0,0.0,0.0,0.0
nuc_pessimistic,67,67,new_utility_pv,CA_S,0.0,0.0,0.0,0.0,0.0,0.0,0.0
nuc_pessimistic,68,68,new_utility_pv,CA_S,0.0,0.0,0.0,0.0,0.0,0.0,0.0
nuc_pessimistic,69,69,new_utility_pv,CA_S,15080.943512870406,0.0,15080.943512870406,0.0,113112.4961350763,0.8562054086687488,12.542940165005778
nuc_pessimistic,70,70,new_utility_pv,CA_S,0.0,0.0,0.0,0.0,0.0,0.0,0.0
nuc_pessimistic,71,71,new_utility_pv,CA_S,0.0,0.0,0.0,0.0,0.0,0.0,0.0
nuc_pessimistic,72,72,new_utility_pv,CA_S,0.0,0.0,0.0,0.0,0.0,0.0,0.0
nuc_pessimistic,73,73,new_utility_pv,CA_S,0.0,0.0,0.0,0.0,0.0,0.0,0.0
nuc_pessimistic,74,74,new_utility_pv,CA_S,0.0,0.0,0.0,0.0,0.0,0.0,0.0
nuc_pessimistic,75,75,battery,CA_S,0.0,0.0,0.0,0.0,0.0,0.0,0.0
nuc_pessimistic,76,76,nuclear,CA_S,0.0,0.0,0.0,0.0,0.0,0.0,0.0
nuc_pessimistic,77,77,naturalgas_ccs100,CA_S,0.0,0.0,0.0,0.0,0.0,0.0,0.0
nuc_pessimistic,78,78,naturalgas_ccccsavgcf,WECC_N,0.0,0.0,0.0,0.0,0.0,0.0,0.0
nuc_pessimistic,79,79,new_onshore_wind,WECC_N,0.0,0.0,0.0,0.0,0.0,0.0,0.0
nuc_pessimistic,80,80,new_onshore_wind,WECC_N,0.0,0.0,0.0,0.0,0.0,0.0,0.0
nuc_pessimistic,81,81,new_onshore_wind,WECC_N,0.0,0.0,0.0,0.0,0.0,0.0,0.0
nuc_pessimistic,82,82,new_onshore_wind,WECC_N,0.0,0.0,0.0,0.0,0.0,0.0,0.0
nuc_pessimistic,83,83,new_onshore_wind,WECC_N,0.0,0.0,0.0,0.0,0.0,0.0,0.0
nuc_pessimistic,84,84,new_onshore_wind,WECC_N,0.0,0.0,0.0,0.0,0.0,0.0,0.0
nuc_pessimistic,85,85,new_utility_pv,WECC_N,0.0,0.0,0.0,0.0,0.0,0.0,0.0
nuc_pessimistic,86,86,new_utility_pv,WECC_N,16185.632921353103,0.0,16185.632921353103,0.0,119030.44752404517,0.8395069069355137,13.199176325532264
nuc_pessimistic,87,87,new_utility_pv,WECC_N,0.0,0.0,0.0,0.0,0.0,0.0,0.0
nuc_pessimistic,88,88,new_utility_pv,WECC_N,0.0,0.0,0.0,0.0,0.0,0.0,0.0
nuc_pessimistic,89,89,new_utility_pv,WECC_N,0.0,0.0,0.0,0.0,0.0,0.0,0.0
nuc_pessimistic,90,90,new_utility_pv,WECC_N,0.0,0.0,0.0,0.0,0.0,0.0,0.0
nuc_pessimistic,91,91,new_utility_pv,WECC_N,0.0,0.0,0.0,0.0,0.0,0.0,0.0
nuc_pessimistic,92,92,new_utility_pv,WECC_N,0.0,0.0,0.0,0.0,0.0,0.0,0.0
nuc_pessimistic,93,93,battery,WECC_N,0.0,0.0,0.0,0.0,0.0,0.0,0.0
nuc_pessimistic,94,94,nuclear,WECC_N,0.0,0.0,0.0,0.0,0.0,0.0,0.0
nuc_pessimistic,95,95,naturalgas_ccs100,WECC_N,0.0,0.0,0.0,0.0,0.0,0.0,0.0
nuc_pessimistic,96,96,naturalgas_ccccsavgcf,WECC_NMAZ,0.0,0.0,0.0,0.0,0.0,0.0,0.0
nuc_pessimistic,97,97,new_onshore_wind,WECC_NMAZ,0.0,0.0,0.0,0.0,0.0,0.0,0.0
nuc_pessimistic,98,98,new_onshore_wind,WECC_NMAZ,0.0,0.0,0.0,0.0,0.0,0.0,0.0
nuc_pessimistic,99,99,new_onshore_wind,WECC_NMAZ,0.0,0.0,0.0,0.0,0.0,0.0,0.0
nuc_pessimistic,100,100,new_onshore_wind,WECC_NMAZ,0.0,0.0,0.0,0.0,0.0,0.0,0.0
nuc_pessimistic,101,101,new_onshore_wind,WECC_NMAZ,0.0,0.0,0.0,0.0,0.0,0.0,0.0
nuc_pessimistic,102,102,new_onshore_wind,WECC_NMAZ,0.0,0.0,0.0,0.0,0.0,0.0,0.0
nuc_pessimistic,103,103,new_onshore_wind,WECC_NMAZ,0.0,0.0,0.0,0.0,0.0,0.0,0.0
nuc_pessimistic,104,104,new_utility_pv,WECC_NMAZ,38055.5585593952,0.0,38055.5585593952,0.0,238269.20907146335,0.7147360971827569,26.421452400605723
nuc_pessimistic,105,105,new_utility_pv,WECC_NMAZ,0.0,0.0,0.0,0.0,0.0,0.0,0.0
nuc_pessimistic,106,106,new_utility_pv,WECC_NMAZ,0.0,0.0,0.0,0.0,0.0,0.0,0.0
nuc_pessimistic,107,107,new_utility_pv,WECC_NMAZ,0.0,0.0,0.0,0.0,0.0,0.0,0.0
nuc_pessimistic,108,108,new_utility_pv,WECC_NMAZ,0.0,0.0,0.0,0.0,0.0,0.0,0.0
nuc_pessimistic,109,109,new_utility_pv,WECC_NMAZ,0.0,0.0,0.0,0.0,0.0,0.0,0.0
nuc_pessimistic,110,110,new_utility_pv,WECC_NMAZ,0.0,0.0,0.0,0.0,0.0,0.0,0.0
nuc_pessimistic,111,111,new_utility_pv,WECC_NMAZ,0.0,0.0,0.0,0.0,0.0,0.0,0.0
nuc_pessimistic,112,112,new_utility_pv,WECC_NMAZ,0.0,0.0,0.0,0.0,0.0,0.0,0.0
nuc_pessimistic,113,113,new_utility_pv,WECC_NMAZ,0.0,0.0,0.0,0.0,0.0,0.0,0.0
nuc_pessimistic,114,114,new_utility_pv,WECC_NMAZ,0.0,0.0,0.0,0.0,0.0,0.0,0.0
nuc_pessimistic,115,115,new_utility_pv,WECC_NMAZ,0.0,0.0,0.0,0.0,0.0,0.0,0.0
nuc_pessimistic,116,116,battery,WECC_NMAZ,0.0,0.0,0.0,0.0,0.0,0.0,0.0
nuc_pessimistic,117,117,nuclear,WECC_NMAZ,0.0,0.0,0.0,0.0,0.0,0.0,0.0
nuc_pessimistic,118,118,naturalgas_ccs100,WECC_NMAZ,0.0,0.0,0.0,0.0,0.0,0.0,0.0
nuc_pessimistic,119,119,naturalgas_ccccsavgcf,WECC_PNW,0.0,0.0,0.0,0.0,0.0,0.0,0.0
nuc_pessimistic,120,120,new_onshore_wind,WECC_PNW,0.0,0.0,0.0,0.0,0.0,0.0,0.0
nuc_pessimistic,121,121,new_floating_offshore_wind,WECC_PNW,0.0,0.0,0.0,0.0,0.0,0.0,0.0
nuc_pessimistic,122,122,new_floating_offshore_wind,WECC_PNW,0.0,0.0,0.0,0.0,0.0,0.0,0.0
nuc_pessimistic,123,123,new_floating_offshore_wind,WECC_PNW,0.0,0.0,0.0,0.0,0.0,0.0,0.0
nuc_pessimistic,124,124,new_utility_pv,WECC_PNW,0.0,0.0,0.0,0.0,0.0,0.0,0.0
nuc_pessimistic,125,125,battery,WECC_PNW,0.0,0.0,0.0,0.0,0.0,0.0,0.0
nuc_pessimistic,126,126,nuclear,WECC_PNW,0.0,0.0,0.0,0.0,0.0,0.0,0.0
nuc_pessimistic,127,127,naturalgas_ccs100,WECC_PNW,0.0,0.0,0.0,0.0,0.0,0.0,0.0
nuc_pessimistic,128,128,naturalgas_ccccsavgcf,WECC_WYCO,0.0,0.0,0.0,0.0,0.0,0.0,0.0
nuc_pessimistic,129,129,new_onshore_wind,WECC_WYCO,0.0,0.0,0.0,0.0,0.0,0.0,0.0
nuc_pessimistic,130,130,new_onshore_wind,WECC_WYCO,0.0,0.0,0.0,0.0,0.0,0.0,0.0
nuc_pessimistic,131,131,new_onshore_wind,WECC_WYCO,0.0,0.0,0.0,0.0,0.0,0.0,0.0
nuc_pessimistic,132,132,new_onshore_wind,WECC_WYCO,0.0,0.0,0.0,0.0,0.0,0.0,0.0
nuc_pessimistic,133,133,new_onshore_wind,WECC_WYCO,0.0,0.0,0.0,0.0,0.0,0.0,0.0
nuc_pessimistic,134,134,new_onshore_wind,WECC_WYCO,0.0,0.0,0.0,0.0,0.0,0.0,0.0
nuc_pessimistic,135,135,new_onshore_wind,WECC_WYCO,0.0,0.0,0.0,0.0,0.0,0.0,0.0
nuc_pessimistic,136,136,new_utility_pv,WECC_WYCO,0.0,0.0,0.0,0.0,0.0,0.0,0.0
nuc_pessimistic,137,137,new_utility_pv,WECC_WYCO,4776.7,0.0,4776.7,0.0,34120.66550961451,0.8154276258435643,3.783609066200743
nuc_pessimistic,138,138,new_utility_pv,WECC_WYCO,0.0,0.0,0.0,0.0,0.0,0.0,0.0
nuc_pessimistic,139,139,new_utility_pv,WECC_WYCO,0.0,0.0,0.0,0.0,0.0,0.0,0.0
nuc_pessimistic,140,140,new_utility_pv,WECC_WYCO,0.0,0.0,0.0,0.0,0.0,0.0,0.0
nuc_pessimistic,141,141,battery,WECC_WYCO,0.0,0.0,0.0,0.0,0.0,0.0,0.0
nuc_pessimistic,142,142,nuclear,WECC_WYCO,0.0,0.0,0.0,0.0,0.0,0.0,0.0
nuc_pessimistic,143,143,naturalgas_ccs100,WECC_WYCO,0.0,0.0,0.0,0.0,0.0,0.0,0.0
nuc_pessimistic,144,156,new_biogas_CCGT,CA_N,0.0,0.0,0.0,0.0,0.0,0.0,0.0
nuc_pessimistic,145,157,new_biogas_CCGT,CA_S,0.0,0.0,0.0,0.0,0.0,0.0,0.0
nuc_pessimistic,146,158,new_biogas_CCGT,WECC_N,0.0,0.0,0.0,0.0,0.0,0.0,0.0
nuc_pessimistic,147,159,new_biogas_CCGT,WECC_NMAZ,0.0,0.0,0.0,0.0,0.0,0.0,0.0
nuc_pessimistic,148,160,new_biogas_CCGT,WECC_PNW,0.0,0.0,0.0,0.0,0.0,0.0,0.0
nuc_pessimistic,149,161,new_biogas_CCGT,WECC_WYCO,0.0,0.0,0.0,0.0,0.0,0.0,0.0
nuc_pessimistic,150,162,biomass,WECC_PNW,0.0,28.4,0.0,28.4,0.0,0.0,0.0
nuc_pessimistic,151,163,biomass,WECC_PNW,0.0,74.43,0.0,74.43,0.0,0.0,0.0
nuc_pessimistic,152,164,conventional_hydroelectric,WECC_PNW,29850.0,29850.0,0.0,0.0,201416.32208783372,0.7702757397636344,22.33486982009767
nuc_pessimistic,153,165,geothermal,WECC_PNW,14.49,14.49,0.0,0.0,62.26947766955067,0.4905719711401554,0.006905004833264708
nuc_pessimistic,154,166,geothermal,WECC_PNW,1.17,1.17,0.0,0.0,7.609004437500151,0.7423998397436046,0.0008437554703138766
nuc_pessimistic,155,167,hydroelectric_pumped_storage,WECC_PNW,214.0,214.0,0.0,0.0,537.27082066991,0.2865994647878579,0.059577464792384446
nuc_pessimistic,156,168,hydroelectric_pumped_storage,WECC_PNW,100.0,100.0,0.0,0.0,411.20884574436457,0.4694164905757586,0.0455985688913926
nuc_pessimistic,157,169,nuclear,WECC_PNW,1163.0,1163.0,0.0,0.0,23.323901098901107,0.0022893772893772904,0.0025863658383833417
nuc_pessimistic,158,170,onshore_wind_turbine,WECC_PNW,5254.0,5254.0,0.0,0.0,27768.338517408396,0.6033311110084509,3.0792053964537316
nuc_pessimistic,159,171,solar_photovoltaic,WECC_PNW,209.9,209.9,0.0,0.0,1451.7130805837487,0.7895220166722948,0.1609791219245459
nuc_moderate,1,1,biomass,CA_N,36.72,36.72,0.0,0.0,136.9140941472476,0.4256389652014491,0.015182277372644383
nuc_moderate,2,2,biomass,CA_N,0.0,33.06,0.0,33.06,0.0,0.0,0.0
nuc_moderate,3,3,conventional_hydroelectric,CA_N,0.0,6607.44,0.0,6607.44,0.0,0.0,0.0
nuc_moderate,4,4,geothermal,CA_N,542.55,542.55,0.0,0.0,4482.3046267324535,0.9430994569303954,0.4970386177960001
nuc_moderate,5,5,geothermal,CA_N,100.32,100.32,0.0,0.0,841.0637530549632,0.9570558608058815,0.09326478231835444
nuc_moderate,6,6,hydroelectric_pumped_storage,CA_N,615.15,615.15,0.0,0.0,1210.1049997021462,0.22456285482995503,0.13418742511448792
nuc_moderate,7,7,hydroelectric_pumped_storage,CA_N,1175.8,1175.8,0.0,0.0,2154.9942169761757,0.20922257700927763,0.23896531721116915
nuc_moderate,8,8,onshore_wind_turbine,CA_N,1327.6,1327.6,0.0,0.0,1360.7760615919888,0.11700793390964613,0.1508951999267894
nuc_moderate,9,9,small_hydroelectric,CA_N,231.4,231.4,0.0,0.0,569.8398972750011,0.2811158884351955,0.06318901959884292
nuc_moderate,10,10,small_hydroelectric,CA_N,1.95,1.95,0.0,0.0,3.2889107142857332,0.19253663003663116,0.00036470426970393674
nuc_moderate,11,11,solar_photovoltaic,CA_N,2787.1,2787.1,0.0,0.0,3550.6397476913266,0.14542864343255787,0.3937271603448687
nuc_moderate,12,12,biomass,CA_S,0.0,67.2,0.0,67.2,0.0,0.0,0.0
nuc_moderate,13,13,biomass,CA_S,0.0,38.1,0.0,38.1,0.0,0.0,0.0
nuc_moderate,14,14,conventional_hydroelectric,CA_S,0.0,1396.0,0.0,1396.0,0.0,0.0,0.0
nuc_moderate,15,15,geothermal,CA_S,535.15,535.15,0.0,0.0,4453.417673581136,0.9499785349264377,0.49383537025654506
nuc_moderate,16,16,geothermal,CA_S,73.02,73.02,0.0,0.0,637.74267317344,0.9970100660065612,0.0707186956667712
nuc_moderate,17,17,hydroelectric_pumped_storage,CA_S,1623.0,1623.0,0.0,0.0,2584.051670369425,0.18175173591729515,0.2865431017101926
nuc_moderate,18,18,hydroelectric_pumped_storage,CA_S,42.0,42.0,0.0,0.0,98.82835363801651,0.26861370308223664,0.010958984804007622
nuc_moderate,19,19,onshore_wind_turbine,CA_S,4735.6,4735.6,0.0,0.0,9142.624655579304,0.220389942911269,1.0138171990218932
nuc_moderate,20,20,small_hydroelectric,CA_S,126.44,126.44,0.0,0.0,561.1711247456251,0.5066484552255958,0.062227747424191536
nuc_moderate,21,21,small_hydroelectric,CA_S,7.0,7.0,0.0,0.0,14.901054807692153,0.24300480769230517,0.0016523641970128493
nuc_moderate,22,22,solar_photovoltaic,CA_S,9520.0,9520.0,0.0,0.0,14766.866707199573,0.1770709430182981,1.6374842025573801
nuc_moderate,23,23,biomass,WECC_N,6.24,6.24,0.0,0.0,20.557329771428584,0.37607806776556796,0.0022795833005701065
nuc_moderate,24,24,biomass,WECC_N,0.0,13.8,0.0,13.8,0.0,0.0,0.0
nuc_moderate,25,25,conventional_hydroelectric,WECC_N,0.0,4648.1,0.0,4648.1,0.0,0.0,0.0
nuc_moderate,26,26,geothermal,WECC_N,165.24,165.24,0.0,0.0,544.5663831452405,0.3762110398885974,0.06038646297317657
nuc_moderate,27,27,geothermal,WECC_N,215.16,215.16,0.0,0.0,1846.2178501232813,0.979529012562002,0.2047253912424351
nuc_moderate,28,28,onshore_wind_turbine,WECC_N,3893.9,3893.9,0.0,0.0,3089.728806965355,0.09057982175156513,0.3426171720724974
nuc_moderate,29,29,solar_photovoltaic,WECC_N,1185.7,1185.7,0.0,0.0,1221.799496678243,0.11763079057765646,0.13548421707685304
nuc_moderate,30,30,biomass,WECC_NMAZ,0.0,3.54,0.0,3.54,0.0,0.0,0.0
nuc_moderate,31,31,biomass,WECC_NMAZ,0.0,11.4,0.0,11.4,0.0,0.0,0.0
nuc_moderate,32,32,conventional_hydroelectric,WECC_NMAZ,0.0,3960.0,0.0,3960.0,0.0,0.0,0.0
nuc_moderate,33,33,geothermal,WECC_NMAZ,0.68,0.68,0.0,0.0,5.523846465934246,0.9273177655677957,0.0006125342298180125
nuc_moderate,34,34,geothermal,WECC_NMAZ,2.66,2.66,0.0,0.0,21.450819207692582,0.9205728021978138,0.002378661518451011
nuc_moderate,35,35,hydroelectric_pumped_storage,WECC_NMAZ,119.0,119.0,0.0,0.0,270.3280982146158,0.2593224532967037,0.029976432990892764
nuc_moderate,36,36,hydroelectric_pumped_storage,WECC_NMAZ,97.3,97.3,0.0,0.0,223.37060593884576,0.26206503205128157,0.024769360067576206
nuc_moderate,37,37,nuclear,WECC_NMAZ,4002.99,4002.99,0.0,0.0,85.271249987167,0.0024317225267710277,0.00945565010878242
nuc_moderate,38,38,onshore_wind_turbine,WECC_NMAZ,0.0,1235.1,0.0,1235.1,0.0,0.0,0.0
nuc_moderate,39,39,solar_photovoltaic,WECC_NMAZ,6266.4,6266.4,0.0,0.0,8560.605201980265,0.1559488760302148,0.9492775996778532
nuc_moderate,40,40,biomass,WECC_WYCO,0.0,4.8,0.0,4.8,0.0,0.0,0.0
nuc_moderate,41,41,biomass,WECC_WYCO,0.0,8.04,0.0,8.04,0.0,0.0,0.0
nuc_moderate,42,42,conventional_hydroelectric,WECC_WYCO,0.0,961.87,0.0,961.87,0.0,0.0,0.0
nuc_moderate,43,43,hydroelectric_pumped_storage,WECC_WYCO,324.0,324.0,0.0,0.0,648.3283874758027,0.22842620337808037,0.07189253574311276
nuc_moderate,44,44,hydroelectric_pumped_storage,WECC_WYCO,238.5,238.5,0.0,0.0,510.95745324661317,0.24456384233968637,0.05665959979596452
nuc_moderate,45,45,onshore_wind_turbine,WECC_WYCO,5751.7,5751.7,0.0,0.0,48821.5066563207,0.9689711482624732,5.413771755371657
nuc_moderate,46,46,solar_photovoltaic,WECC_WYCO,593.1,593.1,0.0,0.0,1523.7132382743953,0.2932724117061572,0.16896315287287103
nuc_moderate,47,47,naturalgas_ccccsavgcf,CA_N,0.0,0.0,0.0,0.0,0.0,0.0,0.0
nuc_moderate,48,48,new_onshore_wind,CA_N,0.0,0.0,0.0,0.0,0.0,0.0,0.0
nuc_moderate,49,49,new_floating_offshore_wind,CA_N,0.0,0.0,0.0,0.0,0.0,0.0,0.0
nuc_moderate,50,50,new_floating_offshore_wind,CA_N,0.0,0.0,0.0,0.0,0.0,0.0,0.0
nuc_moderate,51,51,new_floating_offshore_wind,CA_N,0.0,0.0,0.0,0.0,0.0,0.0,0.0
nuc_moderate,52,52,new_floating_offshore_wind,CA_N,0.0,0.0,0.0,0.0,0.0,0.0,0.0
nuc_moderate,53,53,new_floating_offshore_wind,CA_N,0.0,0.0,0.0,0.0,0.0,0.0,0.0
nuc_moderate,54,54,new_utility_pv,CA_N,0.0,0.0,0.0,0.0,0.0,0.0,0.0
nuc_moderate,55,55,new_utility_pv,CA_N,0.0,0.0,0.0,0.0,0.0,0.0,0.0
nuc_moderate,56,56,new_utility_pv,CA_N,0.0,0.0,0.0,0.0,0.0,0.0,0.0
nuc_moderate,57,57,new_utility_pv,CA_N,11995.573644537533,0.0,11995.573644537533,0.0,97748.15288846727,0.9302152003949492,10.839202341143302
nuc_moderate,58,58,battery,CA_N,15408.044302952161,0.0,15408.044302952161,0.0,14076.564094031935,0.10429056911891756,1.5609371837172237
nuc_moderate,59,59,nuclear,CA_N,0.0,0.0,0.0,0.0,0.0,0.0,0.0
nuc_moderate,60,60,naturalgas_ccs100,CA_N,0.0,0.0,0.0,0.0,0.0,0.0,0.0
nuc_moderate,61,61,naturalgas_ccccsavgcf,CA_S,0.0,0.0,0.0,0.0,0.0,0.0,0.0
nuc_moderate,62,62,new_onshore_wind,CA_S,0.0,0.0,0.0,0.0,0.0,0.0,0.0
nuc_moderate,63,63,new_onshore_wind,CA_S,0.0,0.0,0.0,0.0,0.0,0.0,0.0
nuc_moderate,64,64,new_onshore_wind,CA_S,0.0,0.0,0.0,0.0,0.0,0.0,0.0
nuc_moderate,65,65,new_utility_pv,CA_S,0.0,0.0,0.0,0.0,0.0,0.0,0.0
nuc_moderate,66,66,new_utility_pv,CA_S,0.0,0.0,0.0,0.0,0.0,0.0,0.0
nuc_moderate,67,67,new_utility_pv,CA_S,0.0,0.0,0.0,0.0,0.0,0.0,0.0
nuc_moderate,68,68,new_utility_pv,CA_S,0.0,0.0,0.0,0.0,0.0,0.0,0.0
nuc_moderate,69,69,new_utility_pv,CA_S,15080.943512870406,0.0,15080.943512870406,0.0,105898.73594125951,0.8016008273375271,11.743012963614225
nuc_moderate,70,70,new_utility_pv,CA_S,0.0,0.0,0.0,0.0,0.0,0.0,0.0
nuc_moderate,71,71,new_utility_pv,CA_S,0.0,0.0,0.0,0.0,0.0,0.0,0.0
nuc_moderate,72,72,new_utility_pv,CA_S,0.0,0.0,0.0,0.0,0.0,0.0,0.0
nuc_moderate,73,73,new_utility_pv,CA_S,0.0,0.0,0.0,0.0,0.0,0.0,0.0
nuc_moderate,74,74,new_utility_pv,CA_S,0.0,0.0,0.0,0.0,0.0,0.0,0.0
nuc_moderate,75,75,battery,CA_S,0.0,0.0,0.0,0.0,0.0,0.0,0.0
nuc_moderate,76,76,nuclear,CA_S,0.0,0.0,0.0,0.0,0.0,0.0,0.0
nuc_moderate,77,77,naturalgas_ccs100,CA_S,0.0,0.0,0.0,0.0,0.0,0.0,0.0
nuc_moderate,78,78,naturalgas_ccccsavgcf,WECC_N,0.0,0.0,0.0,0.0,0.0,0.0,0.0
nuc_moderate,79,79,new_onshore_wind,WECC_N,0.0,0.0,0.0,0.0,0.0,0.0,0.0
nuc_moderate,80,80,new_onshore_wind,WECC_N,0.0,0.0,0.0,0.0,0.0,0.0,0.0
nuc_moderate,81,81,new_onshore_wind,WECC_N,0.0,0.0,0.0,0.0,0.0,0.0,0.0
nuc_moderate,82,82,new_onshore_wind,WECC_N,0.0,0.0,0.0,0.0,0.0,0.0,0.0
nuc_moderate,83,83,new_onshore_wind,WECC_N,0.0,0.0,0.0,0.0,0.0,0.0,0.0
nuc_moderate,84,84,new_onshore_wind,WECC_N,0.0,0.0,0.0,0.0,0.0,0.0,0.0
nuc_moderate,85,85,new_utility_pv,WECC_N,0.0,0.0,0.0,0.0,0.0,0.0,0.0
nuc_moderate,86,86,new_utility_pv,WECC_N,16185.6329213531,0.0,16185.6329213531,0.0,128516.15926446053,0.9064084492629028,14.251038134332248
nuc_moderate,87,87,new_utility_pv,WECC_N,0.0,0.0,0.0,0.0,0.0,0.0,0.0
nuc_moderate,88,88,new_utility_pv,WECC_N,0.0,0.0,0.0,0.0,0.0,0.0,0.0
nuc_moderate,89,89,new_utility_pv,WECC_N,0.0,0.0,0.0,0.0,0.0,0.0,0.0
nuc_moderate,90,90,new_utility_pv,WECC_N,0.0,0.0,0.0,0.0,0.0,0.0,0.0
nuc_moderate,91,91,new_utility_pv,WECC_N,0.0,0.0,0.0,0.0,0.0,0.0,0.0
nuc_moderate,92,92,new_utility_pv,WECC_N,0.0,0.0,0.0,0.0,0.0,0.0,0.0
nuc_moderate,93,93,battery,WECC_N,0.0,0.0,0.0,0.0,0.0,0.0,0.0
nuc_moderate,94,94,nuclear,WECC_N,0.0,0.0,0.0,0.0,0.0,0.0,0.0
nuc_moderate,95,95,naturalgas_ccs100,WECC_N,0.0,0.0,0.0,0.0,0.0,0.0,0.0
nuc_moderate,96,96,naturalgas_ccccsavgcf,WECC_NMAZ,0.0,0.0,0.0,0.0,0.0,0.0,0.0
nuc_moderate,97,97,new_onshore_wind,WECC_NMAZ,0.0,0.0,0.0,0.0,0.0,0.0,0.0
nuc_moderate,98,98,new_onshore_wind,WECC_NMAZ,0.0,0.0,0.0,0.0,0.0,0.0,0.0
nuc_moderate,99,99,new_onshore_wind,WECC_NMAZ,0.0,0.0,0.0,0.0,0.0,0.0,0.0
nuc_moderate,100,100,new_onshore_wind,WECC_NMAZ,0.0,0.0,0.0,0.0,0.0,0.0,0.0
nuc_moderate,101,101,new_onshore_wind,WECC_NMAZ,0.0,0.0,0.0,0.0,0.0,0.0,0.0
nuc_moderate,102,102,new_onshore_wind,WECC_NMAZ,0.0,0.0,0.0,0.0,0.0,0.0,0.0
nuc_moderate,103,103,new_onshore_wind,WECC_NMAZ,0.0,0.0,0.0,0.0,0.0,0.0,0.0
nuc_moderate,104,104,new_utility_pv,WECC_NMAZ,38055.5585593952,0.0,38055.5585593952,0.0,217057.85536675248,0.6511084038607842,24.069344990481483
nuc_moderate,105,105,new_utility_pv,WECC_NMAZ,0.0,0.0,0.0,0.0,0.0,0.0,0.0
nuc_moderate,106,106,new_utility_pv,WECC_NMAZ,0.0,0.0,0.0,0.0,0.0,0.0,0.0
nuc_moderate,107,107,new_utility_pv,WECC_NMAZ,0.0,0.0,0.0,0.0,0.0,0.0,0.0
nuc_moderate,108,108,new_utility_pv,WECC_NMAZ,0.0,0.0,0.0,0.0,0.0,0.0,0.0
nuc_moderate,109,109,new_utility_pv,WECC_NMAZ,0.0,0.0,0.0,0.0,0.0,0.0,0.0
nuc_moderate,110,110,new_utility_pv,WECC_NMAZ,0.0,0.0,0.0,0.0,0.0,0.0,0.0
nuc_moderate,111,111,new_utility_pv,WECC_NMAZ,0.0,0.0,0.0,0.0,0.0,0.0,0.0
nuc_moderate,112,112,new_utility_pv,WECC_NMAZ,0.0,0.0,0.0,0.0,0.0,0.0,0.0
nuc_moderate,113,113,new_utility_pv,WECC_NMAZ,0.0,0.0,0.0,0.0,0.0,0.0,0.0
nuc_moderate,114,114,new_utility_pv,WECC_NMAZ,0.0,0.0,0.0,0.0,0.0,0.0,0.0
nuc_moderate,115,115,new_utility_pv,WECC_NMAZ,0.0,0.0,0.0,0.0,0.0,0.0,0.0
nuc_moderate,116,116,battery,WECC_NMAZ,0.0,0.0,0.0,0.0,0.0,0.0,0.0
nuc_moderate,117,117,nuclear,WECC_NMAZ,0.0,0.0,0.0,0.0,0.0,0.0,0.0
nuc_moderate,118,118,naturalgas_ccs100,WECC_NMAZ,0.0,0.0,0.0,0.0,0.0,0.0,0.0
nuc_moderate,119,119,naturalgas_ccccsavgcf,WECC_PNW,0.0,0.0,0.0,0.0,0.0,0.0,0.0
nuc_moderate,120,120,new_onshore_wind,WECC_PNW,0.0,0.0,0.0,0.0,0.0,0.0,0.0
nuc_moderate,121,121,new_floating_offshore_wind,WECC_PNW,0.0,0.0,0.0,0.0,0.0,0.0,0.0
nuc_moderate,122,122,new_floating_offshore_wind,WECC_PNW,0.0,0.0,0.0,0.0,0.0,0.0,0.0
nuc_moderate,123,123,new_floating_offshore_wind,WECC_PNW,0.0,0.0,0.0,0.0,0.0,0.0,0.0
nuc_moderate,124,124,new_utility_pv,WECC_PNW,0.0,0.0,0.0,0.0,0.0,0.0,0.0
nuc_moderate,125,125,battery,WECC_PNW,0.0,0.0,0.0,0.0,0.0,0.0,0.0
nuc_moderate,126,126,nuclear,WECC_PNW,0.0,0.0,0.0,0.0,0.0,0.0,0.0
nuc_moderate,127,127,naturalgas_ccs100,WECC_PNW,0.0,0.0,0.0,0.0,0.0,0.0,0.0
nuc_moderate,128,128,naturalgas_ccccsavgcf,WECC_WYCO,0.0,0.0,0.0,0.0,0.0,0.0,0.0
nuc_moderate,129,129,new_onshore_wind,WECC_WYCO,0.0,0.0,0.0,0.0,0.0,0.0,0.0
nuc_moderate,130,130,new_onshore_wind,WECC_WYCO,0.0,0.0,0.0,0.0,0.0,0.0,0.0
nuc_moderate,131,131,new_onshore_wind,WECC_WYCO,0.0,0.0,0.0,0.0,0.0,0.0,0.0
nuc_moderate,132,132,new_onshore_wind,WECC_WYCO,0.0,0.0,0.0,0.0,0.0,0.0,0.0
nuc_moderate,133,133,new_onshore_wind,WECC_WYCO,0.0,0.0,0.0,0.0,0.0,0.0,0.0
nuc_moderate,134,134,new_onshore_wind,WECC_WYCO,0.0,0.0,0.0,0.0,0.0,0.0,0.0
nuc_moderate,135,135,new_onshore_wind,WECC_WYCO,0.0,0.0,0.0,0.0,0.0,0.0,0.0
nuc_moderate,136,136,new_utility_pv,WECC_WYCO,0.0,0.0,0.0,0.0,0.0,0.0,0.0
nuc_moderate,137,137,new_utility_pv,WECC_WYCO,4776.7,0.0,4776.7,0.0,15606.94408503357,0.37298022098502626,1.7306396066390273
nuc_moderate,138,138,new_utility_pv,WECC_WYCO,0.0,0.0,0.0,0.0,0.0,0.0,0.0
nuc_moderate,139,139,new_utility_pv,WECC_WYCO,0.0,0.0,0.0,0.0,0.0,0.0,0.0
nuc_moderate,140,140,new_utility_pv,WECC_WYCO,0.0,0.0,0.0,0.0,0.0,0.0,0.0
nuc_moderate,141,141,battery,WECC_WYCO,0.0,0.0,0.0,0.0,0.0,0.0,0.0
nuc_moderate,142,142,nuclear,WECC_WYCO,0.0,0.0,0.0,0.0,0.0,0.0,0.0
nuc_moderate,143,143,naturalgas_ccs100,WECC_WYCO,0.0,0.0,0.0,0.0,0.0,0.0,0.0
nuc_moderate,144,156,new_biogas_CCGT,CA_N,0.0,0.0,0.0,0.0,0.0,0.0,0.0
nuc_moderate,145,157,new_biogas_CCGT,CA_S,0.0,0.0,0.0,0.0,0.0,0.0,0.0
nuc_moderate,146,158,new_biogas_CCGT,WECC_N,0.0,0.0,0.0,0.0,0.0,0.0,0.0
nuc_moderate,147,159,new_biogas_CCGT,WECC_NMAZ,0.0,0.0,0.0,0.0,0.0,0.0,0.0
nuc_moderate,148,160,new_biogas_CCGT,WECC_PNW,0.0,0.0,0.0,0.0,0.0,0.0,0.0
nuc_moderate,149,161,new_biogas_CCGT,WECC_WYCO,0.0,0.0,0.0,0.0,0.0,0.0,0.0
nuc_moderate,150,162,biomass,WECC_PNW,0.0,28.4,0.0,28.4,0.0,0.0,0.0
nuc_moderate,151,163,biomass,WECC_PNW,0.0,74.43,0.0,74.43,0.0,0.0,0.0
nuc_moderate,152,164,conventional_hydroelectric,WECC_PNW,29850.0,29850.0,0.0,0.0,205219.02023781367,0.7848183850677041,22.756547503735895
nuc_moderate,153,165,geothermal,WECC_PNW,14.49,14.49,0.0,0.0,14.92821501923054,0.11760760073259892,0.0016553759677705917
nuc_moderate,154,166,geothermal,WECC_PNW,1.17,1.17,0.0,0.0,10.007253883929081,0.9763936584249583,0.0011096951351179682
nuc_moderate,155,167,hydroelectric_pumped_storage,WECC_PNW,214.0,214.0,0.0,0.0,463.2807801874972,0.2471305318287763,0.051372777580204115
nuc_moderate,156,168,hydroelectric_pumped_storage,WECC_PNW,100.0,100.0,0.0,0.0,190.851487860746,0.21786699527482423,0.02116334511600732
nuc_moderate,157,169,nuclear,WECC_PNW,1163.0,1163.0,0.0,0.0,23.817078538226454,0.002337785539113776,0.002641053828866741
nuc_moderate,158,170,onshore_wind_turbine,WECC_PNW,5254.0,5254.0,0.0,0.0,30561.585415450027,0.6640208333431111,3.3889459636355
nuc_moderate,159,171,solar_photovoltaic,WECC_PNW,209.9,209.9,0.0,0.0,222.61180413457188,0.12106863462627991,0.0246852172367369
pessimistic_all,1,1,biomass,CA_N,36.72,36.72,0.0,0.0,135.97766554944576,0.42272779304027813,0.015078437670822207
pessimistic_all,2,2,biomass,CA_N,0.0,33.06,0.0,33.06,0.0,0.0,0.0
pessimistic_all,3,3,conventional_hydroelectric,CA_N,0.0,6607.44,0.0,6607.44,0.0,0.0,0.0
pessimistic_all,4,4,geothermal,CA_N,542.55,542.55,0.0,0.0,4337.255466418057,0.9125803834375168,0.48095425045399404
pessimistic_all,5,5,geothermal,CA_N,100.32,100.32,0.0,0.0,808.5557479472653,0.9200646378475469,0.0896599996738035
pessimistic_all,6,6,hydroelectric_pumped_storage,CA_N,615.15,615.15,0.0,0.0,2137.871437129662,0.3967312863754992,0.23706658797777908
pessimistic_all,7,7,hydroelectric_pumped_storage,CA_N,1175.8,1175.8,0.0,0.0,2666.8045763035075,0.2589128645631642,0.29571949497422273
pessimistic_all,8,8,onshore_wind_turbine,CA_N,1327.6,1327.6,0.0,0.0,1223.9392054200953,0.10524185551124074,0.1357214874018536
pessimistic_all,9,9,small_hydroelectric,CA_N,231.4,231.4,0.0,0.0,1372.2176311317112,0.6769483504870646,0.15216394499947453
pessimistic_all,10,10,small_hydroelectric,CA_N,1.95,1.95,0.0,0.0,9.55191964285719,0.5591804029304057,0.001059203541916605
pessimistic_all,11,11,solar_photovoltaic,CA_N,2787.1,2787.1,0.0,0.0,2635.1209886378188,0.1079304288494587,0.29220613121794176
pessimistic_all,12,12,biomass,CA_S,0.0,67.2,0.0,67.2,0.0,0.0,0.0
pessimistic_all,13,13,biomass,CA_S,0.0,38.1,0.0,38.1,0.0,0.0,0.0
pessimistic_all,14,14,conventional_hydroelectric,CA_S,0.0,1396.0,0.0,1396.0,0.0,0.0,0.0
pessimistic_all,15,15,geothermal,CA_S,0.0,535.15,0.0,535.15,0.0,0.0,0.0
pessimistic_all,16,16,geothermal,CA_S,0.0,73.02,0.0,73.02,0.0,0.0,0.0
pessimistic_all,17,17,hydroelectric_pumped_storage,CA_S,1623.0,1623.0,0.0,0.0,2533.134690587414,0.1781704416385614,0.2808969648764168
pessimistic_all,18,18,hydroelectric_pumped_storage,CA_S,42.0,42.0,0.0,0.0,68.21020542078925,0.1853941221482639,0.007563766643554809
pessimistic_all,19,19,onshore_wind_turbine,CA_S,4735.6,4735.6,0.0,0.0,9004.951714731209,0.2170712316311967,0.9985507738398699
pessimistic_all,20,20,small_hydroelectric,CA_S,126.44,126.44,0.0,0.0,843.4286358691539,0.7614821871845959,0.09352702198814497
pessimistic_all,21,21,small_hydroelectric,CA_S,7.0,7.0,0.0,0.0,25.971820673076763,0.4235456730769205,0.0028799911929239313
pessimistic_all,22,22,solar_photovoltaic,CA_S,9520.0,9520.0,0.0,0.0,10383.444816324089,0.12450890238675713,1.1514105999593907
pessimistic_all,23,23,biomass,WECC_N,6.24,6.24,0.0,0.0,20.482907314285722,0.37471657509157524,0.002271330663074061
pessimistic_all,24,24,biomass,WECC_N,0.0,13.8,0.0,13.8,0.0,0.0,0.0
pessimistic_all,25,25,conventional_hydroelectric,WECC_N,0.0,4648.1,0.0,4648.1,0.0,0.0,0.0
pessimistic_all,26,26,geothermal,WECC_N,0.0,165.24,0.0,165.24,0.0,0.0,0.0
pessimistic_all,27,27,geothermal,WECC_N,0.0,215.16,0.0,215.16,0.0,0.0,0.0
pessimistic_all,28,28,onshore_wind_turbine,WECC_N,3893.9,3893.9,0.0,0.0,5139.672036600688,0.15067684124486153,0.5699334823789171
pessimistic_all,29,29,solar_photovoltaic,WECC_N,1185.7,1185.7,0.0,0.0,1503.3636741794178,0.14473885281524715,0.1667066085161587
pessimistic_all,30,30,biomass,WECC_NMAZ,0.0,3.54,0.0,3.54,0.0,0.0,0.0
pessimistic_all,31,31,biomass,WECC_NMAZ,0.0,11.4,0.0,11.4,0.0,0.0,0.0
pessimistic_all,32,32,conventional_hydroelectric,WECC_NMAZ,0.0,3960.0,0.0,3960.0,0.0,0.0,0.0
pessimistic_all,33,33,geothermal,WECC_NMAZ,0.0,0.68,0.0,0.68,0.0,0.0,0.0
pessimistic_all,34,34,geothermal,WECC_NMAZ,0.0,2.66,0.0,2.66,0.0,0.0,0.0
pessimistic_all,35,35,hydroelectric_pumped_storage,WECC_NMAZ,119.0,119.0,0.0,0.0,241.53736454423077,0.23170385302197802,0.026783855140758372
pessimistic_all,36,36,hydroelectric_pumped_storage,WECC_NMAZ,97.3,97.3,0.0,0.0,204.11063618947165,0.23946866325664123,0.022633639820913664
pessimistic_all,37,37,nuclear,WECC_NMAZ,4002.99,4002.99,0.0,0.0,54.396372337647875,0.0015512483282230515,0.006031963458835861
pessimistic_all,38,38,onshore_wind_turbine,WECC_NMAZ,0.0,1235.1,0.0,1235.1,0.0,0.0,0.0
pessimistic_all,39,39,solar_photovoltaic,WECC_NMAZ,6266.4,6266.4,0.0,0.0,8291.303773450445,0.15104300149194713,0.9194150131395242
pessimistic_all,40,40,biomass,WECC_WYCO,0.0,4.8,0.0,4.8,0.0,0.0,0.0
pessimistic_all,41,41,biomass,WECC_WYCO,0.0,8.04,0.0,8.04,0.0,0.0,0.0
pessimistic_all,42,42,conventional_hydroelectric,WECC_WYCO,0.0,961.87,0.0,961.87,0.0,0.0,0.0
pessimistic_all,43,43,hydroelectric_pumped_storage,WECC_WYCO,324.0,324.0,0.0,0.0,680.2143922762926,0.23966063203826762,0.07542834534841071
pessimistic_all,44,44,hydroelectric_pumped_storage,WECC_WYCO,238.5,238.5,0.0,0.0,522.7744374584632,0.2502199043960365,0.05796997425470737
pessimistic_all,45,45,onshore_wind_turbine,WECC_WYCO,5751.7,5751.7,0.0,0.0,48260.472380670755,0.9578361779691967,5.351559183017219
pessimistic_all,46,46,solar_photovoltaic,WECC_WYCO,593.1,593.1,0.0,0.0,4658.334654186313,0.8965998353566612,0.5165584248645437
pessimistic_all,47,47,naturalgas_ccccsavgcf,CA_N,0.0,0.0,0.0,0.0,0.0,0.0,0.0
pessimistic_all,48,48,new_onshore_wind,CA_N,0.0,0.0,0.0,0.0,0.0,0.0,0.0
pessimistic_all,49,49,new_floating_offshore_wind,CA_N,0.0,0.0,0.0,0.0,0.0,0.0,0.0
pessimistic_all,50,50,new_floating_offshore_wind,CA_N,0.0,0.0,0.0,0.0,0.0,0.0,0.0
pessimistic_all,51,51,new_floating_offshore_wind,CA_N,0.0,0.0,0.0,0.0,0.0,0.0,0.0
pessimistic_all,52,52,new_floating_offshore_wind,CA_N,0.0,0.0,0.0,0.0,0.0,0.0,0.0
pessimistic_all,53,53,new_floating_offshore_wind,CA_N,0.0,0.0,0.0,0.0,0.0,0.0,0.0
pessimistic_all,54,54,new_utility_pv,CA_N,0.0,0.0,0.0,0.0,0.0,0.0,0.0
pessimistic_all,55,55,new_utility_pv,CA_N,0.0,0.0,0.0,0.0,0.0,0.0,0.0
pessimistic_all,56,56,new_utility_pv,CA_N,0.0,0.0,0.0,0.0,0.0,0.0,0.0
pessimistic_all,57,57,new_utility_pv,CA_N,14305.262720000002,0.0,14305.262720000002,0.0,101042.29130487666,0.8063122198867314,11.20448630590462
pessimistic_all,58,58,battery,CA_N,6671.517155770878,0.0,6671.517155770878,0.0,9140.385759519495,0.15639966255742216,1.013568929906867
pessimistic_all,59,59,nuclear,CA_N,0.0,0.0,0.0,0.0,0.0,0.0,0.0
pessimistic_all,60,60,naturalgas_ccs100,CA_N,0.0,0.0,0.0,0.0,0.0,0.0,0.0
pessimistic_all,61,61,naturalgas_ccccsavgcf,CA_S,0.0,0.0,0.0,0.0,0.0,0.0,0.0
pessimistic_all,62,62,new_onshore_wind,CA_S,0.0,0.0,0.0,0.0,0.0,0.0,0.0
pessimistic_all,63,63,new_onshore_wind,CA_S,0.0,0.0,0.0,0.0,0.0,0.0,0.0
pessimistic_all,64,64,new_onshore_wind,CA_S,0.0,0.0,0.0,0.0,0.0,0.0,0.0
pessimistic_all,65,65,new_utility_pv,CA_S,0.0,0.0,0.0,0.0,0.0,0.0,0.0
pessimistic_all,66,66,new_utility_pv,CA_S,0.0,0.0,0.0,0.0,0.0,0.0,0.0
pessimistic_all,67,67,new_utility_pv,CA_S,0.0,0.0,0.0,0.0,0.0,0.0,0.0
pessimistic_all,68,68,new_utility_pv,CA_S,0.0,0.0,0.0,0.0,0.0,0.0,0.0
pessimistic_all,69,69,new_utility_pv,CA_S,20044.1631181552,0.0,20044.1631181552,0.0,131731.77828742636,0.7502370712650891,14.607615156117268
pessimistic_all,70,70,new_utility_pv,CA_S,0.0,0.0,0.0,0.0,0.0,0.0,0.0
pessimistic_all,71,71,new_utility_pv,CA_S,0.0,0.0,0.0,0.0,0.0,0.0,0.0
pessimistic_all,72,72,new_utility_pv,CA_S,0.0,0.0,0.0,0.0,0.0,0.0,0.0
pessimistic_all,73,73,new_utility_pv,CA_S,0.0,0.0,0.0,0.0,0.0,0.0,0.0
pessimistic_all,74,74,new_utility_pv,CA_S,0.0,0.0,0.0,0.0,0.0,0.0,0.0
pessimistic_all,75,75,battery,CA_S,0.0,0.0,0.0,0.0,0.0,0.0,0.0
pessimistic_all,76,76,nuclear,CA_S,0.0,0.0,0.0,0.0,0.0,0.0,0.0
pessimistic_all,77,77,naturalgas_ccs100,CA_S,0.0,0.0,0.0,0.0,0.0,0.0,0.0
pessimistic_all,78,78,naturalgas_ccccsavgcf,WECC_N,0.0,0.0,0.0,0.0,0.0,0.0,0.0
pessimistic_all,79,79,new_onshore_wind,WECC_N,0.0,0.0,0.0,0.0,0.0,0.0,0.0
pessimistic_all,80,80,new_onshore_wind,WECC_N,0.0,0.0,0.0,0.0,0.0,0.0,0.0
pessimistic_all,81,81,new_onshore_wind,WECC_N,0.0,0.0,0.0,0.0,0.0,0.0,0.0
pessimistic_all,82,82,new_onshore_wind,WECC_N,0.0,0.0,0.0,0.0,0.0,0.0,0.0
pessimistic_all,83,83,new_onshore_wind,WECC_N,0.0,0.0,0.0,0.0,0.0,0.0,0.0
pessimistic_all,84,84,new_onshore_wind,WECC_N,0.0,0.0,0.0,0.0,0.0,0.0,0.0
pessimistic_all,85,85,new_utility_pv,WECC_N,0.0,0.0,0.0,0.0,0.0,0.0,0.0
pessimistic_all,86,86,new_utility_pv,WECC_N,17096.384983857504,0.0,17096.384983857504,0.0,124748.95722004856,0.8329684055750747,13.833296581037203
pessimistic_all,87,87,new_utility_pv,WECC_N,0.0,0.0,0.0,0.0,0.0,0.0,0.0
pessimistic_all,88,88,new_utility_pv,WECC_N,0.0,0.0,0.0,0.0,0.0,0.0,0.0
pessimistic_all,89,89,new_utility_pv,WECC_N,0.0,0.0,0.0,0.0,0.0,0.0,0.0
pessimistic_all,90,90,new_utility_pv,WECC_N,0.0,0.0,0.0,0.0,0.0,0.0,0.0
pessimistic_all,91,91,new_utility_pv,WECC_N,0.0,0.0,0.0,0.0,0.0,0.0,0.0
pessimistic_all,92,92,new_utility_pv,WECC_N,0.0,0.0,0.0,0.0,0.0,0.0,0.0
pessimistic_all,93,93,battery,WECC_N,0.0,0.0,0.0,0.0,0.0,0.0,0.0
pessimistic_all,94,94,nuclear,WECC_N,0.0,0.0,0.0,0.0,0.0,0.0,0.0
pessimistic_all,95,95,naturalgas_ccs100,WECC_N,0.0,0.0,0.0,0.0,0.0,0.0,0.0
pessimistic_all,96,96,naturalgas_ccccsavgcf,WECC_NMAZ,0.0,0.0,0.0,0.0,0.0,0.0,0.0
pessimistic_all,97,97,new_onshore_wind,WECC_NMAZ,0.0,0.0,0.0,0.0,0.0,0.0,0.0
pessimistic_all,98,98,new_onshore_wind,WECC_NMAZ,0.0,0.0,0.0,0.0,0.0,0.0,0.0
pessimistic_all,99,99,new_onshore_wind,WECC_NMAZ,0.0,0.0,0.0,0.0,0.0,0.0,0.0
pessimistic_all,100,100,new_onshore_wind,WECC_NMAZ,0.0,0.0,0.0,0.0,0.0,0.0,0.0
pessimistic_all,101,101,new_onshore_wind,WECC_NMAZ,0.0,0.0,0.0,0.0,0.0,0.0,0.0
pessimistic_all,102,102,new_onshore_wind,WECC_NMAZ,0.0,0.0,0.0,0.0,0.0,0.0,0.0
pessimistic_all,103,103,new_onshore_wind,WECC_NMAZ,0.0,0.0,0.0,0.0,0.0,0.0,0.0
pessimistic_all,104,104,new_utility_pv,WECC_NMAZ,39615.994963324796,0.0,39615.994963324796,0.0,211450.44102999786,0.6093038486630914,23.44754399669634
pessimistic_all,105,105,new_utility_pv,WECC_NMAZ,0.0,0.0,0.0,0.0,0.0,0.0,0.0
pessimistic_all,106,106,new_utility_pv,WECC_NMAZ,0.0,0.0,0.0,0.0,0.0,0.0,0.0
pessimistic_all,107,107,new_utility_pv,WECC_NMAZ,0.0,0.0,0.0,0.0,0.0,0.0,0.0
pessimistic_all,108,108,new_utility_pv,WECC_NMAZ,0.0,0.0,0.0,0.0,0.0,0.0,0.0
pessimistic_all,109,109,new_utility_pv,WECC_NMAZ,0.0,0.0,0.0,0.0,0.0,0.0,0.0
pessimistic_all,110,110,new_utility_pv,WECC_NMAZ,0.0,0.0,0.0,0.0,0.0,0.0,0.0
pessimistic_all,111,111,new_utility_pv,WECC_NMAZ,0.0,0.0,0.0,0.0,0.0,0.0,0.0
pessimistic_all,112,112,new_utility_pv,WECC_NMAZ,0.0,0.0,0.0,0.0,0.0,0.0,0.0
pessimistic_all,113,113,new_utility_pv,WECC_NMAZ,0.0,0.0,0.0,0.0,0.0,0.0,0.0
pessimistic_all,114,114,new_utility_pv,WECC_NMAZ,0.0,0.0,0.0,0.0,0.0,0.0,0.0
pessimistic_all,115,115,new_utility_pv,WECC_NMAZ,0.0,0.0,0.0,0.0,0.0,0.0,0.0
pessimistic_all,116,116,battery,WECC_NMAZ,0.0,0.0,0.0,0.0,0.0,0.0,0.0
pessimistic_all,117,117,nuclear,WECC_NMAZ,0.0,0.0,0.0,0.0,0.0,0.0,0.0
pessimistic_all,118,118,naturalgas_ccs100,WECC_NMAZ,0.0,0.0,0.0,0.0,0.0,0.0,0.0
pessimistic_all,119,119,naturalgas_ccccsavgcf,WECC_PNW,0.0,0.0,0.0,0.0,0.0,0.0,0.0
pessimistic_all,120,120,new_onshore_wind,WECC_PNW,0.0,0.0,0.0,0.0,0.0,0.0,0.0
pessimistic_all,121,121,new_floating_offshore_wind,WECC_PNW,0.0,0.0,0.0,0.0,0.0,0.0,0.0
pessimistic_all,122,122,new_floating_offshore_wind,WECC_PNW,0.0,0.0,0.0,0.0,0.0,0.0,0.0
pessimistic_all,123,123,new_floating_offshore_wind,WECC_PNW,0.0,0.0,0.0,0.0,0.0,0.0,0.0
pessimistic_all,124,124,new_utility_pv,WECC_PNW,0.0,0.0,0.0,0.0,0.0,0.0,0.0
pessimistic_all,125,125,battery,WECC_PNW,0.0,0.0,0.0,0.0,0.0,0.0,0.0
pessimistic_all,126,126,nuclear,WECC_PNW,0.0,0.0,0.0,0.0,0.0,0.0,0.0
pessimistic_all,127,127,naturalgas_ccs100,WECC_PNW,0.0,0.0,0.0,0.0,0.0,0.0,0.0
pessimistic_all,128,128,naturalgas_ccccsavgcf,WECC_WYCO,0.0,0.0,0.0,0.0,0.0,0.0,0.0
pessimistic_all,129,129,new_onshore_wind,WECC_WYCO,0.0,0.0,0.0,0.0,0.0,0.0,0.0
pessimistic_all,130,130,new_onshore_wind,WECC_WYCO,0.0,0.0,0.0,0.0,0.0,0.0,0.0
pessimistic_all,131,131,new_onshore_wind,WECC_WYCO,0.0,0.0,0.0,0.0,0.0,0.0,0.0
pessimistic_all,132,132,new_onshore_wind,WECC_WYCO,0.0,0.0,0.0,0.0,0.0,0.0,0.0
pessimistic_all,133,133,new_onshore_wind,WECC_WYCO,0.0,0.0,0.0,0.0,0.0,0.0,0.0
pessimistic_all,134,134,new_onshore_wind,WECC_WYCO,0.0,0.0,0.0,0.0,0.0,0.0,0.0
pessimistic_all,135,135,new_onshore_wind,WECC_WYCO,0.0,0.0,0.0,0.0,0.0,0.0,0.0
pessimistic_all,136,136,new_utility_pv,WECC_WYCO,0.0,0.0,0.0,0.0,0.0,0.0,0.0
pessimistic_all,137,137,new_utility_pv,WECC_WYCO,4776.7,0.0,4776.7,0.0,17202.046869362268,0.4111005465113587,1.907519080300158
pessimistic_all,138,138,new_utility_pv,WECC_WYCO,0.0,0.0,0.0,0.0,0.0,0.0,0.0
pessimistic_all,139,139,new_utility_pv,WECC_WYCO,0.0,0.0,0.0,0.0,0.0,0.0,0.0
pessimistic_all,140,140,new_utility_pv,WECC_WYCO,0.0,0.0,0.0,0.0,0.0,0.0,0.0
pessimistic_all,141,141,battery,WECC_WYCO,0.0,0.0,0.0,0.0,0.0,0.0,0.0
pessimistic_all,142,142,nuclear,WECC_WYCO,0.0,0.0,0.0,0.0,0.0,0.0,0.0
pessimistic_all,143,143,naturalgas_ccs100,WECC_WYCO,0.0,0.0,0.0,0.0,0.0,0.0,0.0
pessimistic_all,144,156,new_biogas_CCGT,CA_N,0.0,0.0,0.0,0.0,0.0,0.0,0.0
pessimistic_all,145,157,new_biogas_CCGT,CA_S,0.0,0.0,0.0,0.0,0.0,0.0,0.0
pessimistic_all,146,158,new_biogas_CCGT,WECC_N,0.0,0.0,0.0,0.0,0.0,0.0,0.0
pessimistic_all,147,159,new_biogas_CCGT,WECC_NMAZ,0.0,0.0,0.0,0.0,0.0,0.0,0.0
pessimistic_all,148,160,new_biogas_CCGT,WECC_PNW,0.0,0.0,0.0,0.0,0.0,0.0,0.0
pessimistic_all,149,161,new_biogas_CCGT,WECC_WYCO,0.0,0.0,0.0,0.0,0.0,0.0,0.0
pessimistic_all,150,162,biomass,WECC_PNW,0.0,28.4,0.0,28.4,0.0,0.0,0.0
pessimistic_all,151,163,biomass,WECC_PNW,0.0,74.43,0.0,74.43,0.0,0.0,0.0
pessimistic_all,152,164,conventional_hydroelectric,WECC_PNW,29850.0,29850.0,0.0,0.0,192901.93082098835,0.7377141828663422,21.390716840978932
pessimistic_all,153,165,geothermal,WECC_PNW,0.0,14.49,0.0,14.49,0.0,0.0,0.0
pessimistic_all,154,166,geothermal,WECC_PNW,0.0,1.17,0.0,1.17,0.0,0.0,0.0
pessimistic_all,155,167,hydroelectric_pumped_storage,WECC_PNW,214.0,214.0,0.0,0.0,446.5776106865945,0.23822046402861055,0.049520578550261526
pessimistic_all,156,168,hydroelectric_pumped_storage,WECC_PNW,100.0,100.0,0.0,0.0,194.74897580764934,0.22231618242882345,0.021595533952627647
pessimistic_all,157,169,nuclear,WECC_PNW,1163.0,1163.0,0.0,0.0,15.160535714285718,0.0014880952380952384,0.001681137794949172
pessimistic_all,158,170,onshore_wind_turbine,WECC_PNW,5254.0,5254.0,0.0,0.0,28700.025326758805,0.6235741528254795,3.1825192857365923
pessimistic_all,159,171,solar_photovoltaic,WECC_PNW,209.9,209.9,0.0,0.0,192.513857596042,0.10469970348787637,0.02134768375969735
nuc_opt_bat_opt,1,1,biomass,CA_N,36.72,36.72,0.0,0.0,136.93537661537945,0.4257051282051121,0.015184637365867615
nuc_opt_bat_opt,2,2,biomass,CA_N,0.0,33.06,0.0,33.06,0.0,0.0,0.0
nuc_opt_bat_opt,3,3,conventional_hydroelectric,CA_N,0.0,6607.44,0.0,6607.44,0.0,0.0,0.0
nuc_opt_bat_opt,4,4,geothermal,CA_N,542.55,542.55,0.0,0.0,4477.028063037207,0.9419892413672303,0.49645350452410053
nuc_opt_bat_opt,5,5,geothermal,CA_N,100.32,100.32,0.0,0.0,839.3311417948128,0.9550843030553516,0.09307265465688606
nuc_opt_bat_opt,6,6,hydroelectric_pumped_storage,CA_N,264.24598987500013,615.15,0.0,350.90401012499984,568.3551894329248,0.24553155723578476,0.06302438171830813
nuc_opt_bat_opt,7,7,hydroelectric_pumped_storage,CA_N,505.0807522500002,1175.8,0.0,670.7192477499998,1012.2902404405548,0.22879162611295897,0.11225192926785577
nuc_opt_bat_opt,8,8,onshore_wind_turbine,CA_N,1327.6,1327.6,0.0,0.0,1345.496503158443,0.11569410306427595,0.14920086381249476
nuc_opt_bat_opt,9,9,small_hydroelectric,CA_N,231.4,231.4,0.0,0.0,650.9305983844034,0.32111990464257834,0.07218109250596878
nuc_opt_bat_opt,10,10,small_hydroelectric,CA_N,1.95,1.95,0.0,0.0,4.17664285714285,0.2445054945054941,0.0004631440666394787
nuc_opt_bat_opt,11,11,solar_photovoltaic,CA_N,2787.1,2787.1,0.0,0.0,3610.7281797352,0.14788977150498814,0.40039031104428635
nuc_opt_bat_opt,12,12,biomass,CA_S,0.0,67.2,0.0,67.2,0.0,0.0,0.0
nuc_opt_bat_opt,13,13,biomass,CA_S,0.0,38.1,0.0,38.1,0.0,0.0,0.0
nuc_opt_bat_opt,14,14,conventional_hydroelectric,CA_S,0.0,1396.0,0.0,1396.0,0.0,0.0,0.0
nuc_opt_bat_opt,15,15,geothermal,CA_S,535.15,535.15,0.0,0.0,4399.01062106954,0.9383727220826876,0.4878022224830901
nuc_opt_bat_opt,16,16,geothermal,CA_S,73.02,73.02,0.0,0.0,637.1124680711586,0.9960248397435971,0.07064881280537488
nuc_opt_bat_opt,17,17,hydroelectric_pumped_storage,CA_S,1623.0,1623.0,0.0,0.0,2818.3796631656733,0.19823341852182477,0.31252751628026243
nuc_opt_bat_opt,18,18,hydroelectric_pumped_storage,CA_S,42.0,42.0,0.0,0.0,99.48807918063761,0.27040682534419874,0.011032141159752267
nuc_opt_bat_opt,19,19,onshore_wind_turbine,CA_S,4735.6,4735.6,0.0,0.0,10314.833865946912,0.24864694029279513,1.1438023950779652
nuc_opt_bat_opt,20,20,small_hydroelectric,CA_S,126.44,126.44,0.0,0.0,595.2758787525433,0.5374396349059234,0.0660095920785627
nuc_opt_bat_opt,21,21,small_hydroelectric,CA_S,7.0,7.0,0.0,0.0,15.51793990384612,0.25306490384615327,0.001720770015239184
nuc_opt_bat_opt,22,22,solar_photovoltaic,CA_S,9520.0,9520.0,0.0,0.0,14448.3696836838,0.17325181405744935,1.6021663619545152
nuc_opt_bat_opt,23,23,biomass,WECC_N,6.24,6.24,0.0,0.0,20.572997657142867,0.37636469780219795,0.0022813206979376945
nuc_opt_bat_opt,24,24,biomass,WECC_N,0.0,13.8,0.0,13.8,0.0,0.0,0.0
nuc_opt_bat_opt,25,25,conventional_hydroelectric,WECC_N,0.0,4648.1,0.0,4648.1,0.0,0.0,0.0
nuc_opt_bat_opt,26,26,geothermal,WECC_N,165.24,165.24,0.0,0.0,648.2536636647468,0.44784289384580417,0.07188424968875977
nuc_opt_bat_opt,27,27,geothermal,WECC_N,215.16,215.16,0.0,0.0,1838.0469617951894,0.9751938675111426,0.20381932898675104
nuc_opt_bat_opt,28,28,onshore_wind_turbine,WECC_N,3893.9,3893.9,0.0,0.0,4213.141627301357,0.12351427631924695,0.4671913815325013
nuc_opt_bat_opt,29,29,solar_photovoltaic,WECC_N,1185.7,1185.7,0.0,0.0,1353.9928149083776,0.13035792344583239,0.15014301197069121
nuc_opt_bat_opt,30,30,biomass,WECC_NMAZ,0.0,3.54,0.0,3.54,0.0,0.0,0.0
nuc_opt_bat_opt,31,31,biomass,WECC_NMAZ,0.0,11.4,0.0,11.4,0.0,0.0,0.0
nuc_opt_bat_opt,32,32,conventional_hydroelectric,WECC_NMAZ,0.0,3960.0,0.0,3960.0,0.0,0.0,0.0
nuc_opt_bat_opt,33,33,geothermal,WECC_NMAZ,0.68,0.68,0.0,0.0,5.458046873077093,0.916271634615413,0.0006052377737739037
nuc_opt_bat_opt,34,34,geothermal,WECC_NMAZ,2.66,2.66,0.0,0.0,21.223500576923314,0.9108173076923177,0.002353454365558504
nuc_opt_bat_opt,35,35,hydroelectric_pumped_storage,WECC_NMAZ,119.0,119.0,0.0,0.0,286.08312498077214,0.2744360586515983,0.031723493349192854
nuc_opt_bat_opt,36,36,hydroelectric_pumped_storage,WECC_NMAZ,97.3,97.3,0.0,0.0,230.0095975234994,0.26985409424730206,0.025505551709062442
nuc_opt_bat_opt,37,37,nuclear,WECC_NMAZ,4002.99,4002.99,0.0,0.0,92.56782107490132,0.0026398024632666227,0.010264760133671901
nuc_opt_bat_opt,38,38,onshore_wind_turbine,WECC_NMAZ,0.0,1235.1,0.0,1235.1,0.0,0.0,0.0
nuc_opt_bat_opt,39,39,solar_photovoltaic,WECC_NMAZ,6266.4,6266.4,0.0,0.0,9817.066405434676,0.17883787836488152,1.088605421386959
nuc_opt_bat_opt,40,40,biomass,WECC_WYCO,0.0,4.8,0.0,4.8,0.0,0.0,0.0
nuc_opt_bat_opt,41,41,biomass,WECC_WYCO,0.0,8.04,0.0,8.04,0.0,0.0,0.0
nuc_opt_bat_opt,42,42,conventional_hydroelectric,WECC_WYCO,0.0,961.87,0.0,961.87,0.0,0.0,0.0
nuc_opt_bat_opt,43,43,hydroelectric_pumped_storage,WECC_WYCO,324.0,324.0,0.0,0.0,655.6534299720593,0.2310070430872862,0.07270480293618178
nuc_opt_bat_opt,44,44,hydroelectric_pumped_storage,WECC_WYCO,238.5,238.5,0.0,0.0,512.6217943229469,0.24536045983886495,0.05684415703984044
nuc_opt_bat_opt,45,45,onshore_wind_turbine,WECC_WYCO,5751.7,5751.7,0.0,0.0,47840.8132601264,0.9495071113802606,5.305023570962464
nuc_opt_bat_opt,46,46,solar_photovoltaic,WECC_WYCO,593.1,593.1,0.0,0.0,1711.1182342987192,0.32934266020782366,0.18974431969416725
nuc_opt_bat_opt,47,47,naturalgas_ccccsavgcf,CA_N,0.0,0.0,0.0,0.0,0.0,0.0,0.0
nuc_opt_bat_opt,48,48,new_onshore_wind,CA_N,0.0,0.0,0.0,0.0,0.0,0.0,0.0
nuc_opt_bat_opt,49,49,new_floating_offshore_wind,CA_N,0.0,0.0,0.0,0.0,0.0,0.0,0.0
nuc_opt_bat_opt,50,50,new_floating_offshore_wind,CA_N,0.0,0.0,0.0,0.0,0.0,0.0,0.0
nuc_opt_bat_opt,51,51,new_floating_offshore_wind,CA_N,0.0,0.0,0.0,0.0,0.0,0.0,0.0
nuc_opt_bat_opt,52,52,new_floating_offshore_wind,CA_N,0.0,0.0,0.0,0.0,0.0,0.0,0.0
nuc_opt_bat_opt,53,53,new_floating_offshore_wind,CA_N,0.0,0.0,0.0,0.0,0.0,0.0,0.0
nuc_opt_bat_opt,54,54,new_utility_pv,CA_N,0.0,0.0,0.0,0.0,0.0,0.0,0.0
nuc_opt_bat_opt,55,55,new_utility_pv,CA_N,0.0,0.0,0.0,0.0,0.0,0.0,0.0
nuc_opt_bat_opt,56,56,new_utility_pv,CA_N,0.0,0.0,0.0,0.0,0.0,0.0,0.0
nuc_opt_bat_opt,57,57,new_utility_pv,CA_N,12606.377409617182,0.0,12606.377409617182,0.0,100826.78673258523,0.9130225747861012,11.180589203038913
nuc_opt_bat_opt,58,58,battery,CA_N,18539.91937384455,0.0,18539.91937384455,0.0,21976.825908390212,0.13531720555407295,2.4369899153892565
nuc_opt_bat_opt,59,59,nuclear,CA_N,0.0,0.0,0.0,0.0,0.0,0.0,0.0
nuc_opt_bat_opt,60,60,naturalgas_ccs100,CA_N,0.0,0.0,0.0,0.0,0.0,0.0,0.0
nuc_opt_bat_opt,61,61,naturalgas_ccccsavgcf,CA_S,0.0,0.0,0.0,0.0,0.0,0.0,0.0
nuc_opt_bat_opt,62,62,new_onshore_wind,CA_S,0.0,0.0,0.0,0.0,0.0,0.0,0.0
nuc_opt_bat_opt,63,63,new_onshore_wind,CA_S,0.0,0.0,0.0,0.0,0.0,0.0,0.0
nuc_opt_bat_opt,64,64,new_onshore_wind,CA_S,0.0,0.0,0.0,0.0,0.0,0.0,0.0
nuc_opt_bat_opt,65,65,new_utility_pv,CA_S,0.0,0.0,0.0,0.0,0.0,0.0,0.0
nuc_opt_bat_opt,66,66,new_utility_pv,CA_S,0.0,0.0,0.0,0.0,0.0,0.0,0.0
nuc_opt_bat_opt,67,67,new_utility_pv,CA_S,0.0,0.0,0.0,0.0,0.0,0.0,0.0
nuc_opt_bat_opt,68,68,new_utility_pv,CA_S,0.0,0.0,0.0,0.0,0.0,0.0,0.0
nuc_opt_bat_opt,69,69,new_utility_pv,CA_S,15080.943512870406,0.0,15080.943512870406,0.0,107311.6973901077,0.8122962436361788,11.899694952907423
nuc_opt_bat_opt,70,70,new_utility_pv,CA_S,0.0,0.0,0.0,0.0,0.0,0.0,0.0
nuc_opt_bat_opt,71,71,new_utility_pv,CA_S,0.0,0.0,0.0,0.0,0.0,0.0,0.0
nuc_opt_bat_opt,72,72,new_utility_pv,CA_S,0.0,0.0,0.0,0.0,0.0,0.0,0.0
nuc_opt_bat_opt,73,73,new_utility_pv,CA_S,0.0,0.0,0.0,0.0,0.0,0.0,0.0
nuc_opt_bat_opt,74,74,new_utility_pv,CA_S,0.0,0.0,0.0,0.0,0.0,0.0,0.0
nuc_opt_bat_opt,75,75,battery,CA_S,0.0,0.0,0.0,0.0,0.0,0.0,0.0
nuc_opt_bat_opt,76,76,nuclear,CA_S,0.0,0.0,0.0,0.0,0.0,0.0,0.0
nuc_opt_bat_opt,77,77,naturalgas_ccs100,CA_S,0.0,0.0,0.0,0.0,0.0,0.0,0.0
nuc_opt_bat_opt,78,78,naturalgas_ccccsavgcf,WECC_N,0.0,0.0,0.0,0.0,0.0,0.0,0.0
nuc_opt_bat_opt,79,79,new_onshore_wind,WECC_N,0.0,0.0,0.0,0.0,0.0,0.0,0.0
nuc_opt_bat_opt,80,80,new_onshore_wind,WECC_N,0.0,0.0,0.0,0.0,0.0,0.0,0.0
nuc_opt_bat_opt,81,81,new_onshore_wind,WECC_N,0.0,0.0,0.0,0.0,0.0,0.0,0.0
nuc_opt_bat_opt,82,82,new_onshore_wind,WECC_N,0.0,0.0,0.0,0.0,0.0,0.0,0.0
nuc_opt_bat_opt,83,83,new_onshore_wind,WECC_N,0.0,0.0,0.0,0.0,0.0,0.0,0.0
nuc_opt_bat_opt,84,84,new_onshore_wind,WECC_N,0.0,0.0,0.0,0.0,0.0,0.0,0.0
nuc_opt_bat_opt,85,85,new_utility_pv,WECC_N,0.0,0.0,0.0,0.0,0.0,0.0,0.0
nuc_opt_bat_opt,86,86,new_utility_pv,WECC_N,15935.543979449218,0.0,15935.543979449218,0.0,119685.55039615068,0.8573748145094541,13.271820077615414
nuc_opt_bat_opt,87,87,new_utility_pv,WECC_N,0.0,0.0,0.0,0.0,0.0,0.0,0.0
nuc_opt_bat_opt,88,88,new_utility_pv,WECC_N,0.0,0.0,0.0,0.0,0.0,0.0,0.0
nuc_opt_bat_opt,89,89,new_utility_pv,WECC_N,0.0,0.0,0.0,0.0,0.0,0.0,0.0
nuc_opt_bat_opt,90,90,new_utility_pv,WECC_N,0.0,0.0,0.0,0.0,0.0,0.0,0.0
nuc_opt_bat_opt,91,91,new_utility_pv,WECC_N,0.0,0.0,0.0,0.0,0.0,0.0,0.0
nuc_opt_bat_opt,92,92,new_utility_pv,WECC_N,0.0,0.0,0.0,0.0,0.0,0.0,0.0
nuc_opt_bat_opt,93,93,battery,WECC_N,0.0,0.0,0.0,0.0,-4.559966567954928e-15,-4.559966567954929e-12,-5.056504786879076e-19
nuc_opt_bat_opt,94,94,nuclear,WECC_N,0.0,0.0,0.0,0.0,0.0,0.0,0.0
nuc_opt_bat_opt,95,95,naturalgas_ccs100,WECC_N,0.0,0.0,0.0,0.0,0.0,0.0,0.0
nuc_opt_bat_opt,96,96,naturalgas_ccccsavgcf,WECC_NMAZ,0.0,0.0,0.0,0.0,0.0,0.0,0.0
nuc_opt_bat_opt,97,97,new_onshore_wind,WECC_NMAZ,0.0,0.0,0.0,0.0,0.0,0.0,0.0
nuc_opt_bat_opt,98,98,new_onshore_wind,WECC_NMAZ,0.0,0.0,0.0,0.0,0.0,0.0,0.0
nuc_opt_bat_opt,99,99,new_onshore_wind,WECC_NMAZ,0.0,0.0,0.0,0.0,0.0,0.0,0.0
nuc_opt_bat_opt,100,100,new_onshore_wind,WECC_NMAZ,0.0,0.0,0.0,0.0,0.0,0.0,0.0
nuc_opt_bat_opt,101,101,new_onshore_wind,WECC_NMAZ,0.0,0.0,0.0,0.0,0.0,0.0,0.0
nuc_opt_bat_opt,102,102,new_onshore_wind,WECC_NMAZ,0.0,0.0,0.0,0.0,0.0,0.0,0.0
nuc_opt_bat_opt,103,103,new_onshore_wind,WECC_NMAZ,0.0,0.0,0.0,0.0,0.0,0.0,0.0
nuc_opt_bat_opt,104,104,new_utility_pv,WECC_NMAZ,38055.5585593952,0.0,38055.5585593952,0.0,216632.90715024353,0.6498336867835924,24.02222287546306
nuc_opt_bat_opt,105,105,new_utility_pv,WECC_NMAZ,0.0,0.0,0.0,0.0,0.0,0.0,0.0
nuc_opt_bat_opt,106,106,new_utility_pv,WECC_NMAZ,0.0,0.0,0.0,0.0,0.0,0.0,0.0
nuc_opt_bat_opt,107,107,new_utility_pv,WECC_NMAZ,0.0,0.0,0.0,0.0,0.0,0.0,0.0
nuc_opt_bat_opt,108,108,new_utility_pv,WECC_NMAZ,0.0,0.0,0.0,0.0,0.0,0.0,0.0
nuc_opt_bat_opt,109,109,new_utility_pv,WECC_NMAZ,0.0,0.0,0.0,0.0,0.0,0.0,0.0
nuc_opt_bat_opt,110,110,new_utility_pv,WECC_NMAZ,0.0,0.0,0.0,0.0,0.0,0.0,0.0
nuc_opt_bat_opt,111,111,new_utility_pv,WECC_NMAZ,0.0,0.0,0.0,0.0,0.0,0.0,0.0
nuc_opt_bat_opt,112,112,new_utility_pv,WECC_NMAZ,0.0,0.0,0.0,0.0,0.0,0.0,0.0
nuc_opt_bat_opt,113,113,new_utility_pv,WECC_NMAZ,0.0,0.0,0.0,0.0,0.0,0.0,0.0
nuc_opt_bat_opt,114,114,new_utility_pv,WECC_NMAZ,0.0,0.0,0.0,0.0,0.0,0.0,0.0
nuc_opt_bat_opt,115,115,new_utility_pv,WECC_NMAZ,0.0,0.0,0.0,0.0,0.0,0.0,0.0
nuc_opt_bat_opt,116,116,battery,WECC_NMAZ,0.0,0.0,0.0,0.0,0.0,0.0,0.0
nuc_opt_bat_opt,117,117,nuclear,WECC_NMAZ,0.0,0.0,0.0,0.0,0.0,0.0,0.0
nuc_opt_bat_opt,118,118,naturalgas_ccs100,WECC_NMAZ,0.0,0.0,0.0,0.0,0.0,0.0,0.0
nuc_opt_bat_opt,119,119,naturalgas_ccccsavgcf,WECC_PNW,0.0,0.0,0.0,0.0,0.0,0.0,0.0
nuc_opt_bat_opt,120,120,new_onshore_wind,WECC_PNW,0.0,0.0,0.0,0.0,0.0,0.0,0.0
nuc_opt_bat_opt,121,121,new_floating_offshore_wind,WECC_PNW,0.0,0.0,0.0,0.0,0.0,0.0,0.0
nuc_opt_bat_opt,122,122,new_floating_offshore_wind,WECC_PNW,0.0,0.0,0.0,0.0,0.0,0.0,0.0
nuc_opt_bat_opt,123,123,new_floating_offshore_wind,WECC_PNW,0.0,0.0,0.0,0.0,0.0,0.0,0.0
nuc_opt_bat_opt,124,124,new_utility_pv,WECC_PNW,0.0,0.0,0.0,0.0,0.0,0.0,0.0
nuc_opt_bat_opt,125,125,battery,WECC_PNW,0.0,0.0,0.0,0.0,0.0,0.0,0.0
nuc_opt_bat_opt,126,126,nuclear,WECC_PNW,0.0,0.0,0.0,0.0,0.0,0.0,0.0
nuc_opt_bat_opt,127,127,naturalgas_ccs100,WECC_PNW,0.0,0.0,0.0,0.0,0.0,0.0,0.0
nuc_opt_bat_opt,128,128,naturalgas_ccccsavgcf,WECC_WYCO,0.0,0.0,0.0,0.0,0.0,0.0,0.0
nuc_opt_bat_opt,129,129,new_onshore_wind,WECC_WYCO,0.0,0.0,0.0,0.0,0.0,0.0,0.0
nuc_opt_bat_opt,130,130,new_onshore_wind,WECC_WYCO,0.0,0.0,0.0,0.0,0.0,0.0,0.0
nuc_opt_bat_opt,131,131,new_onshore_wind,WECC_WYCO,0.0,0.0,0.0,0.0,0.0,0.0,0.0
nuc_opt_bat_opt,132,132,new_onshore_wind,WECC_WYCO,0.0,0.0,0.0,0.0,0.0,0.0,0.0
nuc_opt_bat_opt,133,133,new_onshore_wind,WECC_WYCO,0.0,0.0,0.0,0.0,0.0,0.0,0.0
nuc_opt_bat_opt,134,134,new_onshore_wind,WECC_WYCO,0.0,0.0,0.0,0.0,0.0,0.0,0.0
nuc_opt_bat_opt,135,135,new_onshore_wind,WECC_WYCO,0.0,0.0,0.0,0.0,0.0,0.0,0.0
nuc_opt_bat_opt,136,136,new_utility_pv,WECC_WYCO,0.0,0.0,0.0,0.0,0.0,0.0,0.0
nuc_opt_bat_opt,137,137,new_utility_pv,WECC_WYCO,4682.887458067334,0.0,4682.887458067334,0.0,18078.39732828586,0.44069903573957947,2.0046967728225438
nuc_opt_bat_opt,138,138,new_utility_pv,WECC_WYCO,0.0,0.0,0.0,0.0,0.0,0.0,0.0
nuc_opt_bat_opt,139,139,new_utility_pv,WECC_WYCO,0.0,0.0,0.0,0.0,0.0,0.0,0.0
nuc_opt_bat_opt,140,140,new_utility_pv,WECC_WYCO,0.0,0.0,0.0,0.0,0.0,0.0,0.0
nuc_opt_bat_opt,141,141,battery,WECC_WYCO,583.7743741920742,0.0,583.7743741920742,0.0,463.2050571206866,0.0905782986771725,0.05136438071930396
nuc_opt_bat_opt,142,142,nuclear,WECC_WYCO,0.0,0.0,0.0,0.0,0.0,0.0,0.0
nuc_opt_bat_opt,143,143,naturalgas_ccs100,WECC_WYCO,0.0,0.0,0.0,0.0,0.0,0.0,0.0
nuc_opt_bat_opt,144,156,new_biogas_CCGT,CA_N,0.0,0.0,0.0,0.0,0.0,0.0,0.0
nuc_opt_bat_opt,145,157,new_biogas_CCGT,CA_S,0.0,0.0,0.0,0.0,0.0,0.0,0.0
nuc_opt_bat_opt,146,158,new_biogas_CCGT,WECC_N,0.0,0.0,0.0,0.0,0.0,0.0,0.0
nuc_opt_bat_opt,147,159,new_biogas_CCGT,WECC_NMAZ,0.0,0.0,0.0,0.0,0.0,0.0,0.0
nuc_opt_bat_opt,148,160,new_biogas_CCGT,WECC_PNW,0.0,0.0,0.0,0.0,0.0,0.0,0.0
nuc_opt_bat_opt,149,161,new_biogas_CCGT,WECC_WYCO,0.0,0.0,0.0,0.0,0.0,0.0,0.0
nuc_opt_bat_opt,150,162,biomass,WECC_PNW,0.0,28.4,0.0,28.4,0.0,0.0,0.0
nuc_opt_bat_opt,151,163,biomass,WECC_PNW,0.0,74.43,0.0,74.43,0.0,0.0,0.0
nuc_opt_bat_opt,152,164,conventional_hydroelectric,WECC_PNW,27706.460174413263,29850.0,0.0,2143.5398255867367,203158.14619205968,0.837045550171872,22.528019085331646
nuc_opt_bat_opt,153,165,geothermal,WECC_PNW,14.49,14.49,0.0,0.0,19.963484690762026,0.15727650852549882,0.0022137323683690457
nuc_opt_bat_opt,154,166,geothermal,WECC_PNW,1.17,1.17,0.0,0.0,9.919092696429061,0.9677918956044435,0.001099919022509083
nuc_opt_bat_opt,155,167,hydroelectric_pumped_storage,WECC_PNW,0.0,214.0,0.0,214.0,0.0,0.0,0.0
nuc_opt_bat_opt,156,168,hydroelectric_pumped_storage,WECC_PNW,0.0,100.0,0.0,100.0,0.0,0.0,0.0
nuc_opt_bat_opt,157,169,nuclear,WECC_PNW,1163.0,1163.0,0.0,0.0,27.4055837912088,0.0026900183150183163,0.003038979860100427
nuc_opt_bat_opt,158,170,onshore_wind_turbine,WECC_PNW,5254.0,5254.0,0.0,0.0,32853.56936488122,0.7138194635981027,3.6431019456813623
nuc_opt_bat_opt,159,171,solar_photovoltaic,WECC_PNW,209.9,209.9,0.0,0.0,294.4786302685393,0.1601537970182253,0.032654463171958505
geo_pessimistic,1,1,biomass,CA_N,36.72,36.72,0.0,0.0,136.9140941472476,0.4256389652014491,0.015182277372644383
geo_pessimistic,2,2,biomass,CA_N,0.0,33.06,0.0,33.06,0.0,0.0,0.0
geo_pessimistic,3,3,conventional_hydroelectric,CA_N,0.0,6607.44,0.0,6607.44,0.0,0.0,0.0
geo_pessimistic,4,4,geothermal,CA_N,542.55,542.55,0.0,0.0,4558.195637826925,0.9590673076923081,0.5054541018825949
geo_pessimistic,5,5,geothermal,CA_N,100.32,100.32,0.0,0.0,873.5263569758467,0.9939954212454469,0.09686453046725643
geo_pessimistic,6,6,hydroelectric_pumped_storage,CA_N,615.15,615.15,0.0,0.0,1275.373886135934,0.23667500003450437,0.14142503161375508
geo_pessimistic,7,7,hydroelectric_pumped_storage,CA_N,1175.8,1175.8,0.0,0.0,2268.8929594267543,0.22028069875545284,0.2515954435035018
geo_pessimistic,8,8,onshore_wind_turbine,CA_N,1327.6,1327.6,0.0,0.0,923.8238235340654,0.07943608058608054,0.10244197005216078
geo_pessimistic,9,9,small_hydroelectric,CA_N,231.4,231.4,0.0,0.0,241.81578760713924,0.11929361263736085,0.02681472921690331
geo_pessimistic,10,10,small_hydroelectric,CA_N,1.95,1.95,0.0,0.0,0.13296428571428562,0.007783882783882778,1.4744286765676299e-5
geo_pessimistic,11,11,solar_photovoltaic,CA_N,2787.1,2787.1,0.0,0.0,2756.125502895055,0.11288658424908425,0.30562420997920997
geo_pessimistic,12,12,biomass,CA_S,0.0,67.2,0.0,67.2,0.0,0.0,0.0
geo_pessimistic,13,13,biomass,CA_S,0.0,38.1,0.0,38.1,0.0,0.0,0.0
geo_pessimistic,14,14,conventional_hydroelectric,CA_S,0.0,1396.0,0.0,1396.0,0.0,0.0,0.0
geo_pessimistic,15,15,geothermal,CA_S,0.0,535.15,0.0,535.15,0.0,0.0,0.0
geo_pessimistic,16,16,geothermal,CA_S,0.0,73.02,0.0,73.02,0.0,0.0,0.0
geo_pessimistic,17,17,hydroelectric_pumped_storage,CA_S,1623.0,1623.0,0.0,0.0,2724.931679385508,0.1916606655599662,0.3021651557175945
geo_pessimistic,18,18,hydroelectric_pumped_storage,CA_S,42.0,42.0,0.0,0.0,114.79561490999907,0.312012434523807,0.012729579650525076
geo_pessimistic,19,19,onshore_wind_turbine,CA_S,4735.6,4735.6,0.0,0.0,5850.6982673696575,0.1410355456679258,0.6487785240234288
geo_pessimistic,20,20,small_hydroelectric,CA_S,126.44,126.44,0.0,0.0,219.29471888901122,0.1979883241758244,0.024317388719297003
geo_pessimistic,21,21,small_hydroelectric,CA_S,7.0,7.0,0.0,0.0,3.5914947115384144,0.058569711538460766,0.00039825752953029933
geo_pessimistic,22,22,solar_photovoltaic,CA_S,9520.0,9520.0,0.0,0.0,11514.940778694803,0.1380767811420178,1.2768811415696952
geo_pessimistic,23,23,biomass,WECC_N,6.24,6.24,0.0,0.0,20.557329771428584,0.37607806776556796,0.0022795833005701065
geo_pessimistic,24,24,biomass,WECC_N,0.0,13.8,0.0,13.8,0.0,0.0,0.0
geo_pessimistic,25,25,conventional_hydroelectric,WECC_N,0.0,4648.1,0.0,4648.1,0.0,0.0,0.0
geo_pessimistic,26,26,geothermal,WECC_N,0.0,165.24,0.0,165.24,0.0,0.0,0.0
geo_pessimistic,27,27,geothermal,WECC_N,0.0,215.16,0.0,215.16,0.0,0.0,0.0
geo_pessimistic,28,28,onshore_wind_turbine,WECC_N,3893.9,3893.9,0.0,0.0,530.6370108766187,0.015556383379548303,0.0588418477549537
geo_pessimistic,29,29,solar_photovoltaic,WECC_N,1185.7,1185.7,0.0,0.0,166.10891860773523,0.01599241403434066,0.01841966447705811
geo_pessimistic,30,30,biomass,WECC_NMAZ,0.0,3.54,0.0,3.54,0.0,0.0,0.0
geo_pessimistic,31,31,biomass,WECC_NMAZ,0.0,11.4,0.0,11.4,0.0,0.0,0.0
geo_pessimistic,32,32,conventional_hydroelectric,WECC_NMAZ,0.0,3960.0,0.0,3960.0,0.0,0.0,0.0
geo_pessimistic,33,33,geothermal,WECC_NMAZ,0.0,0.68,0.0,0.68,0.0,0.0,0.0
geo_pessimistic,34,34,geothermal,WECC_NMAZ,0.0,2.66,0.0,2.66,0.0,0.0,0.0
geo_pessimistic,35,35,hydroelectric_pumped_storage,WECC_NMAZ,119.0,119.0,0.0,0.0,323.5278417282033,0.310356319527458,0.03587570338527723
geo_pessimistic,36,36,hydroelectric_pumped_storage,WECC_NMAZ,97.3,97.3,0.0,0.0,262.7481586007693,0.308263946886447,0.02913590049201397
geo_pessimistic,37,37,nuclear,WECC_NMAZ,4002.99,4002.99,0.0,0.0,85.75456903223728,0.002445505575684838,0.009509244911037381
geo_pessimistic,38,38,onshore_wind_turbine,WECC_NMAZ,0.0,1235.1,0.0,1235.1,0.0,0.0,0.0
geo_pessimistic,39,39,solar_photovoltaic,WECC_NMAZ,6266.4,6266.4,0.0,0.0,1580.0256332667109,0.0287833880658196,0.1752075823132161
geo_pessimistic,40,40,biomass,WECC_WYCO,0.0,4.8,0.0,4.8,0.0,0.0,0.0
geo_pessimistic,41,41,biomass,WECC_WYCO,0.0,8.04,0.0,8.04,0.0,0.0,0.0
geo_pessimistic,42,42,conventional_hydroelectric,WECC_WYCO,0.0,961.87,0.0,961.87,0.0,0.0,0.0
geo_pessimistic,43,43,hydroelectric_pumped_storage,WECC_WYCO,324.0,324.0,0.0,0.0,741.7415162500663,0.2613385465112416,0.08225103126638703
geo_pessimistic,44,44,hydroelectric_pumped_storage,WECC_WYCO,238.5,238.5,0.0,0.0,584.5507331218708,0.279788409830213,0.0648202905910785
geo_pessimistic,45,45,onshore_wind_turbine,WECC_WYCO,5751.7,5751.7,0.0,0.0,49604.72234890055,0.9845158018578376,5.500621819723444
geo_pessimistic,46,46,solar_photovoltaic,WECC_WYCO,593.1,593.1,0.0,0.0,1094.302087912095,0.21062271062271198,0.1213461472438139
geo_pessimistic,47,47,naturalgas_ccccsavgcf,CA_N,0.0,0.0,0.0,0.0,0.0,0.0,0.0
geo_pessimistic,48,48,new_onshore_wind,CA_N,0.0,0.0,0.0,0.0,0.0,0.0,0.0
geo_pessimistic,49,49,new_floating_offshore_wind,CA_N,0.0,0.0,0.0,0.0,0.0,0.0,0.0
geo_pessimistic,50,50,new_floating_offshore_wind,CA_N,0.0,0.0,0.0,0.0,0.0,0.0,0.0
geo_pessimistic,51,51,new_floating_offshore_wind,CA_N,0.0,0.0,0.0,0.0,0.0,0.0,0.0
geo_pessimistic,52,52,new_floating_offshore_wind,CA_N,0.0,0.0,0.0,0.0,0.0,0.0,0.0
geo_pessimistic,53,53,new_floating_offshore_wind,CA_N,0.0,0.0,0.0,0.0,0.0,0.0,0.0
geo_pessimistic,54,54,new_utility_pv,CA_N,0.0,0.0,0.0,0.0,0.0,0.0,0.0
geo_pessimistic,55,55,new_utility_pv,CA_N,0.0,0.0,0.0,0.0,0.0,0.0,0.0
geo_pessimistic,56,56,new_utility_pv,CA_N,0.0,0.0,0.0,0.0,0.0,0.0,0.0
geo_pessimistic,57,57,new_utility_pv,CA_N,12000.626188785325,0.0,12000.626188785325,0.0,98441.16601311845,0.9364158046516271,10.916049926096985
geo_pessimistic,58,58,battery,CA_N,15418.651758704367,0.0,15418.651758704367,0.0,24641.85555216416,0.1824411922114477,2.7325125897355567
geo_pessimistic,59,59,nuclear,CA_N,0.0,0.0,0.0,0.0,0.0,0.0,0.0
geo_pessimistic,60,60,naturalgas_ccs100,CA_N,0.0,0.0,0.0,0.0,0.0,0.0,0.0
geo_pessimistic,61,61,naturalgas_ccccsavgcf,CA_S,0.0,0.0,0.0,0.0,0.0,0.0,0.0
geo_pessimistic,62,62,new_onshore_wind,CA_S,0.0,0.0,0.0,0.0,0.0,0.0,0.0
geo_pessimistic,63,63,new_onshore_wind,CA_S,0.0,0.0,0.0,0.0,0.0,0.0,0.0
geo_pessimistic,64,64,new_onshore_wind,CA_S,0.0,0.0,0.0,0.0,0.0,0.0,0.0
geo_pessimistic,65,65,new_utility_pv,CA_S,0.0,0.0,0.0,0.0,0.0,0.0,0.0
geo_pessimistic,66,66,new_utility_pv,CA_S,0.0,0.0,0.0,0.0,0.0,0.0,0.0
geo_pessimistic,67,67,new_utility_pv,CA_S,0.0,0.0,0.0,0.0,0.0,0.0,0.0
geo_pessimistic,68,68,new_utility_pv,CA_S,0.0,0.0,0.0,0.0,0.0,0.0,0.0
geo_pessimistic,69,69,new_utility_pv,CA_S,15689.113512870397,0.0,15689.113512870397,0.0,113240.25442241845,0.8239451943744291,12.557107163423023
geo_pessimistic,70,70,new_utility_pv,CA_S,0.0,0.0,0.0,0.0,0.0,0.0,0.0
geo_pessimistic,71,71,new_utility_pv,CA_S,0.0,0.0,0.0,0.0,0.0,0.0,0.0
geo_pessimistic,72,72,new_utility_pv,CA_S,0.0,0.0,0.0,0.0,0.0,0.0,0.0
geo_pessimistic,73,73,new_utility_pv,CA_S,0.0,0.0,0.0,0.0,0.0,0.0,0.0
geo_pessimistic,74,74,new_utility_pv,CA_S,0.0,0.0,0.0,0.0,0.0,0.0,0.0
geo_pessimistic,75,75,battery,CA_S,0.0,0.0,0.0,0.0,0.0,0.0,0.0
geo_pessimistic,76,76,nuclear,CA_S,0.0,0.0,0.0,0.0,0.0,0.0,0.0
geo_pessimistic,77,77,naturalgas_ccs100,CA_S,0.0,0.0,0.0,0.0,0.0,0.0,0.0
geo_pessimistic,78,78,naturalgas_ccccsavgcf,WECC_N,0.0,0.0,0.0,0.0,0.0,0.0,0.0
geo_pessimistic,79,79,new_onshore_wind,WECC_N,0.0,0.0,0.0,0.0,0.0,0.0,0.0
geo_pessimistic,80,80,new_onshore_wind,WECC_N,0.0,0.0,0.0,0.0,0.0,0.0,0.0
geo_pessimistic,81,81,new_onshore_wind,WECC_N,0.0,0.0,0.0,0.0,0.0,0.0,0.0
geo_pessimistic,82,82,new_onshore_wind,WECC_N,0.0,0.0,0.0,0.0,0.0,0.0,0.0
geo_pessimistic,83,83,new_onshore_wind,WECC_N,0.0,0.0,0.0,0.0,0.0,0.0,0.0
geo_pessimistic,84,84,new_onshore_wind,WECC_N,0.0,0.0,0.0,0.0,0.0,0.0,0.0
geo_pessimistic,85,85,new_utility_pv,WECC_N,0.0,0.0,0.0,0.0,0.0,0.0,0.0
geo_pessimistic,86,86,new_utility_pv,WECC_N,16566.032921353104,0.0,16566.032921353104,0.0,132820.91810308286,0.9152586702496159,14.728388863761301
geo_pessimistic,87,87,new_utility_pv,WECC_N,0.0,0.0,0.0,0.0,0.0,0.0,0.0
geo_pessimistic,88,88,new_utility_pv,WECC_N,0.0,0.0,0.0,0.0,0.0,0.0,0.0
geo_pessimistic,89,89,new_utility_pv,WECC_N,0.0,0.0,0.0,0.0,0.0,0.0,0.0
geo_pessimistic,90,90,new_utility_pv,WECC_N,0.0,0.0,0.0,0.0,0.0,0.0,0.0
geo_pessimistic,91,91,new_utility_pv,WECC_N,0.0,0.0,0.0,0.0,0.0,0.0,0.0
geo_pessimistic,92,92,new_utility_pv,WECC_N,0.0,0.0,0.0,0.0,0.0,0.0,0.0
geo_pessimistic,93,93,battery,WECC_N,0.0,0.0,0.0,0.0,3.083786146782166e-13,3.083786146782166e-10,3.419581959766142e-17
geo_pessimistic,94,94,nuclear,WECC_N,0.0,0.0,0.0,0.0,0.0,0.0,0.0
geo_pessimistic,95,95,naturalgas_ccs100,WECC_N,0.0,0.0,0.0,0.0,0.0,0.0,0.0
geo_pessimistic,96,96,naturalgas_ccccsavgcf,WECC_NMAZ,0.0,0.0,0.0,0.0,0.0,0.0,0.0
geo_pessimistic,97,97,new_onshore_wind,WECC_NMAZ,0.0,0.0,0.0,0.0,0.0,0.0,0.0
geo_pessimistic,98,98,new_onshore_wind,WECC_NMAZ,0.0,0.0,0.0,0.0,0.0,0.0,0.0
geo_pessimistic,99,99,new_onshore_wind,WECC_NMAZ,0.0,0.0,0.0,0.0,0.0,0.0,0.0
geo_pessimistic,100,100,new_onshore_wind,WECC_NMAZ,0.0,0.0,0.0,0.0,0.0,0.0,0.0
geo_pessimistic,101,101,new_onshore_wind,WECC_NMAZ,0.0,0.0,0.0,0.0,0.0,0.0,0.0
geo_pessimistic,102,102,new_onshore_wind,WECC_NMAZ,0.0,0.0,0.0,0.0,0.0,0.0,0.0
geo_pessimistic,103,103,new_onshore_wind,WECC_NMAZ,0.0,0.0,0.0,0.0,0.0,0.0,0.0
geo_pessimistic,104,104,new_utility_pv,WECC_NMAZ,38058.8985593952,0.0,38058.8985593952,0.0,240232.6528270483,0.7205625978133637,26.639176864172033
geo_pessimistic,105,105,new_utility_pv,WECC_NMAZ,0.0,0.0,0.0,0.0,0.0,0.0,0.0
geo_pessimistic,106,106,new_utility_pv,WECC_NMAZ,0.0,0.0,0.0,0.0,0.0,0.0,0.0
geo_pessimistic,107,107,new_utility_pv,WECC_NMAZ,0.0,0.0,0.0,0.0,0.0,0.0,0.0
geo_pessimistic,108,108,new_utility_pv,WECC_NMAZ,0.0,0.0,0.0,0.0,0.0,0.0,0.0
geo_pessimistic,109,109,new_utility_pv,WECC_NMAZ,0.0,0.0,0.0,0.0,0.0,0.0,0.0
geo_pessimistic,110,110,new_utility_pv,WECC_NMAZ,0.0,0.0,0.0,0.0,0.0,0.0,0.0
geo_pessimistic,111,111,new_utility_pv,WECC_NMAZ,0.0,0.0,0.0,0.0,0.0,0.0,0.0
geo_pessimistic,112,112,new_utility_pv,WECC_NMAZ,0.0,0.0,0.0,0.0,0.0,0.0,0.0
geo_pessimistic,113,113,new_utility_pv,WECC_NMAZ,0.0,0.0,0.0,0.0,0.0,0.0,0.0
geo_pessimistic,114,114,new_utility_pv,WECC_NMAZ,0.0,0.0,0.0,0.0,0.0,0.0,0.0
geo_pessimistic,115,115,new_utility_pv,WECC_NMAZ,0.0,0.0,0.0,0.0,0.0,0.0,0.0
geo_pessimistic,116,116,battery,WECC_NMAZ,0.0,0.0,0.0,0.0,5.380760550186816e-14,5.380760550186816e-11,5.966675648517309e-18
geo_pessimistic,117,117,nuclear,WECC_NMAZ,0.0,0.0,0.0,0.0,0.0,0.0,0.0
geo_pessimistic,118,118,naturalgas_ccs100,WECC_NMAZ,0.0,0.0,0.0,0.0,0.0,0.0,0.0
geo_pessimistic,119,119,naturalgas_ccccsavgcf,WECC_PNW,0.0,0.0,0.0,0.0,0.0,0.0,0.0
geo_pessimistic,120,120,new_onshore_wind,WECC_PNW,0.0,0.0,0.0,0.0,0.0,0.0,0.0
geo_pessimistic,121,121,new_floating_offshore_wind,WECC_PNW,0.0,0.0,0.0,0.0,0.0,0.0,0.0
geo_pessimistic,122,122,new_floating_offshore_wind,WECC_PNW,0.0,0.0,0.0,0.0,0.0,0.0,0.0
geo_pessimistic,123,123,new_floating_offshore_wind,WECC_PNW,0.0,0.0,0.0,0.0,0.0,0.0,0.0
geo_pessimistic,124,124,new_utility_pv,WECC_PNW,0.0,0.0,0.0,0.0,0.0,0.0,0.0
geo_pessimistic,125,125,battery,WECC_PNW,0.0,0.0,0.0,0.0,-7.930544763906377e-14,-7.930544763906376e-11,-8.794107799618356e-18
geo_pessimistic,126,126,nuclear,WECC_PNW,0.0,0.0,0.0,0.0,0.0,0.0,0.0
geo_pessimistic,127,127,naturalgas_ccs100,WECC_PNW,0.0,0.0,0.0,0.0,0.0,0.0,0.0
geo_pessimistic,128,128,naturalgas_ccccsavgcf,WECC_WYCO,0.0,0.0,0.0,0.0,0.0,0.0,0.0
geo_pessimistic,129,129,new_onshore_wind,WECC_WYCO,0.0,0.0,0.0,0.0,0.0,0.0,0.0
geo_pessimistic,130,130,new_onshore_wind,WECC_WYCO,0.0,0.0,0.0,0.0,0.0,0.0,0.0
geo_pessimistic,131,131,new_onshore_wind,WECC_WYCO,0.0,0.0,0.0,0.0,0.0,0.0,0.0
geo_pessimistic,132,132,new_onshore_wind,WECC_WYCO,0.0,0.0,0.0,0.0,0.0,0.0,0.0
geo_pessimistic,133,133,new_onshore_wind,WECC_WYCO,0.0,0.0,0.0,0.0,0.0,0.0,0.0
geo_pessimistic,134,134,new_onshore_wind,WECC_WYCO,0.0,0.0,0.0,0.0,0.0,0.0,0.0
geo_pessimistic,135,135,new_onshore_wind,WECC_WYCO,0.0,0.0,0.0,0.0,0.0,0.0,0.0
geo_pessimistic,136,136,new_utility_pv,WECC_WYCO,0.0,0.0,0.0,0.0,0.0,0.0,0.0
geo_pessimistic,137,137,new_utility_pv,WECC_WYCO,4776.7,0.0,4776.7,0.0,11260.840684889625,0.2691155183387249,1.2487042169908698
geo_pessimistic,138,138,new_utility_pv,WECC_WYCO,0.0,0.0,0.0,0.0,0.0,0.0,0.0
geo_pessimistic,139,139,new_utility_pv,WECC_WYCO,0.0,0.0,0.0,0.0,0.0,0.0,0.0
geo_pessimistic,140,140,new_utility_pv,WECC_WYCO,0.0,0.0,0.0,0.0,0.0,0.0,0.0
geo_pessimistic,141,141,battery,WECC_WYCO,0.0,0.0,0.0,0.0,-1.665660358408368e-14,-1.6656603584083683e-11,-1.8470353784597923e-18
geo_pessimistic,142,142,nuclear,WECC_WYCO,0.0,0.0,0.0,0.0,0.0,0.0,0.0
geo_pessimistic,143,143,naturalgas_ccs100,WECC_WYCO,0.0,0.0,0.0,0.0,0.0,0.0,0.0
geo_pessimistic,144,156,new_biogas_CCGT,CA_N,0.0,0.0,0.0,0.0,0.0,0.0,0.0
geo_pessimistic,145,157,new_biogas_CCGT,CA_S,0.0,0.0,0.0,0.0,0.0,0.0,0.0
geo_pessimistic,146,158,new_biogas_CCGT,WECC_N,0.0,0.0,0.0,0.0,0.0,0.0,0.0
geo_pessimistic,147,159,new_biogas_CCGT,WECC_NMAZ,0.0,0.0,0.0,0.0,0.0,0.0,0.0
geo_pessimistic,148,160,new_biogas_CCGT,WECC_PNW,0.0,0.0,0.0,0.0,0.0,0.0,0.0
geo_pessimistic,149,161,new_biogas_CCGT,WECC_WYCO,0.0,0.0,0.0,0.0,0.0,0.0,0.0
geo_pessimistic,150,162,biomass,WECC_PNW,0.0,28.4,0.0,28.4,0.0,0.0,0.0
geo_pessimistic,151,163,biomass,WECC_PNW,0.0,74.43,0.0,74.43,0.0,0.0,0.0
geo_pessimistic,152,164,conventional_hydroelectric,WECC_PNW,29850.0,29850.0,0.0,0.0,202665.8173306167,0.7750541800731845,22.473425192865424
geo_pessimistic,153,165,geothermal,WECC_PNW,0.0,14.49,0.0,14.49,0.0,0.0,0.0
geo_pessimistic,154,166,geothermal,WECC_PNW,0.0,1.17,0.0,1.17,0.0,0.0,0.0
geo_pessimistic,155,167,hydroelectric_pumped_storage,WECC_PNW,214.0,214.0,0.0,0.0,507.8718526051627,0.270917004120878,0.05631744039235098
geo_pessimistic,156,168,hydroelectric_pumped_storage,WECC_PNW,100.0,100.0,0.0,0.0,203.35670164835287,0.23214235347985487,0.022550036716387608
geo_pessimistic,157,169,nuclear,WECC_PNW,1163.0,1163.0,0.0,0.0,23.323901098901107,0.0022893772893772904,0.0025863658383833417
geo_pessimistic,158,170,onshore_wind_turbine,WECC_PNW,5254.0,5254.0,0.0,0.0,30350.92399607553,0.6594437288066568,3.3655859135210187
geo_pessimistic,159,171,solar_photovoltaic,WECC_PNW,209.9,209.9,0.0,0.0,80.19160302197776,0.04361263736263722,0.008892372751100946
bat_pessimistic,1,1,biomass,CA_N,36.72,36.72,0.0,0.0,135.97766554944576,0.42272779304027813,0.015078437670822207
bat_pessimistic,2,2,biomass,CA_N,0.0,33.06,0.0,33.06,0.0,0.0,0.0
bat_pessimistic,3,3,conventional_hydroelectric,CA_N,0.0,6607.44,0.0,6607.44,0.0,0.0,0.0
bat_pessimistic,4,4,geothermal,CA_N,542.55,542.55,0.0,0.0,4448.997313460339,0.9360914305523129,0.493345200607767
bat_pessimistic,5,5,geothermal,CA_N,100.32,100.32,0.0,0.0,837.9319372098629,0.9534921324932168,0.09291749815351734
bat_pessimistic,6,6,hydroelectric_pumped_storage,CA_N,615.15,615.15,0.0,0.0,1064.4575142854014,0.19753460923801142,0.1180367100548167
bat_pessimistic,7,7,hydroelectric_pumped_storage,CA_N,1175.8,1175.8,0.0,0.0,1898.5828919811695,0.18432829294707048,0.21053210234159753
bat_pessimistic,8,8,onshore_wind_turbine,CA_N,1327.6,1327.6,0.0,0.0,996.0679970723584,0.08564808101827227,0.11045305969232748
bat_pessimistic,9,9,small_hydroelectric,CA_N,231.4,231.4,0.0,0.0,312.61027185576546,0.1542182545078821,0.034665064151449966
bat_pessimistic,10,10,small_hydroelectric,CA_N,1.95,1.95,0.0,0.0,0.9581249999999994,0.05608974358974356,0.000106245595811491
bat_pessimistic,11,11,solar_photovoltaic,CA_N,2787.1,2787.1,0.0,0.0,2271.6533880064203,0.09304336515174609,0.25190154487768757
bat_pessimistic,12,12,biomass,CA_S,0.0,67.2,0.0,67.2,0.0,0.0,0.0
bat_pessimistic,13,13,biomass,CA_S,0.0,38.1,0.0,38.1,0.0,0.0,0.0
bat_pessimistic,14,14,conventional_hydroelectric,CA_S,0.0,1396.0,0.0,1396.0,0.0,0.0,0.0
bat_pessimistic,15,15,geothermal,CA_S,535.15,535.15,0.0,0.0,4464.324550651849,0.952305129883323,0.49504482377547054
bat_pessimistic,16,16,geothermal,CA_S,73.02,73.02,0.0,0.0,638.1949614865433,0.9977171474359051,0.07076884949983497
bat_pessimistic,17,17,hydroelectric_pumped_storage,CA_S,1623.0,1623.0,0.0,0.0,2636.4731031187703,0.1854388473286947,0.2923560659431958
bat_pessimistic,18,18,hydroelectric_pumped_storage,CA_S,42.0,42.0,0.0,0.0,105.66210383999912,0.2871877142857119,0.011716773048585878
bat_pessimistic,19,19,onshore_wind_turbine,CA_S,4735.6,4735.6,0.0,0.0,5986.730043652757,0.14431469542399233,0.6638629619835001
bat_pessimistic,20,20,small_hydroelectric,CA_S,126.44,126.44,0.0,0.0,361.8047257328638,0.3266522408275514,0.04012019167947943
bat_pessimistic,21,21,small_hydroelectric,CA_S,7.0,7.0,0.0,0.0,7.206574038461554,0.11752403846153871,0.0007991303352652015
bat_pessimistic,22,22,solar_photovoltaic,CA_S,9520.0,9520.0,0.0,0.0,9116.423720487883,0.1093159285005358,1.0109118015428522
bat_pessimistic,23,23,biomass,WECC_N,6.24,6.24,0.0,0.0,20.482907314285722,0.37471657509157524,0.002271330663074061
bat_pessimistic,24,24,biomass,WECC_N,0.0,13.8,0.0,13.8,0.0,0.0,0.0
bat_pessimistic,25,25,conventional_hydroelectric,WECC_N,0.0,4648.1,0.0,4648.1,0.0,0.0,0.0
bat_pessimistic,26,26,geothermal,WECC_N,165.24,165.24,0.0,0.0,407.60075341461527,0.2815890000697859,0.04519847086731736
bat_pessimistic,27,27,geothermal,WECC_N,215.16,215.16,0.0,0.0,1843.370236040848,0.9780181829434187,0.20440962194841886
bat_pessimistic,28,28,onshore_wind_turbine,WECC_N,3893.9,3893.9,0.0,0.0,1892.3491796175365,0.055476924380890816,0.20984085173839684
bat_pessimistic,29,29,solar_photovoltaic,WECC_N,1185.7,1185.7,0.0,0.0,753.7023670489343,0.07256395630973576,0.08357735895801191
bat_pessimistic,30,30,biomass,WECC_NMAZ,0.0,3.54,0.0,3.54,0.0,0.0,0.0
bat_pessimistic,31,31,biomass,WECC_NMAZ,0.0,11.4,0.0,11.4,0.0,0.0,0.0
bat_pessimistic,32,32,conventional_hydroelectric,WECC_NMAZ,0.0,3960.0,0.0,3960.0,0.0,0.0,0.0
bat_pessimistic,33,33,geothermal,WECC_NMAZ,0.68,0.68,0.0,0.0,5.8563485505496615,0.9831366758242113,0.0006494050787036251
bat_pessimistic,34,34,geothermal,WECC_NMAZ,2.66,2.66,0.0,0.0,22.89955137692351,0.9827458791208976,0.0025393100898704127
bat_pessimistic,35,35,hydroelectric_pumped_storage,WECC_NMAZ,119.0,119.0,0.0,0.0,298.73463732478183,0.28657250040748805,0.033126407861292784
bat_pessimistic,36,36,hydroelectric_pumped_storage,WECC_NMAZ,97.3,97.3,0.0,0.0,252.4905750336923,0.29622944505494503,0.027998446529670585
bat_pessimistic,37,37,nuclear,WECC_NMAZ,4002.99,4002.99,0.0,0.0,53.23017728270273,0.0015179913654583934,0.005902645166916684
bat_pessimistic,38,38,onshore_wind_turbine,WECC_NMAZ,0.0,1235.1,0.0,1235.1,0.0,0.0,0.0
bat_pessimistic,39,39,solar_photovoltaic,WECC_NMAZ,6266.4,6266.4,0.0,0.0,4145.285834852053,0.07551483236484366,0.4596669154158284
bat_pessimistic,40,40,biomass,WECC_WYCO,0.0,4.8,0.0,4.8,0.0,0.0,0.0
bat_pessimistic,41,41,biomass,WECC_WYCO,0.0,8.04,0.0,8.04,0.0,0.0,0.0
bat_pessimistic,42,42,conventional_hydroelectric,WECC_WYCO,0.0,961.87,0.0,961.87,0.0,0.0,0.0
bat_pessimistic,43,43,hydroelectric_pumped_storage,WECC_WYCO,324.0,324.0,0.0,0.0,658.6697832660868,0.2320697979262102,0.07303928356543361
bat_pessimistic,44,44,hydroelectric_pumped_storage,WECC_WYCO,238.5,238.5,0.0,0.0,520.7077754113772,0.2492307206433748,0.05774080401018431
bat_pessimistic,45,45,onshore_wind_turbine,WECC_WYCO,5751.7,5751.7,0.0,0.0,48968.575186509464,0.9718900496305414,5.430080048772859
bat_pessimistic,46,46,solar_photovoltaic,WECC_WYCO,593.1,593.1,0.0,0.0,1293.7712174238486,0.2490149692205894,0.14346509467862226
bat_pessimistic,47,47,naturalgas_ccccsavgcf,CA_N,0.0,0.0,0.0,0.0,0.0,0.0,0.0
bat_pessimistic,48,48,new_onshore_wind,CA_N,0.0,0.0,0.0,0.0,0.0,0.0,0.0
bat_pessimistic,49,49,new_floating_offshore_wind,CA_N,0.0,0.0,0.0,0.0,0.0,0.0,0.0
bat_pessimistic,50,50,new_floating_offshore_wind,CA_N,0.0,0.0,0.0,0.0,0.0,0.0,0.0
bat_pessimistic,51,51,new_floating_offshore_wind,CA_N,0.0,0.0,0.0,0.0,0.0,0.0,0.0
bat_pessimistic,52,52,new_floating_offshore_wind,CA_N,0.0,0.0,0.0,0.0,0.0,0.0,0.0
bat_pessimistic,53,53,new_floating_offshore_wind,CA_N,0.0,0.0,0.0,0.0,0.0,0.0,0.0
bat_pessimistic,54,54,new_utility_pv,CA_N,0.0,0.0,0.0,0.0,0.0,0.0,0.0
bat_pessimistic,55,55,new_utility_pv,CA_N,0.0,0.0,0.0,0.0,0.0,0.0,0.0
bat_pessimistic,56,56,new_utility_pv,CA_N,0.0,0.0,0.0,0.0,0.0,0.0,0.0
bat_pessimistic,57,57,new_utility_pv,CA_N,14305.262720000002,0.0,14305.262720000002,0.0,111450.68299497814,0.8893706432529807,12.358663241642862
bat_pessimistic,58,58,battery,CA_N,6671.517155770907,0.0,6671.517155770907,0.0,11430.079972520933,0.1955782499491128,1.2674710051960631
bat_pessimistic,59,59,nuclear,CA_N,0.0,0.0,0.0,0.0,0.0,0.0,0.0
bat_pessimistic,60,60,naturalgas_ccs100,CA_N,0.0,0.0,0.0,0.0,0.0,0.0,0.0
bat_pessimistic,61,61,naturalgas_ccccsavgcf,CA_S,0.0,0.0,0.0,0.0,0.0,0.0,0.0
bat_pessimistic,62,62,new_onshore_wind,CA_S,0.0,0.0,0.0,0.0,0.0,0.0,0.0
bat_pessimistic,63,63,new_onshore_wind,CA_S,0.0,0.0,0.0,0.0,0.0,0.0,0.0
bat_pessimistic,64,64,new_onshore_wind,CA_S,0.0,0.0,0.0,0.0,0.0,0.0,0.0
bat_pessimistic,65,65,new_utility_pv,CA_S,0.0,0.0,0.0,0.0,0.0,0.0,0.0
bat_pessimistic,66,66,new_utility_pv,CA_S,0.0,0.0,0.0,0.0,0.0,0.0,0.0
bat_pessimistic,67,67,new_utility_pv,CA_S,0.0,0.0,0.0,0.0,0.0,0.0,0.0
bat_pessimistic,68,68,new_utility_pv,CA_S,0.0,0.0,0.0,0.0,0.0,0.0,0.0
bat_pessimistic,69,69,new_utility_pv,CA_S,19435.9931181552,0.0,19435.9931181552,0.0,122178.00134871448,0.7175995763708765,13.548205660379727
bat_pessimistic,70,70,new_utility_pv,CA_S,0.0,0.0,0.0,0.0,0.0,0.0,0.0
bat_pessimistic,71,71,new_utility_pv,CA_S,0.0,0.0,0.0,0.0,0.0,0.0,0.0
bat_pessimistic,72,72,new_utility_pv,CA_S,0.0,0.0,0.0,0.0,0.0,0.0,0.0
bat_pessimistic,73,73,new_utility_pv,CA_S,0.0,0.0,0.0,0.0,0.0,0.0,0.0
bat_pessimistic,74,74,new_utility_pv,CA_S,0.0,0.0,0.0,0.0,0.0,0.0,0.0
bat_pessimistic,75,75,battery,CA_S,0.0,0.0,0.0,0.0,0.0,0.0,0.0
bat_pessimistic,76,76,nuclear,CA_S,0.0,0.0,0.0,0.0,0.0,0.0,0.0
bat_pessimistic,77,77,naturalgas_ccs100,CA_S,0.0,0.0,0.0,0.0,0.0,0.0,0.0
bat_pessimistic,78,78,naturalgas_ccccsavgcf,WECC_N,0.0,0.0,0.0,0.0,0.0,0.0,0.0
bat_pessimistic,79,79,new_onshore_wind,WECC_N,0.0,0.0,0.0,0.0,0.0,0.0,0.0
bat_pessimistic,80,80,new_onshore_wind,WECC_N,0.0,0.0,0.0,0.0,0.0,0.0,0.0
bat_pessimistic,81,81,new_onshore_wind,WECC_N,0.0,0.0,0.0,0.0,0.0,0.0,0.0
bat_pessimistic,82,82,new_onshore_wind,WECC_N,0.0,0.0,0.0,0.0,0.0,0.0,0.0
bat_pessimistic,83,83,new_onshore_wind,WECC_N,0.0,0.0,0.0,0.0,0.0,0.0,0.0
bat_pessimistic,84,84,new_onshore_wind,WECC_N,0.0,0.0,0.0,0.0,0.0,0.0,0.0
bat_pessimistic,85,85,new_utility_pv,WECC_N,0.0,0.0,0.0,0.0,0.0,0.0,0.0
bat_pessimistic,86,86,new_utility_pv,WECC_N,16700.324983857503,0.0,16700.324983857503,0.0,122341.05787331978,0.8362636176212984,13.566286847706689
bat_pessimistic,87,87,new_utility_pv,WECC_N,0.0,0.0,0.0,0.0,0.0,0.0,0.0
bat_pessimistic,88,88,new_utility_pv,WECC_N,0.0,0.0,0.0,0.0,0.0,0.0,0.0
bat_pessimistic,89,89,new_utility_pv,WECC_N,0.0,0.0,0.0,0.0,0.0,0.0,0.0
bat_pessimistic,90,90,new_utility_pv,WECC_N,0.0,0.0,0.0,0.0,0.0,0.0,0.0
bat_pessimistic,91,91,new_utility_pv,WECC_N,0.0,0.0,0.0,0.0,0.0,0.0,0.0
bat_pessimistic,92,92,new_utility_pv,WECC_N,0.0,0.0,0.0,0.0,0.0,0.0,0.0
bat_pessimistic,93,93,battery,WECC_N,0.0,0.0,0.0,0.0,0.0,0.0,0.0
bat_pessimistic,94,94,nuclear,WECC_N,0.0,0.0,0.0,0.0,0.0,0.0,0.0
bat_pessimistic,95,95,naturalgas_ccs100,WECC_N,0.0,0.0,0.0,0.0,0.0,0.0,0.0
bat_pessimistic,96,96,naturalgas_ccccsavgcf,WECC_NMAZ,0.0,0.0,0.0,0.0,0.0,0.0,0.0
bat_pessimistic,97,97,new_onshore_wind,WECC_NMAZ,0.0,0.0,0.0,0.0,0.0,0.0,0.0
bat_pessimistic,98,98,new_onshore_wind,WECC_NMAZ,0.0,0.0,0.0,0.0,0.0,0.0,0.0
bat_pessimistic,99,99,new_onshore_wind,WECC_NMAZ,0.0,0.0,0.0,0.0,0.0,0.0,0.0
bat_pessimistic,100,100,new_onshore_wind,WECC_NMAZ,0.0,0.0,0.0,0.0,0.0,0.0,0.0
bat_pessimistic,101,101,new_onshore_wind,WECC_NMAZ,0.0,0.0,0.0,0.0,0.0,0.0,0.0
bat_pessimistic,102,102,new_onshore_wind,WECC_NMAZ,0.0,0.0,0.0,0.0,0.0,0.0,0.0
bat_pessimistic,103,103,new_onshore_wind,WECC_NMAZ,0.0,0.0,0.0,0.0,0.0,0.0,0.0
bat_pessimistic,104,104,new_utility_pv,WECC_NMAZ,39612.65496332479,0.0,39612.65496332479,0.0,217997.23290834058,0.628221685566274,24.17351169795489
bat_pessimistic,105,105,new_utility_pv,WECC_NMAZ,0.0,0.0,0.0,0.0,0.0,0.0,0.0
bat_pessimistic,106,106,new_utility_pv,WECC_NMAZ,0.0,0.0,0.0,0.0,0.0,0.0,0.0
bat_pessimistic,107,107,new_utility_pv,WECC_NMAZ,0.0,0.0,0.0,0.0,0.0,0.0,0.0
bat_pessimistic,108,108,new_utility_pv,WECC_NMAZ,0.0,0.0,0.0,0.0,0.0,0.0,0.0
bat_pessimistic,109,109,new_utility_pv,WECC_NMAZ,0.0,0.0,0.0,0.0,0.0,0.0,0.0
bat_pessimistic,110,110,new_utility_pv,WECC_NMAZ,0.0,0.0,0.0,0.0,0.0,0.0,0.0
bat_pessimistic,111,111,new_utility_pv,WECC_NMAZ,0.0,0.0,0.0,0.0,0.0,0.0,0.0
bat_pessimistic,112,112,new_utility_pv,WECC_NMAZ,0.0,0.0,0.0,0.0,0.0,0.0,0.0
bat_pessimistic,113,113,new_utility_pv,WECC_NMAZ,0.0,0.0,0.0,0.0,0.0,0.0,0.0
bat_pessimistic,114,114,new_utility_pv,WECC_NMAZ,0.0,0.0,0.0,0.0,0.0,0.0,0.0
bat_pessimistic,115,115,new_utility_pv,WECC_NMAZ,0.0,0.0,0.0,0.0,0.0,0.0,0.0
bat_pessimistic,116,116,battery,WECC_NMAZ,0.0,0.0,0.0,0.0,0.0,0.0,0.0
bat_pessimistic,117,117,nuclear,WECC_NMAZ,0.0,0.0,0.0,0.0,0.0,0.0,0.0
bat_pessimistic,118,118,naturalgas_ccs100,WECC_NMAZ,0.0,0.0,0.0,0.0,0.0,0.0,0.0
bat_pessimistic,119,119,naturalgas_ccccsavgcf,WECC_PNW,0.0,0.0,0.0,0.0,0.0,0.0,0.0
bat_pessimistic,120,120,new_onshore_wind,WECC_PNW,0.0,0.0,0.0,0.0,0.0,0.0,0.0
bat_pessimistic,121,121,new_floating_offshore_wind,WECC_PNW,0.0,0.0,0.0,0.0,0.0,0.0,0.0
bat_pessimistic,122,122,new_floating_offshore_wind,WECC_PNW,0.0,0.0,0.0,0.0,0.0,0.0,0.0
bat_pessimistic,123,123,new_floating_offshore_wind,WECC_PNW,0.0,0.0,0.0,0.0,0.0,0.0,0.0
bat_pessimistic,124,124,new_utility_pv,WECC_PNW,0.0,0.0,0.0,0.0,0.0,0.0,0.0
bat_pessimistic,125,125,battery,WECC_PNW,0.0,0.0,0.0,0.0,0.0,0.0,0.0
bat_pessimistic,126,126,nuclear,WECC_PNW,0.0,0.0,0.0,0.0,0.0,0.0,0.0
bat_pessimistic,127,127,naturalgas_ccs100,WECC_PNW,0.0,0.0,0.0,0.0,0.0,0.0,0.0
bat_pessimistic,128,128,naturalgas_ccccsavgcf,WECC_WYCO,0.0,0.0,0.0,0.0,0.0,0.0,0.0
bat_pessimistic,129,129,new_onshore_wind,WECC_WYCO,0.0,0.0,0.0,0.0,0.0,0.0,0.0
bat_pessimistic,130,130,new_onshore_wind,WECC_WYCO,0.0,0.0,0.0,0.0,0.0,0.0,0.0
bat_pessimistic,131,131,new_onshore_wind,WECC_WYCO,0.0,0.0,0.0,0.0,0.0,0.0,0.0
bat_pessimistic,132,132,new_onshore_wind,WECC_WYCO,0.0,0.0,0.0,0.0,0.0,0.0,0.0
bat_pessimistic,133,133,new_onshore_wind,WECC_WYCO,0.0,0.0,0.0,0.0,0.0,0.0,0.0
bat_pessimistic,134,134,new_onshore_wind,WECC_WYCO,0.0,0.0,0.0,0.0,0.0,0.0,0.0
bat_pessimistic,135,135,new_onshore_wind,WECC_WYCO,0.0,0.0,0.0,0.0,0.0,0.0,0.0
bat_pessimistic,136,136,new_utility_pv,WECC_WYCO,0.0,0.0,0.0,0.0,0.0,0.0,0.0
bat_pessimistic,137,137,new_utility_pv,WECC_WYCO,4776.7,0.0,4776.7,0.0,12849.54868434118,0.3070830190542787,1.4248745788666297
bat_pessimistic,138,138,new_utility_pv,WECC_WYCO,0.0,0.0,0.0,0.0,0.0,0.0,0.0
bat_pessimistic,139,139,new_utility_pv,WECC_WYCO,0.0,0.0,0.0,0.0,0.0,0.0,0.0
bat_pessimistic,140,140,new_utility_pv,WECC_WYCO,0.0,0.0,0.0,0.0,0.0,0.0,0.0
bat_pessimistic,141,141,battery,WECC_WYCO,0.0,0.0,0.0,0.0,0.0,0.0,0.0
bat_pessimistic,142,142,nuclear,WECC_WYCO,0.0,0.0,0.0,0.0,0.0,0.0,0.0
bat_pessimistic,143,143,naturalgas_ccs100,WECC_WYCO,0.0,0.0,0.0,0.0,0.0,0.0,0.0
bat_pessimistic,144,156,new_biogas_CCGT,CA_N,0.0,0.0,0.0,0.0,0.0,0.0,0.0
bat_pessimistic,145,157,new_biogas_CCGT,CA_S,0.0,0.0,0.0,0.0,0.0,0.0,0.0
bat_pessimistic,146,158,new_biogas_CCGT,WECC_N,0.0,0.0,0.0,0.0,0.0,0.0,0.0
bat_pessimistic,147,159,new_biogas_CCGT,WECC_NMAZ,0.0,0.0,0.0,0.0,0.0,0.0,0.0
bat_pessimistic,148,160,new_biogas_CCGT,WECC_PNW,0.0,0.0,0.0,0.0,0.0,0.0,0.0
bat_pessimistic,149,161,new_biogas_CCGT,WECC_WYCO,0.0,0.0,0.0,0.0,0.0,0.0,0.0
bat_pessimistic,150,162,biomass,WECC_PNW,0.0,28.4,0.0,28.4,0.0,0.0,0.0
bat_pessimistic,151,163,biomass,WECC_PNW,0.0,74.43,0.0,74.43,0.0,0.0,0.0
bat_pessimistic,152,164,conventional_hydroelectric,WECC_PNW,29850.0,29850.0,0.0,0.0,198468.79707789485,0.7590035301235816,22.008021495661687
bat_pessimistic,153,165,geothermal,WECC_PNW,14.49,14.49,0.0,0.0,8.185948355769103,0.06449061355311254,0.0009077322482356519
bat_pessimistic,154,166,geothermal,WECC_PNW,1.17,1.17,0.0,0.0,10.031117062500515,0.9787219551282554,0.0011123413009369145
bat_pessimistic,155,167,hydroelectric_pumped_storage,WECC_PNW,214.0,214.0,0.0,0.0,458.52360207051044,0.2445928829377963,0.050845258495094504
bat_pessimistic,156,168,hydroelectric_pumped_storage,WECC_PNW,100.0,100.0,0.0,0.0,230.09787636167096,0.2626688086320445,0.02551534086784557
bat_pessimistic,157,169,nuclear,WECC_PNW,1163.0,1163.0,0.0,0.0,16.326730769230775,0.001602564102564103,0.0018104560868683391
bat_pessimistic,158,170,onshore_wind_turbine,WECC_PNW,5254.0,5254.0,0.0,0.0,32148.015015381887,0.6984896703051618,3.564863675894074
bat_pessimistic,159,171,solar_photovoltaic,WECC_PNW,209.9,209.9,0.0,0.0,131.23857011708776,0.07137480672307958,0.014552923757900208
bat_moderate,1,1,biomass,CA_N,36.72,36.72,0.0,0.0,136.9140941472476,0.4256389652014491,0.015182277372644383
bat_moderate,2,2,biomass,CA_N,0.0,33.06,0.0,33.06,0.0,0.0,0.0
bat_moderate,3,3,conventional_hydroelectric,CA_N,0.0,6607.44,0.0,6607.44,0.0,0.0,0.0
bat_moderate,4,4,geothermal,CA_N,542.55,542.55,0.0,0.0,4482.3046267324535,0.9430994569303954,0.4970386177960001
bat_moderate,5,5,geothermal,CA_N,100.32,100.32,0.0,0.0,841.0637530549632,0.9570558608058815,0.09326478231835444
bat_moderate,6,6,hydroelectric_pumped_storage,CA_N,615.15,615.15,0.0,0.0,1210.1049997021462,0.22456285482995503,0.13418742511448792
bat_moderate,7,7,hydroelectric_pumped_storage,CA_N,1175.8,1175.8,0.0,0.0,2154.9942169761757,0.20922257700927763,0.23896531721116915
bat_moderate,8,8,onshore_wind_turbine,CA_N,1327.6,1327.6,0.0,0.0,1360.7760615919888,0.11700793390964613,0.1508951999267894
bat_moderate,9,9,small_hydroelectric,CA_N,231.4,231.4,0.0,0.0,569.8398972750011,0.2811158884351955,0.06318901959884292
bat_moderate,10,10,small_hydroelectric,CA_N,1.95,1.95,0.0,0.0,3.2889107142857332,0.19253663003663116,0.00036470426970393674
bat_moderate,11,11,solar_photovoltaic,CA_N,2787.1,2787.1,0.0,0.0,3550.6397476913266,0.14542864343255787,0.3937271603448687
bat_moderate,12,12,biomass,CA_S,0.0,67.2,0.0,67.2,0.0,0.0,0.0
bat_moderate,13,13,biomass,CA_S,0.0,38.1,0.0,38.1,0.0,0.0,0.0
bat_moderate,14,14,conventional_hydroelectric,CA_S,0.0,1396.0,0.0,1396.0,0.0,0.0,0.0
bat_moderate,15,15,geothermal,CA_S,535.15,535.15,0.0,0.0,4453.417673581136,0.9499785349264377,0.49383537025654506
bat_moderate,16,16,geothermal,CA_S,73.02,73.02,0.0,0.0,637.74267317344,0.9970100660065612,0.0707186956667712
bat_moderate,17,17,hydroelectric_pumped_storage,CA_S,1623.0,1623.0,0.0,0.0,2584.051670369425,0.18175173591729515,0.2865431017101926
bat_moderate,18,18,hydroelectric_pumped_storage,CA_S,42.0,42.0,0.0,0.0,98.82835363801651,0.26861370308223664,0.010958984804007622
bat_moderate,19,19,onshore_wind_turbine,CA_S,4735.6,4735.6,0.0,0.0,9142.624655579304,0.220389942911269,1.0138171990218932
bat_moderate,20,20,small_hydroelectric,CA_S,126.44,126.44,0.0,0.0,561.1711247456251,0.5066484552255958,0.062227747424191536
bat_moderate,21,21,small_hydroelectric,CA_S,7.0,7.0,0.0,0.0,14.901054807692153,0.24300480769230517,0.0016523641970128493
bat_moderate,22,22,solar_photovoltaic,CA_S,9520.0,9520.0,0.0,0.0,14766.866707199573,0.1770709430182981,1.6374842025573801
bat_moderate,23,23,biomass,WECC_N,6.24,6.24,0.0,0.0,20.557329771428584,0.37607806776556796,0.0022795833005701065
bat_moderate,24,24,biomass,WECC_N,0.0,13.8,0.0,13.8,0.0,0.0,0.0
bat_moderate,25,25,conventional_hydroelectric,WECC_N,0.0,4648.1,0.0,4648.1,0.0,0.0,0.0
bat_moderate,26,26,geothermal,WECC_N,165.24,165.24,0.0,0.0,544.5663831452405,0.3762110398885974,0.06038646297317657
bat_moderate,27,27,geothermal,WECC_N,215.16,215.16,0.0,0.0,1846.2178501232813,0.979529012562002,0.2047253912424351
bat_moderate,28,28,onshore_wind_turbine,WECC_N,3893.9,3893.9,0.0,0.0,3089.728806965355,0.09057982175156513,0.3426171720724974
bat_moderate,29,29,solar_photovoltaic,WECC_N,1185.7,1185.7,0.0,0.0,1221.799496678243,0.11763079057765646,0.13548421707685304
bat_moderate,30,30,biomass,WECC_NMAZ,0.0,3.54,0.0,3.54,0.0,0.0,0.0
bat_moderate,31,31,biomass,WECC_NMAZ,0.0,11.4,0.0,11.4,0.0,0.0,0.0
bat_moderate,32,32,conventional_hydroelectric,WECC_NMAZ,0.0,3960.0,0.0,3960.0,0.0,0.0,0.0
bat_moderate,33,33,geothermal,WECC_NMAZ,0.68,0.68,0.0,0.0,5.523846465934246,0.9273177655677957,0.0006125342298180125
bat_moderate,34,34,geothermal,WECC_NMAZ,2.66,2.66,0.0,0.0,21.450819207692582,0.9205728021978138,0.002378661518451011
bat_moderate,35,35,hydroelectric_pumped_storage,WECC_NMAZ,119.0,119.0,0.0,0.0,270.3280982146158,0.2593224532967037,0.029976432990892764
bat_moderate,36,36,hydroelectric_pumped_storage,WECC_NMAZ,97.3,97.3,0.0,0.0,223.37060593884576,0.26206503205128157,0.024769360067576206
bat_moderate,37,37,nuclear,WECC_NMAZ,4002.99,4002.99,0.0,0.0,85.271249987167,0.0024317225267710277,0.00945565010878242
bat_moderate,38,38,onshore_wind_turbine,WECC_NMAZ,0.0,1235.1,0.0,1235.1,0.0,0.0,0.0
bat_moderate,39,39,solar_photovoltaic,WECC_NMAZ,6266.4,6266.4,0.0,0.0,8560.605201980265,0.1559488760302148,0.9492775996778532
bat_moderate,40,40,biomass,WECC_WYCO,0.0,4.8,0.0,4.8,0.0,0.0,0.0
bat_moderate,41,41,biomass,WECC_WYCO,0.0,8.04,0.0,8.04,0.0,0.0,0.0
bat_moderate,42,42,conventional_hydroelectric,WECC_WYCO,0.0,961.87,0.0,961.87,0.0,0.0,0.0
bat_moderate,43,43,hydroelectric_pumped_storage,WECC_WYCO,324.0,324.0,0.0,0.0,648.3283874758027,0.22842620337808037,0.07189253574311276
bat_moderate,44,44,hydroelectric_pumped_storage,WECC_WYCO,238.5,238.5,0.0,0.0,510.95745324661317,0.24456384233968637,0.05665959979596452
bat_moderate,45,45,onshore_wind_turbine,WECC_WYCO,5751.7,5751.7,0.0,0.0,48821.5066563207,0.9689711482624732,5.413771755371657
bat_moderate,46,46,solar_photovoltaic,WECC_WYCO,593.1,593.1,0.0,0.0,1523.7132382743953,0.2932724117061572,0.16896315287287103
bat_moderate,47,47,naturalgas_ccccsavgcf,CA_N,0.0,0.0,0.0,0.0,0.0,0.0,0.0
bat_moderate,48,48,new_onshore_wind,CA_N,0.0,0.0,0.0,0.0,0.0,0.0,0.0
bat_moderate,49,49,new_floating_offshore_wind,CA_N,0.0,0.0,0.0,0.0,0.0,0.0,0.0
bat_moderate,50,50,new_floating_offshore_wind,CA_N,0.0,0.0,0.0,0.0,0.0,0.0,0.0
bat_moderate,51,51,new_floating_offshore_wind,CA_N,0.0,0.0,0.0,0.0,0.0,0.0,0.0
bat_moderate,52,52,new_floating_offshore_wind,CA_N,0.0,0.0,0.0,0.0,0.0,0.0,0.0
bat_moderate,53,53,new_floating_offshore_wind,CA_N,0.0,0.0,0.0,0.0,0.0,0.0,0.0
bat_moderate,54,54,new_utility_pv,CA_N,0.0,0.0,0.0,0.0,0.0,0.0,0.0
bat_moderate,55,55,new_utility_pv,CA_N,0.0,0.0,0.0,0.0,0.0,0.0,0.0
bat_moderate,56,56,new_utility_pv,CA_N,0.0,0.0,0.0,0.0,0.0,0.0,0.0
bat_moderate,57,57,new_utility_pv,CA_N,11995.573644537533,0.0,11995.573644537533,0.0,97748.15288846727,0.9302152003949492,10.839202341143302
bat_moderate,58,58,battery,CA_N,15408.044302952161,0.0,15408.044302952161,0.0,14076.564094031935,0.10429056911891756,1.5609371837172237
bat_moderate,59,59,nuclear,CA_N,0.0,0.0,0.0,0.0,0.0,0.0,0.0
bat_moderate,60,60,naturalgas_ccs100,CA_N,0.0,0.0,0.0,0.0,0.0,0.0,0.0
bat_moderate,61,61,naturalgas_ccccsavgcf,CA_S,0.0,0.0,0.0,0.0,0.0,0.0,0.0
bat_moderate,62,62,new_onshore_wind,CA_S,0.0,0.0,0.0,0.0,0.0,0.0,0.0
bat_moderate,63,63,new_onshore_wind,CA_S,0.0,0.0,0.0,0.0,0.0,0.0,0.0
bat_moderate,64,64,new_onshore_wind,CA_S,0.0,0.0,0.0,0.0,0.0,0.0,0.0
bat_moderate,65,65,new_utility_pv,CA_S,0.0,0.0,0.0,0.0,0.0,0.0,0.0
bat_moderate,66,66,new_utility_pv,CA_S,0.0,0.0,0.0,0.0,0.0,0.0,0.0
bat_moderate,67,67,new_utility_pv,CA_S,0.0,0.0,0.0,0.0,0.0,0.0,0.0
bat_moderate,68,68,new_utility_pv,CA_S,0.0,0.0,0.0,0.0,0.0,0.0,0.0
bat_moderate,69,69,new_utility_pv,CA_S,15080.943512870406,0.0,15080.943512870406,0.0,105898.73594125951,0.8016008273375271,11.743012963614225
bat_moderate,70,70,new_utility_pv,CA_S,0.0,0.0,0.0,0.0,0.0,0.0,0.0
bat_moderate,71,71,new_utility_pv,CA_S,0.0,0.0,0.0,0.0,0.0,0.0,0.0
bat_moderate,72,72,new_utility_pv,CA_S,0.0,0.0,0.0,0.0,0.0,0.0,0.0
bat_moderate,73,73,new_utility_pv,CA_S,0.0,0.0,0.0,0.0,0.0,0.0,0.0
bat_moderate,74,74,new_utility_pv,CA_S,0.0,0.0,0.0,0.0,0.0,0.0,0.0
bat_moderate,75,75,battery,CA_S,0.0,0.0,0.0,0.0,0.0,0.0,0.0
bat_moderate,76,76,nuclear,CA_S,0.0,0.0,0.0,0.0,0.0,0.0,0.0
bat_moderate,77,77,naturalgas_ccs100,CA_S,0.0,0.0,0.0,0.0,0.0,0.0,0.0
bat_moderate,78,78,naturalgas_ccccsavgcf,WECC_N,0.0,0.0,0.0,0.0,0.0,0.0,0.0
bat_moderate,79,79,new_onshore_wind,WECC_N,0.0,0.0,0.0,0.0,0.0,0.0,0.0
bat_moderate,80,80,new_onshore_wind,WECC_N,0.0,0.0,0.0,0.0,0.0,0.0,0.0
bat_moderate,81,81,new_onshore_wind,WECC_N,0.0,0.0,0.0,0.0,0.0,0.0,0.0
bat_moderate,82,82,new_onshore_wind,WECC_N,0.0,0.0,0.0,0.0,0.0,0.0,0.0
bat_moderate,83,83,new_onshore_wind,WECC_N,0.0,0.0,0.0,0.0,0.0,0.0,0.0
bat_moderate,84,84,new_onshore_wind,WECC_N,0.0,0.0,0.0,0.0,0.0,0.0,0.0
bat_moderate,85,85,new_utility_pv,WECC_N,0.0,0.0,0.0,0.0,0.0,0.0,0.0
bat_moderate,86,86,new_utility_pv,WECC_N,16185.6329213531,0.0,16185.6329213531,0.0,128516.15926446053,0.9064084492629028,14.251038134332248
bat_moderate,87,87,new_utility_pv,WECC_N,0.0,0.0,0.0,0.0,0.0,0.0,0.0
bat_moderate,88,88,new_utility_pv,WECC_N,0.0,0.0,0.0,0.0,0.0,0.0,0.0
bat_moderate,89,89,new_utility_pv,WECC_N,0.0,0.0,0.0,0.0,0.0,0.0,0.0
bat_moderate,90,90,new_utility_pv,WECC_N,0.0,0.0,0.0,0.0,0.0,0.0,0.0
bat_moderate,91,91,new_utility_pv,WECC_N,0.0,0.0,0.0,0.0,0.0,0.0,0.0
bat_moderate,92,92,new_utility_pv,WECC_N,0.0,0.0,0.0,0.0,0.0,0.0,0.0
bat_moderate,93,93,battery,WECC_N,0.0,0.0,0.0,0.0,0.0,0.0,0.0
bat_moderate,94,94,nuclear,WECC_N,0.0,0.0,0.0,0.0,0.0,0.0,0.0
bat_moderate,95,95,naturalgas_ccs100,WECC_N,0.0,0.0,0.0,0.0,0.0,0.0,0.0
bat_moderate,96,96,naturalgas_ccccsavgcf,WECC_NMAZ,0.0,0.0,0.0,0.0,0.0,0.0,0.0
bat_moderate,97,97,new_onshore_wind,WECC_NMAZ,0.0,0.0,0.0,0.0,0.0,0.0,0.0
bat_moderate,98,98,new_onshore_wind,WECC_NMAZ,0.0,0.0,0.0,0.0,0.0,0.0,0.0
bat_moderate,99,99,new_onshore_wind,WECC_NMAZ,0.0,0.0,0.0,0.0,0.0,0.0,0.0
bat_moderate,100,100,new_onshore_wind,WECC_NMAZ,0.0,0.0,0.0,0.0,0.0,0.0,0.0
bat_moderate,101,101,new_onshore_wind,WECC_NMAZ,0.0,0.0,0.0,0.0,0.0,0.0,0.0
bat_moderate,102,102,new_onshore_wind,WECC_NMAZ,0.0,0.0,0.0,0.0,0.0,0.0,0.0
bat_moderate,103,103,new_onshore_wind,WECC_NMAZ,0.0,0.0,0.0,0.0,0.0,0.0,0.0
bat_moderate,104,104,new_utility_pv,WECC_NMAZ,38055.5585593952,0.0,38055.5585593952,0.0,217057.85536675248,0.6511084038607842,24.069344990481483
bat_moderate,105,105,new_utility_pv,WECC_NMAZ,0.0,0.0,0.0,0.0,0.0,0.0,0.0
bat_moderate,106,106,new_utility_pv,WECC_NMAZ,0.0,0.0,0.0,0.0,0.0,0.0,0.0
bat_moderate,107,107,new_utility_pv,WECC_NMAZ,0.0,0.0,0.0,0.0,0.0,0.0,0.0
bat_moderate,108,108,new_utility_pv,WECC_NMAZ,0.0,0.0,0.0,0.0,0.0,0.0,0.0
bat_moderate,109,109,new_utility_pv,WECC_NMAZ,0.0,0.0,0.0,0.0,0.0,0.0,0.0
bat_moderate,110,110,new_utility_pv,WECC_NMAZ,0.0,0.0,0.0,0.0,0.0,0.0,0.0
bat_moderate,111,111,new_utility_pv,WECC_NMAZ,0.0,0.0,0.0,0.0,0.0,0.0,0.0
bat_moderate,112,112,new_utility_pv,WECC_NMAZ,0.0,0.0,0.0,0.0,0.0,0.0,0.0
bat_moderate,113,113,new_utility_pv,WECC_NMAZ,0.0,0.0,0.0,0.0,0.0,0.0,0.0
bat_moderate,114,114,new_utility_pv,WECC_NMAZ,0.0,0.0,0.0,0.0,0.0,0.0,0.0
bat_moderate,115,115,new_utility_pv,WECC_NMAZ,0.0,0.0,0.0,0.0,0.0,0.0,0.0
bat_moderate,116,116,battery,WECC_NMAZ,0.0,0.0,0.0,0.0,0.0,0.0,0.0
bat_moderate,117,117,nuclear,WECC_NMAZ,0.0,0.0,0.0,0.0,0.0,0.0,0.0
bat_moderate,118,118,naturalgas_ccs100,WECC_NMAZ,0.0,0.0,0.0,0.0,0.0,0.0,0.0
bat_moderate,119,119,naturalgas_ccccsavgcf,WECC_PNW,0.0,0.0,0.0,0.0,0.0,0.0,0.0
bat_moderate,120,120,new_onshore_wind,WECC_PNW,0.0,0.0,0.0,0.0,0.0,0.0,0.0
bat_moderate,121,121,new_floating_offshore_wind,WECC_PNW,0.0,0.0,0.0,0.0,0.0,0.0,0.0
bat_moderate,122,122,new_floating_offshore_wind,WECC_PNW,0.0,0.0,0.0,0.0,0.0,0.0,0.0
bat_moderate,123,123,new_floating_offshore_wind,WECC_PNW,0.0,0.0,0.0,0.0,0.0,0.0,0.0
bat_moderate,124,124,new_utility_pv,WECC_PNW,0.0,0.0,0.0,0.0,0.0,0.0,0.0
bat_moderate,125,125,battery,WECC_PNW,0.0,0.0,0.0,0.0,0.0,0.0,0.0
bat_moderate,126,126,nuclear,WECC_PNW,0.0,0.0,0.0,0.0,0.0,0.0,0.0
bat_moderate,127,127,naturalgas_ccs100,WECC_PNW,0.0,0.0,0.0,0.0,0.0,0.0,0.0
bat_moderate,128,128,naturalgas_ccccsavgcf,WECC_WYCO,0.0,0.0,0.0,0.0,0.0,0.0,0.0
bat_moderate,129,129,new_onshore_wind,WECC_WYCO,0.0,0.0,0.0,0.0,0.0,0.0,0.0
bat_moderate,130,130,new_onshore_wind,WECC_WYCO,0.0,0.0,0.0,0.0,0.0,0.0,0.0
bat_moderate,131,131,new_onshore_wind,WECC_WYCO,0.0,0.0,0.0,0.0,0.0,0.0,0.0
bat_moderate,132,132,new_onshore_wind,WECC_WYCO,0.0,0.0,0.0,0.0,0.0,0.0,0.0
bat_moderate,133,133,new_onshore_wind,WECC_WYCO,0.0,0.0,0.0,0.0,0.0,0.0,0.0
bat_moderate,134,134,new_onshore_wind,WECC_WYCO,0.0,0.0,0.0,0.0,0.0,0.0,0.0
bat_moderate,135,135,new_onshore_wind,WECC_WYCO,0.0,0.0,0.0,0.0,0.0,0.0,0.0
bat_moderate,136,136,new_utility_pv,WECC_WYCO,0.0,0.0,0.0,0.0,0.0,0.0,0.0
bat_moderate,137,137,new_utility_pv,WECC_WYCO,4776.7,0.0,4776.7,0.0,15606.94408503357,0.37298022098502626,1.7306396066390273
bat_moderate,138,138,new_utility_pv,WECC_WYCO,0.0,0.0,0.0,0.0,0.0,0.0,0.0
bat_moderate,139,139,new_utility_pv,WECC_WYCO,0.0,0.0,0.0,0.0,0.0,0.0,0.0
bat_moderate,140,140,new_utility_pv,WECC_WYCO,0.0,0.0,0.0,0.0,0.0,0.0,0.0
bat_moderate,141,141,battery,WECC_WYCO,0.0,0.0,0.0,0.0,0.0,0.0,0.0
bat_moderate,142,142,nuclear,WECC_WYCO,0.0,0.0,0.0,0.0,0.0,0.0,0.0
bat_moderate,143,143,naturalgas_ccs100,WECC_WYCO,0.0,0.0,0.0,0.0,0.0,0.0,0.0
bat_moderate,144,156,new_biogas_CCGT,CA_N,0.0,0.0,0.0,0.0,0.0,0.0,0.0
bat_moderate,145,157,new_biogas_CCGT,CA_S,0.0,0.0,0.0,0.0,0.0,0.0,0.0
bat_moderate,146,158,new_biogas_CCGT,WECC_N,0.0,0.0,0.0,0.0,0.0,0.0,0.0
bat_moderate,147,159,new_biogas_CCGT,WECC_NMAZ,0.0,0.0,0.0,0.0,0.0,0.0,0.0
bat_moderate,148,160,new_biogas_CCGT,WECC_PNW,0.0,0.0,0.0,0.0,0.0,0.0,0.0
bat_moderate,149,161,new_biogas_CCGT,WECC_WYCO,0.0,0.0,0.0,0.0,0.0,0.0,0.0
bat_moderate,150,162,biomass,WECC_PNW,0.0,28.4,0.0,28.4,0.0,0.0,0.0
bat_moderate,151,163,biomass,WECC_PNW,0.0,74.43,0.0,74.43,0.0,0.0,0.0
bat_moderate,152,164,conventional_hydroelectric,WECC_PNW,29850.0,29850.0,0.0,0.0,205219.02023781367,0.7848183850677041,22.756547503735895
bat_moderate,153,165,geothermal,WECC_PNW,14.49,14.49,0.0,0.0,14.92821501923054,0.11760760073259892,0.0016553759677705917
bat_moderate,154,166,geothermal,WECC_PNW,1.17,1.17,0.0,0.0,10.007253883929081,0.9763936584249583,0.0011096951351179682
bat_moderate,155,167,hydroelectric_pumped_storage,WECC_PNW,214.0,214.0,0.0,0.0,463.2807801874972,0.2471305318287763,0.051372777580204115
bat_moderate,156,168,hydroelectric_pumped_storage,WECC_PNW,100.0,100.0,0.0,0.0,190.851487860746,0.21786699527482423,0.02116334511600732
bat_moderate,157,169,nuclear,WECC_PNW,1163.0,1163.0,0.0,0.0,23.817078538226454,0.002337785539113776,0.002641053828866741
bat_moderate,158,170,onshore_wind_turbine,WECC_PNW,5254.0,5254.0,0.0,0.0,30561.585415450027,0.6640208333431111,3.3889459636355
bat_moderate,159,171,solar_photovoltaic,WECC_PNW,209.9,209.9,0.0,0.0,222.61180413457188,0.12106863462627991,0.0246852172367369
bat_optimistic,1,1,biomass,CA_N,36.72,36.72,0.0,0.0,136.93537661537945,0.4257051282051121,0.015184637365867615
bat_optimistic,2,2,biomass,CA_N,0.0,33.06,0.0,33.06,0.0,0.0,0.0
bat_optimistic,3,3,conventional_hydroelectric,CA_N,0.0,6607.44,0.0,6607.44,0.0,0.0,0.0
bat_optimistic,4,4,geothermal,CA_N,542.55,542.55,0.0,0.0,4432.299852860839,0.9325782007888588,0.49149363463262524
bat_optimistic,5,5,geothermal,CA_N,100.32,100.32,0.0,0.0,820.1020611566041,0.933203316916238,0.09094035967521491
bat_optimistic,6,6,hydroelectric_pumped_storage,CA_N,264.24598987500013,615.15,0.0,350.90401012499984,573.051595071651,0.2475604219515937,0.0635451617994655
bat_optimistic,7,7,hydroelectric_pumped_storage,CA_N,505.08075225000016,1175.8,0.0,670.7192477499998,1026.8514568298708,0.23208266285598278,0.11386660909671203
bat_optimistic,8,8,onshore_wind_turbine,CA_N,1327.6,1327.6,0.0,0.0,1356.1379132409738,0.11660911725565254,0.15038087994242866
bat_optimistic,9,9,small_hydroelectric,CA_N,231.4,231.4,0.0,0.0,677.8057965539869,0.33437809391020057,0.07516125839463601
bat_optimistic,10,10,small_hydroelectric,CA_N,1.95,1.95,0.0,0.0,4.573580357142803,0.2677426739926708,0.0005071600991899482
bat_optimistic,11,11,solar_photovoltaic,CA_N,2787.1,2787.1,0.0,0.0,3559.186439152495,0.14577870252989167,0.3946748950626861
bat_optimistic,12,12,biomass,CA_S,0.0,67.2,0.0,67.2,0.0,0.0,0.0
bat_optimistic,13,13,biomass,CA_S,0.0,38.1,0.0,38.1,0.0,0.0,0.0
bat_optimistic,14,14,conventional_hydroelectric,CA_S,0.0,1396.0,0.0,1396.0,0.0,0.0,0.0
bat_optimistic,15,15,geothermal,CA_S,535.15,535.15,0.0,0.0,4426.4106179590135,0.9442175385382524,0.49084058281682
bat_optimistic,16,16,geothermal,CA_S,73.02,73.02,0.0,0.0,637.0560882057737,0.9959366987179559,0.07064256089420508
bat_optimistic,17,17,hydroelectric_pumped_storage,CA_S,1623.0,1623.0,0.0,0.0,2725.308052522891,0.19168713812313373,0.3022068913869787
bat_optimistic,18,18,hydroelectric_pumped_storage,CA_S,42.0,42.0,0.0,0.0,100.14899778323253,0.2722031903218975,0.011105429812814859
bat_optimistic,19,19,onshore_wind_turbine,CA_S,4735.6,4735.6,0.0,0.0,9684.791758967442,0.23345929459805864,1.0739376080800673
bat_optimistic,20,20,small_hydroelectric,CA_S,126.44,126.44,0.0,0.0,577.5636334160015,0.5214482886968619,0.06404549756173013
bat_optimistic,21,21,small_hydroelectric,CA_S,7.0,7.0,0.0,0.0,16.44658413461538,0.2682091346153846,0.0018237465157949406
bat_optimistic,22,22,solar_photovoltaic,CA_S,9520.0,9520.0,0.0,0.0,13930.933051816315,0.16704718079477374,1.5447882920289293
bat_optimistic,23,23,biomass,WECC_N,6.24,6.24,0.0,0.0,20.572997657142867,0.37636469780219795,0.0022813206979376945
bat_optimistic,24,24,biomass,WECC_N,0.0,13.8,0.0,13.8,0.0,0.0,0.0
bat_optimistic,25,25,conventional_hydroelectric,WECC_N,0.0,4648.1,0.0,4648.1,0.0,0.0,0.0
bat_optimistic,26,26,geothermal,WECC_N,165.24,165.24,0.0,0.0,703.8161972006872,0.4862280001751203,0.07804552768518189
bat_optimistic,27,27,geothermal,WECC_N,215.16,215.16,0.0,0.0,1831.4751970295117,0.9717071531717247,0.20309059206509425
bat_optimistic,28,28,onshore_wind_turbine,WECC_N,3893.9,3893.9,0.0,0.0,4623.124469663778,0.135533510078103,0.5126540000418648
bat_optimistic,29,29,solar_photovoltaic,WECC_N,1185.7,1185.7,0.0,0.0,1356.6852532296348,0.1306171424495823,0.15044157396795427
bat_optimistic,30,30,biomass,WECC_NMAZ,0.0,3.54,0.0,3.54,0.0,0.0,0.0
bat_optimistic,31,31,biomass,WECC_NMAZ,0.0,11.4,0.0,11.4,0.0,0.0,0.0
bat_optimistic,32,32,conventional_hydroelectric,WECC_NMAZ,0.0,3960.0,0.0,3960.0,0.0,0.0,0.0
bat_optimistic,33,33,geothermal,WECC_NMAZ,0.68,0.68,0.0,0.0,5.734872379121079,0.9627438186813522,0.000635934698314502
bat_optimistic,34,34,geothermal,WECC_NMAZ,2.66,2.66,0.0,0.0,22.370272176923454,0.9600315934066094,0.0024806188085087577
bat_optimistic,35,35,hydroelectric_pumped_storage,WECC_NMAZ,119.0,119.0,0.0,0.0,275.2299254616087,0.26402471649361947,0.030519992084353176
bat_optimistic,36,36,hydroelectric_pumped_storage,WECC_NMAZ,97.3,97.3,0.0,0.0,230.5400611864389,0.27047644997869286,0.025564374334424846
bat_optimistic,37,37,nuclear,WECC_NMAZ,4002.99,4002.99,0.0,0.0,93.76392499777776,0.002673912352051595,0.010397394992316096
bat_optimistic,38,38,onshore_wind_turbine,WECC_NMAZ,0.0,1235.1,0.0,1235.1,0.0,0.0,0.0
bat_optimistic,39,39,solar_photovoltaic,WECC_NMAZ,6266.4,6266.4,0.0,0.0,8224.464016057289,0.1498253790466107,0.9120032142112723
bat_optimistic,40,40,biomass,WECC_WYCO,0.0,4.8,0.0,4.8,0.0,0.0,0.0
bat_optimistic,41,41,biomass,WECC_WYCO,0.0,8.04,0.0,8.04,0.0,0.0,0.0
bat_optimistic,42,42,conventional_hydroelectric,WECC_WYCO,0.0,961.87,0.0,961.87,0.0,0.0,0.0
bat_optimistic,43,43,hydroelectric_pumped_storage,WECC_WYCO,324.0,324.0,0.0,0.0,614.0639725558066,0.21635378704965283,0.06809298643763889
bat_optimistic,44,44,hydroelectric_pumped_storage,WECC_WYCO,238.5,238.5,0.0,0.0,491.81729029156037,0.23540262594964742,0.05453716481400641
bat_optimistic,45,45,onshore_wind_turbine,WECC_WYCO,5751.7,5751.7,0.0,0.0,48597.0717408007,0.9645167392797169,5.388884374998194
bat_optimistic,46,46,solar_photovoltaic,WECC_WYCO,593.1,593.1,0.0,0.0,2065.750324041943,0.3975994723263387,0.22906914439725184
bat_optimistic,47,47,naturalgas_ccccsavgcf,CA_N,0.0,0.0,0.0,0.0,0.0,0.0,0.0
bat_optimistic,48,48,new_onshore_wind,CA_N,0.0,0.0,0.0,0.0,0.0,0.0,0.0
bat_optimistic,49,49,new_floating_offshore_wind,CA_N,0.0,0.0,0.0,0.0,0.0,0.0,0.0
bat_optimistic,50,50,new_floating_offshore_wind,CA_N,0.0,0.0,0.0,0.0,0.0,0.0,0.0
bat_optimistic,51,51,new_floating_offshore_wind,CA_N,0.0,0.0,0.0,0.0,0.0,0.0,0.0
bat_optimistic,52,52,new_floating_offshore_wind,CA_N,0.0,0.0,0.0,0.0,0.0,0.0,0.0
bat_optimistic,53,53,new_floating_offshore_wind,CA_N,0.0,0.0,0.0,0.0,0.0,0.0,0.0
bat_optimistic,54,54,new_utility_pv,CA_N,0.0,0.0,0.0,0.0,0.0,0.0,0.0
bat_optimistic,55,55,new_utility_pv,CA_N,0.0,0.0,0.0,0.0,0.0,0.0,0.0
bat_optimistic,56,56,new_utility_pv,CA_N,0.0,0.0,0.0,0.0,0.0,0.0,0.0
bat_optimistic,57,57,new_utility_pv,CA_N,12606.377409617173,0.0,12606.377409617173,0.0,100750.64783083145,0.9123331098296813,11.172146230586193
bat_optimistic,58,58,battery,CA_N,18539.919373844557,0.0,18539.919373844557,0.0,15469.352401738539,0.09524894757141823,1.7153821920319703
bat_optimistic,59,59,nuclear,CA_N,0.0,0.0,0.0,0.0,0.0,0.0,0.0
bat_optimistic,60,60,naturalgas_ccs100,CA_N,0.0,0.0,0.0,0.0,0.0,0.0,0.0
bat_optimistic,61,61,naturalgas_ccccsavgcf,CA_S,0.0,0.0,0.0,0.0,0.0,0.0,0.0
bat_optimistic,62,62,new_onshore_wind,CA_S,0.0,0.0,0.0,0.0,0.0,0.0,0.0
bat_optimistic,63,63,new_onshore_wind,CA_S,0.0,0.0,0.0,0.0,0.0,0.0,0.0
bat_optimistic,64,64,new_onshore_wind,CA_S,0.0,0.0,0.0,0.0,0.0,0.0,0.0
bat_optimistic,65,65,new_utility_pv,CA_S,0.0,0.0,0.0,0.0,0.0,0.0,0.0
bat_optimistic,66,66,new_utility_pv,CA_S,0.0,0.0,0.0,0.0,0.0,0.0,0.0
bat_optimistic,67,67,new_utility_pv,CA_S,0.0,0.0,0.0,0.0,0.0,0.0,0.0
bat_optimistic,68,68,new_utility_pv,CA_S,0.0,0.0,0.0,0.0,0.0,0.0,0.0
bat_optimistic,69,69,new_utility_pv,CA_S,15080.943512870406,0.0,15080.943512870406,0.0,105432.49207623657,0.7980715928795187,11.691311612294914
bat_optimistic,70,70,new_utility_pv,CA_S,0.0,0.0,0.0,0.0,0.0,0.0,0.0
bat_optimistic,71,71,new_utility_pv,CA_S,0.0,0.0,0.0,0.0,0.0,0.0,0.0
bat_optimistic,72,72,new_utility_pv,CA_S,0.0,0.0,0.0,0.0,0.0,0.0,0.0
bat_optimistic,73,73,new_utility_pv,CA_S,0.0,0.0,0.0,0.0,0.0,0.0,0.0
bat_optimistic,74,74,new_utility_pv,CA_S,0.0,0.0,0.0,0.0,0.0,0.0,0.0
bat_optimistic,75,75,battery,CA_S,0.0,0.0,0.0,0.0,0.0,0.0,0.0
bat_optimistic,76,76,nuclear,CA_S,0.0,0.0,0.0,0.0,0.0,0.0,0.0
bat_optimistic,77,77,naturalgas_ccs100,CA_S,0.0,0.0,0.0,0.0,0.0,0.0,0.0
bat_optimistic,78,78,naturalgas_ccccsavgcf,WECC_N,0.0,0.0,0.0,0.0,0.0,0.0,0.0
bat_optimistic,79,79,new_onshore_wind,WECC_N,0.0,0.0,0.0,0.0,0.0,0.0,0.0
bat_optimistic,80,80,new_onshore_wind,WECC_N,0.0,0.0,0.0,0.0,0.0,0.0,0.0
bat_optimistic,81,81,new_onshore_wind,WECC_N,0.0,0.0,0.0,0.0,0.0,0.0,0.0
bat_optimistic,82,82,new_onshore_wind,WECC_N,0.0,0.0,0.0,0.0,0.0,0.0,0.0
bat_optimistic,83,83,new_onshore_wind,WECC_N,0.0,0.0,0.0,0.0,0.0,0.0,0.0
bat_optimistic,84,84,new_onshore_wind,WECC_N,0.0,0.0,0.0,0.0,0.0,0.0,0.0
bat_optimistic,85,85,new_utility_pv,WECC_N,0.0,0.0,0.0,0.0,0.0,0.0,0.0
bat_optimistic,86,86,new_utility_pv,WECC_N,15935.543979449218,0.0,15935.543979449218,0.0,123969.13358322605,0.888060526596656,13.746822658613626
bat_optimistic,87,87,new_utility_pv,WECC_N,0.0,0.0,0.0,0.0,0.0,0.0,0.0
bat_optimistic,88,88,new_utility_pv,WECC_N,0.0,0.0,0.0,0.0,0.0,0.0,0.0
bat_optimistic,89,89,new_utility_pv,WECC_N,0.0,0.0,0.0,0.0,0.0,0.0,0.0
bat_optimistic,90,90,new_utility_pv,WECC_N,0.0,0.0,0.0,0.0,0.0,0.0,0.0
bat_optimistic,91,91,new_utility_pv,WECC_N,0.0,0.0,0.0,0.0,0.0,0.0,0.0
bat_optimistic,92,92,new_utility_pv,WECC_N,0.0,0.0,0.0,0.0,0.0,0.0,0.0
bat_optimistic,93,93,battery,WECC_N,0.0,0.0,0.0,0.0,0.0,0.0,0.0
bat_optimistic,94,94,nuclear,WECC_N,0.0,0.0,0.0,0.0,0.0,0.0,0.0
bat_optimistic,95,95,naturalgas_ccs100,WECC_N,0.0,0.0,0.0,0.0,0.0,0.0,0.0
bat_optimistic,96,96,naturalgas_ccccsavgcf,WECC_NMAZ,0.0,0.0,0.0,0.0,0.0,0.0,0.0
bat_optimistic,97,97,new_onshore_wind,WECC_NMAZ,0.0,0.0,0.0,0.0,0.0,0.0,0.0
bat_optimistic,98,98,new_onshore_wind,WECC_NMAZ,0.0,0.0,0.0,0.0,0.0,0.0,0.0
bat_optimistic,99,99,new_onshore_wind,WECC_NMAZ,0.0,0.0,0.0,0.0,0.0,0.0,0.0
bat_optimistic,100,100,new_onshore_wind,WECC_NMAZ,0.0,0.0,0.0,0.0,0.0,0.0,0.0
bat_optimistic,101,101,new_onshore_wind,WECC_NMAZ,0.0,0.0,0.0,0.0,0.0,0.0,0.0
bat_optimistic,102,102,new_onshore_wind,WECC_NMAZ,0.0,0.0,0.0,0.0,0.0,0.0,0.0
bat_optimistic,103,103,new_onshore_wind,WECC_NMAZ,0.0,0.0,0.0,0.0,0.0,0.0,0.0
bat_optimistic,104,104,new_utility_pv,WECC_NMAZ,38055.5585593952,0.0,38055.5585593952,0.0,222298.01355038924,0.6668273052806881,24.65042128884229
bat_optimistic,105,105,new_utility_pv,WECC_NMAZ,0.0,0.0,0.0,0.0,0.0,0.0,0.0
bat_optimistic,106,106,new_utility_pv,WECC_NMAZ,0.0,0.0,0.0,0.0,0.0,0.0,0.0
bat_optimistic,107,107,new_utility_pv,WECC_NMAZ,0.0,0.0,0.0,0.0,0.0,0.0,0.0
bat_optimistic,108,108,new_utility_pv,WECC_NMAZ,0.0,0.0,0.0,0.0,0.0,0.0,0.0
bat_optimistic,109,109,new_utility_pv,WECC_NMAZ,0.0,0.0,0.0,0.0,0.0,0.0,0.0
bat_optimistic,110,110,new_utility_pv,WECC_NMAZ,0.0,0.0,0.0,0.0,0.0,0.0,0.0
bat_optimistic,111,111,new_utility_pv,WECC_NMAZ,0.0,0.0,0.0,0.0,0.0,0.0,0.0
bat_optimistic,112,112,new_utility_pv,WECC_NMAZ,0.0,0.0,0.0,0.0,0.0,0.0,0.0
bat_optimistic,113,113,new_utility_pv,WECC_NMAZ,0.0,0.0,0.0,0.0,0.0,0.0,0.0
bat_optimistic,114,114,new_utility_pv,WECC_NMAZ,0.0,0.0,0.0,0.0,0.0,0.0,0.0
bat_optimistic,115,115,new_utility_pv,WECC_NMAZ,0.0,0.0,0.0,0.0,0.0,0.0,0.0
bat_optimistic,116,116,battery,WECC_NMAZ,0.0,0.0,0.0,0.0,0.0,0.0,0.0
bat_optimistic,117,117,nuclear,WECC_NMAZ,0.0,0.0,0.0,0.0,0.0,0.0,0.0
bat_optimistic,118,118,naturalgas_ccs100,WECC_NMAZ,0.0,0.0,0.0,0.0,0.0,0.0,0.0
bat_optimistic,119,119,naturalgas_ccccsavgcf,WECC_PNW,0.0,0.0,0.0,0.0,0.0,0.0,0.0
bat_optimistic,120,120,new_onshore_wind,WECC_PNW,0.0,0.0,0.0,0.0,0.0,0.0,0.0
bat_optimistic,121,121,new_floating_offshore_wind,WECC_PNW,0.0,0.0,0.0,0.0,0.0,0.0,0.0
bat_optimistic,122,122,new_floating_offshore_wind,WECC_PNW,0.0,0.0,0.0,0.0,0.0,0.0,0.0
bat_optimistic,123,123,new_floating_offshore_wind,WECC_PNW,0.0,0.0,0.0,0.0,0.0,0.0,0.0
bat_optimistic,124,124,new_utility_pv,WECC_PNW,0.0,0.0,0.0,0.0,0.0,0.0,0.0
bat_optimistic,125,125,battery,WECC_PNW,0.0,0.0,0.0,0.0,0.0,0.0,0.0
bat_optimistic,126,126,nuclear,WECC_PNW,0.0,0.0,0.0,0.0,0.0,0.0,0.0
bat_optimistic,127,127,naturalgas_ccs100,WECC_PNW,0.0,0.0,0.0,0.0,0.0,0.0,0.0
bat_optimistic,128,128,naturalgas_ccccsavgcf,WECC_WYCO,0.0,0.0,0.0,0.0,0.0,0.0,0.0
bat_optimistic,129,129,new_onshore_wind,WECC_WYCO,0.0,0.0,0.0,0.0,0.0,0.0,0.0
bat_optimistic,130,130,new_onshore_wind,WECC_WYCO,0.0,0.0,0.0,0.0,0.0,0.0,0.0
bat_optimistic,131,131,new_onshore_wind,WECC_WYCO,0.0,0.0,0.0,0.0,0.0,0.0,0.0
bat_optimistic,132,132,new_onshore_wind,WECC_WYCO,0.0,0.0,0.0,0.0,0.0,0.0,0.0
bat_optimistic,133,133,new_onshore_wind,WECC_WYCO,0.0,0.0,0.0,0.0,0.0,0.0,0.0
bat_optimistic,134,134,new_onshore_wind,WECC_WYCO,0.0,0.0,0.0,0.0,0.0,0.0,0.0
bat_optimistic,135,135,new_onshore_wind,WECC_WYCO,0.0,0.0,0.0,0.0,0.0,0.0,0.0
bat_optimistic,136,136,new_utility_pv,WECC_WYCO,0.0,0.0,0.0,0.0,0.0,0.0,0.0
bat_optimistic,137,137,new_utility_pv,WECC_WYCO,4682.887458067334,0.0,4682.887458067334,0.0,16950.756426135053,0.4132104122065171,1.8796537152774215
bat_optimistic,138,138,new_utility_pv,WECC_WYCO,0.0,0.0,0.0,0.0,0.0,0.0,0.0
bat_optimistic,139,139,new_utility_pv,WECC_WYCO,0.0,0.0,0.0,0.0,0.0,0.0,0.0
bat_optimistic,140,140,new_utility_pv,WECC_WYCO,0.0,0.0,0.0,0.0,0.0,0.0,0.0
bat_optimistic,141,141,battery,WECC_WYCO,583.7743741920742,0.0,583.7743741920742,0.0,370.4721670557261,0.07244467236118668,0.0410813162378707
bat_optimistic,142,142,nuclear,WECC_WYCO,0.0,0.0,0.0,0.0,0.0,0.0,0.0
bat_optimistic,143,143,naturalgas_ccs100,WECC_WYCO,0.0,0.0,0.0,0.0,0.0,0.0,0.0
bat_optimistic,144,156,new_biogas_CCGT,CA_N,0.0,0.0,0.0,0.0,0.0,0.0,0.0
bat_optimistic,145,157,new_biogas_CCGT,CA_S,0.0,0.0,0.0,0.0,0.0,0.0,0.0
bat_optimistic,146,158,new_biogas_CCGT,WECC_N,0.0,0.0,0.0,0.0,0.0,0.0,0.0
bat_optimistic,147,159,new_biogas_CCGT,WECC_NMAZ,0.0,0.0,0.0,0.0,0.0,0.0,0.0
bat_optimistic,148,160,new_biogas_CCGT,WECC_PNW,0.0,0.0,0.0,0.0,0.0,0.0,0.0
bat_optimistic,149,161,new_biogas_CCGT,WECC_WYCO,0.0,0.0,0.0,0.0,0.0,0.0,0.0
bat_optimistic,150,162,biomass,WECC_PNW,0.0,28.4,0.0,28.4,0.0,0.0,0.0
bat_optimistic,151,163,biomass,WECC_PNW,0.0,74.43,0.0,74.43,0.0,0.0,0.0
bat_optimistic,152,164,conventional_hydroelectric,WECC_PNW,27706.460174413263,29850.0,0.0,2143.5398255867367,197156.09727209547,0.8123161044935265,21.86245742731071
bat_optimistic,153,165,geothermal,WECC_PNW,14.49,14.49,0.0,0.0,20.561923449356048,0.1619911342522165,0.0022800926892702963
bat_optimistic,154,166,geothermal,WECC_PNW,1.17,1.17,0.0,0.0,9.912464035714775,0.9671451465201943,0.0010991839764482644
bat_optimistic,155,167,hydroelectric_pumped_storage,WECC_PNW,0.0,214.0,0.0,214.0,0.0,0.0,0.0
bat_optimistic,156,168,hydroelectric_pumped_storage,WECC_PNW,0.0,100.0,0.0,100.0,0.0,0.0,0.0
bat_optimistic,157,169,nuclear,WECC_PNW,1163.0,1163.0,0.0,0.0,26.2094798683325,0.0025726137202570607,0.0029063450014562477
bat_optimistic,158,170,onshore_wind_turbine,WECC_PNW,5254.0,5254.0,0.0,0.0,31977.4516787161,0.6947837889704409,3.5459500651150497
bat_optimistic,159,171,solar_photovoltaic,WECC_PNW,209.9,209.9,0.0,0.0,293.0716463941949,0.1593886012224754,0.03249844403037793
