Scenario,idx,R_ID,Resource,Zone,Total_MW,Start_MW,New_MW,Retired_MW,GWh_yr,CF_realized,Pct_demand
geo_opt_nuc_pess,1,1,biomass,CA_N,36.72,36.72,0.0,0.0,135.93510061318204,0.42259546703295214,0.011712273167257361
geo_opt_nuc_pess,2,2,biomass,CA_N,0.0,33.06,0.0,33.06,0.0,0.0,0.0
geo_opt_nuc_pess,3,3,conventional_hydroelectric,CA_N,0.0,6607.44,0.0,6607.44,0.0,0.0,0.0
geo_opt_nuc_pess,4,4,geothermal,CA_N,542.55,542.55,0.0,0.0,4325.135516039967,0.9100302848673686,0.3726570136834426
geo_opt_nuc_pess,5,5,geothermal,CA_N,100.32,100.32,0.0,0.0,784.1036852947885,0.8922403620000344,0.06755897860228749
geo_opt_nuc_pess,6,6,hydroelectric_pumped_storage,CA_N,615.15,615.15,0.0,0.0,1172.8499191793144,0.2176493165492387,0.10105365410154965
geo_opt_nuc_pess,7,7,hydroelectric_pumped_storage,CA_N,1175.8,1175.8,0.0,0.0,1965.9410818890117,0.1908679179558901,0.16938700069336404
geo_opt_nuc_pess,8,8,onshore_wind_turbine,CA_N,1327.6,1327.6,0.0,0.0,1046.2122085889407,0.08995979016181745,0.09014245123326925
geo_opt_nuc_pess,9,9,small_hydroelectric,CA_N,231.4,231.4,0.0,0.0,1326.4958350006143,0.6543926758112296,0.11429190477422388
geo_opt_nuc_pess,10,10,small_hydroelectric,CA_N,1.95,1.95,0.0,0.0,9.913666309615378,0.5803574704142007,0.0008541691394164592
geo_opt_nuc_pess,11,11,solar_photovoltaic,CA_N,2787.1,2787.1,0.0,0.0,3162.1602905978007,0.12951713326505565,0.27245417081439127
geo_opt_nuc_pess,12,12,biomass,CA_S,0.0,67.2,0.0,67.2,0.0,0.0,0.0
geo_opt_nuc_pess,13,13,biomass,CA_S,0.0,38.1,0.0,38.1,0.0,0.0,0.0
geo_opt_nuc_pess,14,14,conventional_hydroelectric,CA_S,0.0,1396.0,0.0,1396.0,0.0,0.0,0.0
geo_opt_nuc_pess,15,15,geothermal,CA_S,535.15,535.15,0.0,0.0,4274.946030321812,0.9119079467587955,0.368332648863734
geo_opt_nuc_pess,16,16,geothermal,CA_S,73.02,73.02,0.0,0.0,621.6756609288512,0.971891826923085,0.05356405468042803
geo_opt_nuc_pess,17,17,hydroelectric_pumped_storage,CA_S,1623.0,1623.0,0.0,0.0,2479.9044629549485,0.17442644286856382,0.21367048222136975
geo_opt_nuc_pess,18,18,hydroelectric_pumped_storage,CA_S,42.0,42.0,0.0,0.0,121.79360812615273,0.3310328553113523,0.010493831261865169
geo_opt_nuc_pess,19,19,onshore_wind_turbine,CA_S,4735.6,4735.6,0.0,0.0,6223.618469235453,0.15002507166246679,0.5362317699524702
geo_opt_nuc_pess,20,20,small_hydroelectric,CA_S,126.44,126.44,0.0,0.0,892.7929446961385,0.8060503228344978,0.0769237290656572
geo_opt_nuc_pess,21,21,small_hydroelectric,CA_S,7.0,7.0,0.0,0.0,28.724505987332595,0.46843617070014015,0.002474925602001095
geo_opt_nuc_pess,22,22,solar_photovoltaic,CA_S,9520.0,9520.0,0.0,0.0,14827.35987884963,0.17779632255632974,1.2775367691417174
geo_opt_nuc_pess,23,23,biomass,WECC_N,6.24,6.24,0.0,0.0,20.46723942857144,0.37442994505494526,0.0017634731433291261
geo_opt_nuc_pess,24,24,biomass,WECC_N,0.0,13.8,0.0,13.8,0.0,0.0,0.0
geo_opt_nuc_pess,25,25,conventional_hydroelectric,WECC_N,0.0,4648.1,0.0,4648.1,0.0,0.0,0.0
geo_opt_nuc_pess,26,26,geothermal,WECC_N,165.24,165.24,0.0,0.0,1415.898412306502,0.9781665386575538,0.12199489982509787
geo_opt_nuc_pess,27,27,geothermal,WECC_N,215.16,215.16,0.0,0.0,1839.31199105442,0.9758650412088042,0.15847654050989352
geo_opt_nuc_pess,28,28,onshore_wind_turbine,WECC_N,3893.9,3893.9,0.0,0.0,5393.706396851705,0.15812422206949453,0.46472590536917274
geo_opt_nuc_pess,29,29,solar_photovoltaic,WECC_N,1185.7,1185.7,0.0,0.0,1130.788032230911,0.10886850957846135,0.09742956946374991
geo_opt_nuc_pess,30,30,biomass,WECC_NMAZ,0.0,3.54,0.0,3.54,0.0,0.0,0.0
geo_opt_nuc_pess,31,31,biomass,WECC_NMAZ,0.0,11.4,0.0,11.4,0.0,0.0,0.0
geo_opt_nuc_pess,32,32,conventional_hydroelectric,WECC_NMAZ,0.0,3960.0,0.0,3960.0,0.0,0.0,0.0
geo_opt_nuc_pess,33,33,geothermal,WECC_NMAZ,0.68,0.68,0.0,0.0,4.371769570879142,0.7339124313186848,0.0003766750398349626
geo_opt_nuc_pess,34,34,geothermal,WECC_NMAZ,2.66,2.66,0.0,0.0,16.65677106923073,0.7148337912087894,0.001435160249025346
geo_opt_nuc_pess,35,35,hydroelectric_pumped_storage,WECC_NMAZ,119.0,119.0,0.0,0.0,253.7392223135443,0.24340894661903256,0.021862367200068743
geo_opt_nuc_pess,36,36,hydroelectric_pumped_storage,WECC_NMAZ,97.3,97.3,0.0,0.0,329.3004079637344,0.3863450233516526,0.02837277726475996
geo_opt_nuc_pess,37,37,nuclear,WECC_NMAZ,4002.99,4002.99,0.0,0.0,40.13987225274725,0.0011446886446886447,0.0034584823684413422
geo_opt_nuc_pess,38,38,onshore_wind_turbine,WECC_NMAZ,0.0,1235.1,0.0,1235.1,0.0,0.0,0.0
geo_opt_nuc_pess,39,39,solar_photovoltaic,WECC_NMAZ,6266.4,6266.4,0.0,0.0,10560.711766650329,0.19238489466927056,0.9099190753067581
geo_opt_nuc_pess,40,40,biomass,WECC_WYCO,0.0,4.8,0.0,4.8,0.0,0.0,0.0
geo_opt_nuc_pess,41,41,biomass,WECC_WYCO,0.0,8.04,0.0,8.04,0.0,0.0,0.0
geo_opt_nuc_pess,42,42,conventional_hydroelectric,WECC_WYCO,0.0,961.87,0.0,961.87,0.0,0.0,0.0
geo_opt_nuc_pess,43,43,hydroelectric_pumped_storage,WECC_WYCO,324.0,324.0,0.0,0.0,602.1712626722177,0.21216361642152098,0.05188354067547855
geo_opt_nuc_pess,44,44,hydroelectric_pumped_storage,WECC_WYCO,238.5,238.5,0.0,0.0,450.08009535694526,0.21542560301587416,0.0387792483338523
geo_opt_nuc_pess,45,45,onshore_wind_turbine,WECC_WYCO,5751.7,5751.7,0.0,0.0,48550.85571012917,0.9635994795846575,4.183179193718763
geo_opt_nuc_pess,46,46,solar_photovoltaic,WECC_WYCO,593.1,593.1,0.0,0.0,909.2230147515224,0.1750001375697851,0.07833935658038883
geo_opt_nuc_pess,47,47,naturalgas_ccccsavgcf,CA_N,0.0,0.0,0.0,0.0,0.0,0.0,0.0
geo_opt_nuc_pess,48,48,new_onshore_wind,CA_N,0.0,0.0,0.0,0.0,0.0,0.0,0.0
geo_opt_nuc_pess,49,49,new_floating_offshore_wind,CA_N,0.0,0.0,0.0,0.0,0.0,0.0,0.0
geo_opt_nuc_pess,50,50,new_floating_offshore_wind,CA_N,0.0,0.0,0.0,0.0,0.0,0.0,0.0
geo_opt_nuc_pess,51,51,new_floating_offshore_wind,CA_N,0.0,0.0,0.0,0.0,0.0,0.0,0.0
geo_opt_nuc_pess,52,52,new_floating_offshore_wind,CA_N,0.0,0.0,0.0,0.0,0.0,0.0,0.0
geo_opt_nuc_pess,53,53,new_floating_offshore_wind,CA_N,0.0,0.0,0.0,0.0,0.0,0.0,0.0
geo_opt_nuc_pess,54,54,new_utility_pv,CA_N,0.0,0.0,0.0,0.0,0.0,0.0,0.0
geo_opt_nuc_pess,55,55,new_utility_pv,CA_N,0.0,0.0,0.0,0.0,0.0,0.0,0.0
geo_opt_nuc_pess,56,56,new_utility_pv,CA_N,0.0,0.0,0.0,0.0,0.0,0.0,0.0
geo_opt_nuc_pess,57,57,new_utility_pv,CA_N,21984.821159999996,0.0,21984.821159999996,0.0,158845.2041479761,0.8247969833448213,13.68622536708849
geo_opt_nuc_pess,58,58,battery,CA_N,23276.21139,0.0,23276.21139,0.0,27722.528687053335,0.13596165507884517,2.3885944646029906
geo_opt_nuc_pess,59,59,nuclear,CA_N,0.0,0.0,0.0,0.0,0.0,0.0,0.0
geo_opt_nuc_pess,60,60,naturalgas_ccs100,CA_N,0.0,0.0,0.0,0.0,0.0,0.0,0.0
geo_opt_nuc_pess,61,61,naturalgas_ccccsavgcf,CA_S,0.0,0.0,0.0,0.0,0.0,0.0,0.0
geo_opt_nuc_pess,62,62,new_onshore_wind,CA_S,0.0,0.0,0.0,0.0,0.0,0.0,0.0
geo_opt_nuc_pess,63,63,new_onshore_wind,CA_S,0.0,0.0,0.0,0.0,0.0,0.0,0.0
geo_opt_nuc_pess,64,64,new_onshore_wind,CA_S,0.0,0.0,0.0,0.0,0.0,0.0,0.0
geo_opt_nuc_pess,65,65,new_utility_pv,CA_S,0.0,0.0,0.0,0.0,0.0,0.0,0.0
geo_opt_nuc_pess,66,66,new_utility_pv,CA_S,0.0,0.0,0.0,0.0,0.0,0.0,0.0
geo_opt_nuc_pess,67,67,new_utility_pv,CA_S,0.0,0.0,0.0,0.0,0.0,0.0,0.0
geo_opt_nuc_pess,68,68,new_utility_pv,CA_S,0.0,0.0,0.0,0.0,0.0,0.0,0.0
geo_opt_nuc_pess,69,69,new_utility_pv,CA_S,20451.59,0.0,20451.59,0.0,137671.01152586308,0.7684423996201014,11.86184059106204
geo_opt_nuc_pess,70,70,new_utility_pv,CA_S,20446.957287868903,0.0,20446.957287868903,0.0,77379.11017668215,0.43200715054898337,6.667043844750134
geo_opt_nuc_pess,71,71,new_utility_pv,CA_S,0.0,0.0,0.0,0.0,0.0,0.0,0.0
geo_opt_nuc_pess,72,72,new_utility_pv,CA_S,0.0,0.0,0.0,0.0,0.0,0.0,0.0
geo_opt_nuc_pess,73,73,new_utility_pv,CA_S,0.0,0.0,0.0,0.0,0.0,0.0,0.0
geo_opt_nuc_pess,74,74,new_utility_pv,CA_S,0.0,0.0,0.0,0.0,0.0,0.0,0.0
geo_opt_nuc_pess,75,75,battery,CA_S,0.0,0.0,0.0,0.0,0.0,0.0,0.0
geo_opt_nuc_pess,76,76,nuclear,CA_S,0.0,0.0,0.0,0.0,0.0,0.0,0.0
geo_opt_nuc_pess,77,77,naturalgas_ccs100,CA_S,0.0,0.0,0.0,0.0,0.0,0.0,0.0
geo_opt_nuc_pess,78,78,naturalgas_ccccsavgcf,WECC_N,0.0,0.0,0.0,0.0,0.0,0.0,0.0
geo_opt_nuc_pess,79,79,new_onshore_wind,WECC_N,0.0,0.0,0.0,0.0,0.0,0.0,0.0
geo_opt_nuc_pess,80,80,new_onshore_wind,WECC_N,0.0,0.0,0.0,0.0,0.0,0.0,0.0
geo_opt_nuc_pess,81,81,new_onshore_wind,WECC_N,0.0,0.0,0.0,0.0,0.0,0.0,0.0
geo_opt_nuc_pess,82,82,new_onshore_wind,WECC_N,0.0,0.0,0.0,0.0,0.0,0.0,0.0
geo_opt_nuc_pess,83,83,new_onshore_wind,WECC_N,0.0,0.0,0.0,0.0,0.0,0.0,0.0
geo_opt_nuc_pess,84,84,new_onshore_wind,WECC_N,0.0,0.0,0.0,0.0,0.0,0.0,0.0
geo_opt_nuc_pess,85,85,new_utility_pv,WECC_N,0.0,0.0,0.0,0.0,0.0,0.0,0.0
geo_opt_nuc_pess,86,86,new_utility_pv,WECC_N,26496.667781377302,0.0,26496.667781377302,0.0,128241.57664695775,0.5525015262187492,11.049393205387366
geo_opt_nuc_pess,87,87,new_utility_pv,WECC_N,0.0,0.0,0.0,0.0,0.0,0.0,0.0
geo_opt_nuc_pess,88,88,new_utility_pv,WECC_N,0.0,0.0,0.0,0.0,0.0,0.0,0.0
geo_opt_nuc_pess,89,89,new_utility_pv,WECC_N,0.0,0.0,0.0,0.0,0.0,0.0,0.0
geo_opt_nuc_pess,90,90,new_utility_pv,WECC_N,0.0,0.0,0.0,0.0,0.0,0.0,0.0
geo_opt_nuc_pess,91,91,new_utility_pv,WECC_N,0.0,0.0,0.0,0.0,0.0,0.0,0.0
geo_opt_nuc_pess,92,92,new_utility_pv,WECC_N,0.0,0.0,0.0,0.0,0.0,0.0,0.0
geo_opt_nuc_pess,93,93,battery,WECC_N,0.0,0.0,0.0,0.0,0.0,0.0,0.0
geo_opt_nuc_pess,94,94,nuclear,WECC_N,0.0,0.0,0.0,0.0,0.0,0.0,0.0
geo_opt_nuc_pess,95,95,naturalgas_ccs100,WECC_N,0.0,0.0,0.0,0.0,0.0,0.0,0.0
geo_opt_nuc_pess,96,96,naturalgas_ccccsavgcf,WECC_NMAZ,0.0,0.0,0.0,0.0,0.0,0.0,0.0
geo_opt_nuc_pess,97,97,new_onshore_wind,WECC_NMAZ,0.0,0.0,0.0,0.0,0.0,0.0,0.0
geo_opt_nuc_pess,98,98,new_onshore_wind,WECC_NMAZ,0.0,0.0,0.0,0.0,0.0,0.0,0.0
geo_opt_nuc_pess,99,99,new_onshore_wind,WECC_NMAZ,0.0,0.0,0.0,0.0,0.0,0.0,0.0
geo_opt_nuc_pess,100,100,new_onshore_wind,WECC_NMAZ,0.0,0.0,0.0,0.0,0.0,0.0,0.0
geo_opt_nuc_pess,101,101,new_onshore_wind,WECC_NMAZ,0.0,0.0,0.0,0.0,0.0,0.0,0.0
geo_opt_nuc_pess,102,102,new_onshore_wind,WECC_NMAZ,0.0,0.0,0.0,0.0,0.0,0.0,0.0
geo_opt_nuc_pess,103,103,new_onshore_wind,WECC_NMAZ,0.0,0.0,0.0,0.0,0.0,0.0,0.0
geo_opt_nuc_pess,104,104,new_utility_pv,WECC_NMAZ,41232.620882063195,0.0,41232.620882063195,0.0,208800.52474388445,0.5780781291784184,17.990414339163728
geo_opt_nuc_pess,105,105,new_utility_pv,WECC_NMAZ,0.0,0.0,0.0,0.0,0.0,0.0,0.0
geo_opt_nuc_pess,106,106,new_utility_pv,WECC_NMAZ,0.0,0.0,0.0,0.0,0.0,0.0,0.0
geo_opt_nuc_pess,107,107,new_utility_pv,WECC_NMAZ,0.0,0.0,0.0,0.0,0.0,0.0,0.0
geo_opt_nuc_pess,108,108,new_utility_pv,WECC_NMAZ,0.0,0.0,0.0,0.0,0.0,0.0,0.0
geo_opt_nuc_pess,109,109,new_utility_pv,WECC_NMAZ,0.0,0.0,0.0,0.0,0.0,0.0,0.0
geo_opt_nuc_pess,110,110,new_utility_pv,WECC_NMAZ,0.0,0.0,0.0,0.0,0.0,0.0,0.0
geo_opt_nuc_pess,111,111,new_utility_pv,WECC_NMAZ,0.0,0.0,0.0,0.0,0.0,0.0,0.0
geo_opt_nuc_pess,112,112,new_utility_pv,WECC_NMAZ,0.0,0.0,0.0,0.0,0.0,0.0,0.0
geo_opt_nuc_pess,113,113,new_utility_pv,WECC_NMAZ,0.0,0.0,0.0,0.0,0.0,0.0,0.0
geo_opt_nuc_pess,114,114,new_utility_pv,WECC_NMAZ,0.0,0.0,0.0,0.0,0.0,0.0,0.0
geo_opt_nuc_pess,115,115,new_utility_pv,WECC_NMAZ,0.0,0.0,0.0,0.0,0.0,0.0,0.0
geo_opt_nuc_pess,116,116,battery,WECC_NMAZ,0.0,0.0,0.0,0.0,0.0,0.0,0.0
geo_opt_nuc_pess,117,117,nuclear,WECC_NMAZ,0.0,0.0,0.0,0.0,0.0,0.0,0.0
geo_opt_nuc_pess,118,118,naturalgas_ccs100,WECC_NMAZ,0.0,0.0,0.0,0.0,0.0,0.0,0.0
geo_opt_nuc_pess,119,119,naturalgas_ccccsavgcf,WECC_PNW,0.0,0.0,0.0,0.0,0.0,0.0,0.0
geo_opt_nuc_pess,120,120,new_onshore_wind,WECC_PNW,0.0,0.0,0.0,0.0,0.0,0.0,0.0
geo_opt_nuc_pess,121,121,new_floating_offshore_wind,WECC_PNW,0.0,0.0,0.0,0.0,0.0,0.0,0.0
geo_opt_nuc_pess,122,122,new_floating_offshore_wind,WECC_PNW,0.0,0.0,0.0,0.0,0.0,0.0,0.0
geo_opt_nuc_pess,123,123,new_floating_offshore_wind,WECC_PNW,0.0,0.0,0.0,0.0,0.0,0.0,0.0
geo_opt_nuc_pess,124,124,new_utility_pv,WECC_PNW,0.0,0.0,0.0,0.0,0.0,0.0,0.0
geo_opt_nuc_pess,125,125,battery,WECC_PNW,0.0,0.0,0.0,0.0,0.0,0.0,0.0
geo_opt_nuc_pess,126,126,nuclear,WECC_PNW,0.0,0.0,0.0,0.0,0.0,0.0,0.0
geo_opt_nuc_pess,127,127,naturalgas_ccs100,WECC_PNW,0.0,0.0,0.0,0.0,0.0,0.0,0.0
geo_opt_nuc_pess,128,128,naturalgas_ccccsavgcf,WECC_WYCO,0.0,0.0,0.0,0.0,0.0,0.0,0.0
geo_opt_nuc_pess,129,129,new_onshore_wind,WECC_WYCO,0.0,0.0,0.0,0.0,0.0,0.0,0.0
geo_opt_nuc_pess,130,130,new_onshore_wind,WECC_WYCO,0.0,0.0,0.0,0.0,0.0,0.0,0.0
geo_opt_nuc_pess,131,131,new_onshore_wind,WECC_WYCO,0.0,0.0,0.0,0.0,0.0,0.0,0.0
geo_opt_nuc_pess,132,132,new_onshore_wind,WECC_WYCO,0.0,0.0,0.0,0.0,0.0,0.0,0.0
geo_opt_nuc_pess,133,133,new_onshore_wind,WECC_WYCO,0.0,0.0,0.0,0.0,0.0,0.0,0.0
geo_opt_nuc_pess,134,134,new_onshore_wind,WECC_WYCO,0.0,0.0,0.0,0.0,0.0,0.0,0.0
geo_opt_nuc_pess,135,135,new_onshore_wind,WECC_WYCO,0.0,0.0,0.0,0.0,0.0,0.0,0.0
geo_opt_nuc_pess,136,136,new_utility_pv,WECC_WYCO,0.0,0.0,0.0,0.0,0.0,0.0,0.0
geo_opt_nuc_pess,137,137,new_utility_pv,WECC_WYCO,14675.7,0.0,14675.7,0.0,83974.4454282596,0.6531970473187357,7.235303019515671
geo_opt_nuc_pess,138,138,new_utility_pv,WECC_WYCO,0.0,0.0,0.0,0.0,0.0,0.0,0.0
geo_opt_nuc_pess,139,139,new_utility_pv,WECC_WYCO,0.0,0.0,0.0,0.0,0.0,0.0,0.0
geo_opt_nuc_pess,140,140,new_utility_pv,WECC_WYCO,0.0,0.0,0.0,0.0,0.0,0.0,0.0
geo_opt_nuc_pess,141,141,battery,WECC_WYCO,0.0,0.0,0.0,0.0,0.0,0.0,0.0
geo_opt_nuc_pess,142,142,nuclear,WECC_WYCO,0.0,0.0,0.0,0.0,0.0,0.0,0.0
geo_opt_nuc_pess,143,143,naturalgas_ccs100,WECC_WYCO,0.0,0.0,0.0,0.0,0.0,0.0,0.0
geo_opt_nuc_pess,144,156,new_biogas_CCGT,CA_N,0.0,0.0,0.0,0.0,0.0,0.0,0.0
geo_opt_nuc_pess,145,157,new_biogas_CCGT,CA_S,0.0,0.0,0.0,0.0,0.0,0.0,0.0
geo_opt_nuc_pess,146,158,new_biogas_CCGT,WECC_N,0.0,0.0,0.0,0.0,0.0,0.0,0.0
geo_opt_nuc_pess,147,159,new_biogas_CCGT,WECC_NMAZ,0.0,0.0,0.0,0.0,0.0,0.0,0.0
geo_opt_nuc_pess,148,160,new_biogas_CCGT,WECC_PNW,0.0,0.0,0.0,0.0,0.0,0.0,0.0
geo_opt_nuc_pess,149,161,new_biogas_CCGT,WECC_WYCO,0.0,0.0,0.0,0.0,0.0,0.0,0.0
geo_opt_nuc_pess,150,162,biomass,WECC_PNW,0.0,28.4,0.0,28.4,0.0,0.0,0.0
geo_opt_nuc_pess,151,163,biomass,WECC_PNW,0.0,74.43,0.0,74.43,0.0,0.0,0.0
geo_opt_nuc_pess,152,164,conventional_hydroelectric,WECC_PNW,29850.0,29850.0,0.0,0.0,228721.3061855337,0.8746980954450093,19.706804240648832
geo_opt_nuc_pess,153,165,geothermal,WECC_PNW,14.49,14.49,0.0,0.0,60.45665155243222,0.4762901477670966,0.005208991750958507
geo_opt_nuc_pess,154,166,geothermal,WECC_PNW,1.17,1.17,0.0,0.0,8.046496044643034,0.7850852793040467,0.0006932923085281189
geo_opt_nuc_pess,155,167,hydroelectric_pumped_storage,WECC_PNW,214.0,214.0,0.0,0.0,414.08274830254834,0.22088654264421348,0.0356776891332055
geo_opt_nuc_pess,156,168,hydroelectric_pumped_storage,WECC_PNW,100.0,100.0,0.0,0.0,309.1240557016831,0.352881342125209,0.02663436718417007
geo_opt_nuc_pess,157,169,nuclear,WECC_PNW,1163.0,1163.0,0.0,0.0,39.84417462337058,0.003910938745192384,0.003433004832510242
geo_opt_nuc_pess,158,170,onshore_wind_turbine,WECC_PNW,5254.0,5254.0,0.0,0.0,36877.52714822446,0.8012492145194107,3.177396196748536
geo_opt_nuc_pess,159,171,solar_photovoltaic,WECC_PNW,209.9,209.9,0.0,0.0,191.95776389638456,0.1043972689193074,0.016539229067318084
moderate_all,1,1,biomass,CA_N,36.72,36.72,0.0,0.0,136.4245973802148,0.42411721611720066,0.011754448586439868
moderate_all,2,2,biomass,CA_N,0.0,33.06,0.0,33.06,0.0,0.0,0.0
moderate_all,3,3,conventional_hydroelectric,CA_N,0.0,6607.44,0.0,6607.44,0.0,0.0,0.0
moderate_all,4,4,geothermal,CA_N,542.55,542.55,0.0,0.0,4355.190805239672,0.9163540690102572,0.3752466005939607
moderate_all,5,5,geothermal,CA_N,100.32,100.32,0.0,0.0,824.2619885129875,0.9379369448279063,0.07101904899693495
moderate_all,6,6,hydroelectric_pumped_storage,CA_N,615.15,615.15,0.0,0.0,1285.0472858866915,0.23847012216396926,0.11072066579754362
moderate_all,7,7,hydroelectric_pumped_storage,CA_N,1175.8,1175.8,0.0,0.0,2357.609995469516,0.22889399653568387,0.20313349653060578
moderate_all,8,8,onshore_wind_turbine,CA_N,1327.6,1327.6,0.0,0.0,1280.112999818387,0.11007202544729898,0.11029552390220765
moderate_all,9,9,small_hydroelectric,CA_N,231.4,231.4,0.0,0.0,738.2789313455343,0.3642109629224999,0.06361068243996446
moderate_all,10,10,small_hydroelectric,CA_N,1.95,1.95,0.0,0.0,4.659616071428524,0.2727793040293013,0.0004014761164477425
moderate_all,11,11,solar_photovoltaic,CA_N,2787.1,2787.1,0.0,0.0,4315.339825558181,0.1767495610303676,0.3718130094323915
moderate_all,12,12,biomass,CA_S,0.0,67.2,0.0,67.2,0.0,0.0,0.0
moderate_all,13,13,biomass,CA_S,0.0,38.1,0.0,38.1,0.0,0.0,0.0
moderate_all,14,14,conventional_hydroelectric,CA_S,0.0,1396.0,0.0,1396.0,0.0,0.0,0.0
moderate_all,15,15,geothermal,CA_S,535.15,535.15,0.0,0.0,4327.1308833246085,0.9230397322400983,0.37282893606847267
moderate_all,16,16,geothermal,CA_S,73.02,73.02,0.0,0.0,636.5768593500048,0.9951875000000076,0.05484795343535441
moderate_all,17,17,hydroelectric_pumped_storage,CA_S,1623.0,1623.0,0.0,0.0,2476.159026192535,0.17416300400581078,0.2133477724996408
moderate_all,18,18,hydroelectric_pumped_storage,CA_S,42.0,42.0,0.0,0.0,103.25441247640636,0.2806436520885148,0.008896479858352818
moderate_all,19,19,onshore_wind_turbine,CA_S,4735.6,4735.6,0.0,0.0,5575.335001880445,0.134397704058187,0.48037516613764714
moderate_all,20,20,small_hydroelectric,CA_S,126.44,126.44,0.0,0.0,365.6454759788809,0.3301198286866629,0.03150429637171432
moderate_all,21,21,small_hydroelectric,CA_S,7.0,7.0,0.0,0.0,7.637730288461482,0.12455528846153754,0.000658072735539076
moderate_all,22,22,solar_photovoltaic,CA_S,9520.0,9520.0,0.0,0.0,7278.465974193097,0.08727679739593043,0.6271182449845542
moderate_all,23,23,biomass,WECC_N,6.24,6.24,0.0,0.0,20.4868242857143,0.3747882326007328,0.0017651605897338013
moderate_all,24,24,biomass,WECC_N,0.0,13.8,0.0,13.8,0.0,0.0,0.0
moderate_all,25,25,conventional_hydroelectric,WECC_N,0.0,4648.1,0.0,4648.1,0.0,0.0,0.0
moderate_all,26,26,geothermal,WECC_N,165.24,165.24,0.0,0.0,449.156957898578,0.31029790202667573,0.03869971009807248
moderate_all,27,27,geothermal,WECC_N,215.16,215.16,0.0,0.0,1697.946385795175,0.9008621309506397,0.14629637087171846
moderate_all,28,28,onshore_wind_turbine,WECC_N,3893.9,3893.9,0.0,0.0,2501.4797196432014,0.07333445790117106,0.21552942298682798
moderate_all,29,29,solar_photovoltaic,WECC_N,1185.7,1185.7,0.0,0.0,669.8710540627658,0.06449295640464833,0.05771660694427672
moderate_all,30,30,biomass,WECC_NMAZ,0.0,3.54,0.0,3.54,0.0,0.0,0.0
moderate_all,31,31,biomass,WECC_NMAZ,0.0,11.4,0.0,11.4,0.0,0.0,0.0
moderate_all,32,32,conventional_hydroelectric,WECC_NMAZ,0.0,3960.0,0.0,3960.0,0.0,0.0,0.0
moderate_all,33,33,geothermal,WECC_NMAZ,0.68,0.68,0.0,0.0,5.906184928571644,0.9915029761905124,0.0005088814511316985
moderate_all,34,34,geothermal,WECC_NMAZ,2.66,2.66,0.0,0.0,23.089549038461993,0.9908997252747447,0.0019894133629016998
moderate_all,35,35,hydroelectric_pumped_storage,WECC_NMAZ,119.0,119.0,0.0,0.0,289.7704686645113,0.27797328255296355,0.02496684719026744
moderate_all,36,36,hydroelectric_pumped_storage,WECC_NMAZ,97.3,97.3,0.0,0.0,245.98925683409007,0.28860190536505054,0.021194624193864055
moderate_all,37,37,nuclear,WECC_NMAZ,4002.99,4002.99,0.0,0.0,54.84421287366833,0.0015640196188984675,0.00472541970338841
moderate_all,38,38,onshore_wind_turbine,WECC_NMAZ,0.0,1235.1,0.0,1235.1,0.0,0.0,0.0
moderate_all,39,39,solar_photovoltaic,WECC_NMAZ,6266.4,6266.4,0.0,0.0,2756.123114853956,0.050208401371312286,0.2374696944214527
moderate_all,40,40,biomass,WECC_WYCO,0.0,4.8,0.0,4.8,0.0,0.0,0.0
moderate_all,41,41,biomass,WECC_WYCO,0.0,8.04,0.0,8.04,0.0,0.0,0.0
moderate_all,42,42,conventional_hydroelectric,WECC_WYCO,0.0,961.87,0.0,961.87,0.0,0.0,0.0
moderate_all,43,43,hydroelectric_pumped_storage,WECC_WYCO,324.0,324.0,0.0,0.0,722.1572325894841,0.25443839583315153,0.06222162443434746
moderate_all,44,44,hydroelectric_pumped_storage,WECC_WYCO,238.5,238.5,0.0,0.0,561.6325225631931,0.2688188748950313,0.048390691544741925
moderate_all,45,45,onshore_wind_turbine,WECC_WYCO,5751.7,5751.7,0.0,0.0,24732.688651619912,0.4908750950904075,2.130987539949691
moderate_all,46,46,solar_photovoltaic,WECC_WYCO,593.1,593.1,0.0,0.0,1219.1482410917217,0.23465212213894368,0.10504275324502096
moderate_all,47,47,naturalgas_ccccsavgcf,CA_N,0.0,0.0,0.0,0.0,0.0,0.0,0.0
moderate_all,48,48,new_onshore_wind,CA_N,0.0,0.0,0.0,0.0,0.0,0.0,0.0
moderate_all,49,49,new_floating_offshore_wind,CA_N,0.0,0.0,0.0,0.0,0.0,0.0,0.0
moderate_all,50,50,new_floating_offshore_wind,CA_N,0.0,0.0,0.0,0.0,0.0,0.0,0.0
moderate_all,51,51,new_floating_offshore_wind,CA_N,0.0,0.0,0.0,0.0,0.0,0.0,0.0
moderate_all,52,52,new_floating_offshore_wind,CA_N,0.0,0.0,0.0,0.0,-5.471959881545914e-15,-5.471959881545914e-12,-4.714682859970905e-19
moderate_all,53,53,new_floating_offshore_wind,CA_N,0.0,0.0,0.0,0.0,0.0,0.0,0.0
moderate_all,54,54,new_utility_pv,CA_N,0.0,0.0,0.0,0.0,0.0,0.0,0.0
moderate_all,55,55,new_utility_pv,CA_N,0.0,0.0,0.0,0.0,0.0,0.0,0.0
moderate_all,56,56,new_utility_pv,CA_N,0.0,0.0,0.0,0.0,0.0,0.0,0.0
moderate_all,57,57,new_utility_pv,CA_N,14825.834709930787,0.0,14825.834709930787,0.0,121074.91752456476,0.9322468439299072,10.431908325033042
moderate_all,58,58,battery,CA_N,35919.400769694184,0.0,35919.400769694184,0.0,26677.300518618424,0.08478298287901764,2.298536799028757
moderate_all,59,59,nuclear,CA_N,0.0,0.0,0.0,0.0,0.0,0.0,0.0
moderate_all,60,60,naturalgas_ccs100,CA_N,0.0,0.0,0.0,0.0,0.0,0.0,0.0
moderate_all,61,61,naturalgas_ccccsavgcf,CA_S,0.0,0.0,0.0,0.0,0.0,0.0,0.0
moderate_all,62,62,new_onshore_wind,CA_S,0.0,0.0,0.0,0.0,0.0,0.0,0.0
moderate_all,63,63,new_onshore_wind,CA_S,0.0,0.0,0.0,0.0,0.0,0.0,0.0
moderate_all,64,64,new_onshore_wind,CA_S,0.0,0.0,0.0,0.0,0.0,0.0,0.0
moderate_all,65,65,new_utility_pv,CA_S,0.0,0.0,0.0,0.0,0.0,0.0,0.0
moderate_all,66,66,new_utility_pv,CA_S,0.0,0.0,0.0,0.0,0.0,0.0,0.0
moderate_all,67,67,new_utility_pv,CA_S,0.0,0.0,0.0,0.0,0.0,0.0,0.0
moderate_all,68,68,new_utility_pv,CA_S,0.0,0.0,0.0,0.0,0.0,0.0,0.0
moderate_all,69,69,new_utility_pv,CA_S,20451.59,0.0,20451.59,0.0,141213.75024928388,0.7882170102347775,12.167085693333302
moderate_all,70,70,new_utility_pv,CA_S,17116.833140982177,0.0,17116.833140982177,0.0,93519.06610487502,0.6236955393439606,8.057674902407646
moderate_all,71,71,new_utility_pv,CA_S,0.0,0.0,0.0,0.0,0.0,0.0,0.0
moderate_all,72,72,new_utility_pv,CA_S,0.0,0.0,0.0,0.0,0.0,0.0,0.0
moderate_all,73,73,new_utility_pv,CA_S,0.0,0.0,0.0,0.0,0.0,0.0,0.0
moderate_all,74,74,new_utility_pv,CA_S,0.0,0.0,0.0,0.0,0.0,0.0,0.0
moderate_all,75,75,battery,CA_S,0.0,0.0,0.0,0.0,0.0,0.0,0.0
moderate_all,76,76,nuclear,CA_S,0.0,0.0,0.0,0.0,0.0,0.0,0.0
moderate_all,77,77,naturalgas_ccs100,CA_S,0.0,0.0,0.0,0.0,0.0,0.0,0.0
moderate_all,78,78,naturalgas_ccccsavgcf,WECC_N,0.0,0.0,0.0,0.0,0.0,0.0,0.0
moderate_all,79,79,new_onshore_wind,WECC_N,0.0,0.0,0.0,0.0,0.0,0.0,0.0
moderate_all,80,80,new_onshore_wind,WECC_N,0.0,0.0,0.0,0.0,0.0,0.0,0.0
moderate_all,81,81,new_onshore_wind,WECC_N,0.0,0.0,0.0,0.0,0.0,0.0,0.0
moderate_all,82,82,new_onshore_wind,WECC_N,0.0,0.0,0.0,0.0,0.0,0.0,0.0
moderate_all,83,83,new_onshore_wind,WECC_N,0.0,0.0,0.0,0.0,0.0,0.0,0.0
moderate_all,84,84,new_onshore_wind,WECC_N,0.0,0.0,0.0,0.0,0.0,0.0,0.0
moderate_all,85,85,new_utility_pv,WECC_N,0.0,0.0,0.0,0.0,0.0,0.0,0.0
moderate_all,86,86,new_utility_pv,WECC_N,25730.921628494794,0.0,25730.921628494794,0.0,186685.46324483212,0.8282301834688515,16.084963574650306
moderate_all,87,87,new_utility_pv,WECC_N,0.0,0.0,0.0,0.0,0.0,0.0,0.0
moderate_all,88,88,new_utility_pv,WECC_N,0.0,0.0,0.0,0.0,0.0,0.0,0.0
moderate_all,89,89,new_utility_pv,WECC_N,0.0,0.0,0.0,0.0,0.0,0.0,0.0
moderate_all,90,90,new_utility_pv,WECC_N,0.0,0.0,0.0,0.0,0.0,0.0,0.0
moderate_all,91,91,new_utility_pv,WECC_N,0.0,0.0,0.0,0.0,0.0,0.0,0.0
moderate_all,92,92,new_utility_pv,WECC_N,0.0,0.0,0.0,0.0,0.0,0.0,0.0
moderate_all,93,93,battery,WECC_N,0.0,0.0,0.0,0.0,0.0,0.0,0.0
moderate_all,94,94,nuclear,WECC_N,0.0,0.0,0.0,0.0,0.0,0.0,0.0
moderate_all,95,95,naturalgas_ccs100,WECC_N,0.0,0.0,0.0,0.0,0.0,0.0,0.0
moderate_all,96,96,naturalgas_ccccsavgcf,WECC_NMAZ,0.0,0.0,0.0,0.0,0.0,0.0,0.0
moderate_all,97,97,new_onshore_wind,WECC_NMAZ,0.0,0.0,0.0,0.0,0.0,0.0,0.0
moderate_all,98,98,new_onshore_wind,WECC_NMAZ,0.0,0.0,0.0,0.0,0.0,0.0,0.0
moderate_all,99,99,new_onshore_wind,WECC_NMAZ,0.0,0.0,0.0,0.0,0.0,0.0,0.0
moderate_all,100,100,new_onshore_wind,WECC_NMAZ,0.0,0.0,0.0,0.0,0.0,0.0,0.0
moderate_all,101,101,new_onshore_wind,WECC_NMAZ,0.0,0.0,0.0,0.0,0.0,0.0,0.0
moderate_all,102,102,new_onshore_wind,WECC_NMAZ,0.0,0.0,0.0,0.0,0.0,0.0,0.0
moderate_all,103,103,new_onshore_wind,WECC_NMAZ,0.0,0.0,0.0,0.0,0.0,0.0,0.0
moderate_all,104,104,new_utility_pv,WECC_NMAZ,39157.765357503195,0.0,39157.765357503195,0.0,214087.3796441511,0.6241213809416748,18.445933837131953
moderate_all,105,105,new_utility_pv,WECC_NMAZ,0.0,0.0,0.0,0.0,0.0,0.0,0.0
moderate_all,106,106,new_utility_pv,WECC_NMAZ,0.0,0.0,0.0,0.0,0.0,0.0,0.0
moderate_all,107,107,new_utility_pv,WECC_NMAZ,0.0,0.0,0.0,0.0,0.0,0.0,0.0
moderate_all,108,108,new_utility_pv,WECC_NMAZ,0.0,0.0,0.0,0.0,0.0,0.0,0.0
moderate_all,109,109,new_utility_pv,WECC_NMAZ,0.0,0.0,0.0,0.0,0.0,0.0,0.0
moderate_all,110,110,new_utility_pv,WECC_NMAZ,0.0,0.0,0.0,0.0,0.0,0.0,0.0
moderate_all,111,111,new_utility_pv,WECC_NMAZ,0.0,0.0,0.0,0.0,0.0,0.0,0.0
moderate_all,112,112,new_utility_pv,WECC_NMAZ,0.0,0.0,0.0,0.0,0.0,0.0,0.0
moderate_all,113,113,new_utility_pv,WECC_NMAZ,0.0,0.0,0.0,0.0,0.0,0.0,0.0
moderate_all,114,114,new_utility_pv,WECC_NMAZ,0.0,0.0,0.0,0.0,0.0,0.0,0.0
moderate_all,115,115,new_utility_pv,WECC_NMAZ,0.0,0.0,0.0,0.0,0.0,0.0,0.0
moderate_all,116,116,battery,WECC_NMAZ,0.0,0.0,0.0,0.0,0.0,0.0,0.0
moderate_all,117,117,nuclear,WECC_NMAZ,0.0,0.0,0.0,0.0,0.0,0.0,0.0
moderate_all,118,118,naturalgas_ccs100,WECC_NMAZ,0.0,0.0,0.0,0.0,0.0,0.0,0.0
moderate_all,119,119,naturalgas_ccccsavgcf,WECC_PNW,0.0,0.0,0.0,0.0,0.0,0.0,0.0
moderate_all,120,120,new_onshore_wind,WECC_PNW,0.0,0.0,0.0,0.0,0.0,0.0,0.0
moderate_all,121,121,new_floating_offshore_wind,WECC_PNW,0.0,0.0,0.0,0.0,0.0,0.0,0.0
moderate_all,122,122,new_floating_offshore_wind,WECC_PNW,0.0,0.0,0.0,0.0,0.0,0.0,0.0
moderate_all,123,123,new_floating_offshore_wind,WECC_PNW,0.0,0.0,0.0,0.0,0.0,0.0,0.0
moderate_all,124,124,new_utility_pv,WECC_PNW,0.0,0.0,0.0,0.0,0.0,0.0,0.0
moderate_all,125,125,battery,WECC_PNW,0.0,0.0,0.0,0.0,6.839949851932393e-16,6.839949851932393e-13,5.893353574963631e-20
moderate_all,126,126,nuclear,WECC_PNW,0.0,0.0,0.0,0.0,0.0,0.0,0.0
moderate_all,127,127,naturalgas_ccs100,WECC_PNW,0.0,0.0,0.0,0.0,0.0,0.0,0.0
moderate_all,128,128,naturalgas_ccccsavgcf,WECC_WYCO,0.0,0.0,0.0,0.0,0.0,0.0,0.0
moderate_all,129,129,new_onshore_wind,WECC_WYCO,0.0,0.0,0.0,0.0,0.0,0.0,0.0
moderate_all,130,130,new_onshore_wind,WECC_WYCO,0.0,0.0,0.0,0.0,0.0,0.0,0.0
moderate_all,131,131,new_onshore_wind,WECC_WYCO,0.0,0.0,0.0,0.0,0.0,0.0,0.0
moderate_all,132,132,new_onshore_wind,WECC_WYCO,0.0,0.0,0.0,0.0,0.0,0.0,0.0
moderate_all,133,133,new_onshore_wind,WECC_WYCO,0.0,0.0,0.0,0.0,0.0,0.0,0.0
moderate_all,134,134,new_onshore_wind,WECC_WYCO,0.0,0.0,0.0,0.0,0.0,0.0,0.0
moderate_all,135,135,new_onshore_wind,WECC_WYCO,0.0,0.0,0.0,0.0,0.0,0.0,0.0
moderate_all,136,136,new_utility_pv,WECC_WYCO,0.0,0.0,0.0,0.0,0.0,0.0,0.0
moderate_all,137,137,new_utility_pv,WECC_WYCO,13395.625497280515,0.0,13395.625497280515,0.0,78000.12519382099,0.664703852939217,6.720550977851808
moderate_all,138,138,new_utility_pv,WECC_WYCO,0.0,0.0,0.0,0.0,0.0,0.0,0.0
moderate_all,139,139,new_utility_pv,WECC_WYCO,0.0,0.0,0.0,0.0,0.0,0.0,0.0
moderate_all,140,140,new_utility_pv,WECC_WYCO,0.0,0.0,0.0,0.0,0.0,0.0,0.0
moderate_all,141,141,battery,WECC_WYCO,5646.157058314514,0.0,5646.157058314514,0.0,4548.589621217094,0.09196439014838549,0.39190999182061237
moderate_all,142,142,nuclear,WECC_WYCO,0.0,0.0,0.0,0.0,0.0,0.0,0.0
moderate_all,143,143,naturalgas_ccs100,WECC_WYCO,0.0,0.0,0.0,0.0,0.0,0.0,0.0
moderate_all,144,156,new_biogas_CCGT,CA_N,0.0,0.0,0.0,0.0,0.0,0.0,0.0
moderate_all,145,157,new_biogas_CCGT,CA_S,0.0,0.0,0.0,0.0,0.0,0.0,0.0
moderate_all,146,158,new_biogas_CCGT,WECC_N,0.0,0.0,0.0,0.0,0.0,0.0,0.0
moderate_all,147,159,new_biogas_CCGT,WECC_NMAZ,0.0,0.0,0.0,0.0,0.0,0.0,0.0
moderate_all,148,160,new_biogas_CCGT,WECC_PNW,0.0,0.0,0.0,0.0,0.0,0.0,0.0
moderate_all,149,161,new_biogas_CCGT,WECC_WYCO,0.0,0.0,0.0,0.0,0.0,0.0,0.0
moderate_all,150,162,biomass,WECC_PNW,0.0,28.4,0.0,28.4,0.0,0.0,0.0
moderate_all,151,163,biomass,WECC_PNW,0.0,74.43,0.0,74.43,0.0,0.0,0.0
moderate_all,152,164,conventional_hydroelectric,WECC_PNW,29850.0,29850.0,0.0,0.0,236985.01365148695,0.9063009631547653,20.418811652854792
moderate_all,153,165,geothermal,WECC_PNW,14.49,14.49,0.0,0.0,27.701077584132477,0.2182348839550223,0.002386746221021938
moderate_all,154,166,geothermal,WECC_PNW,1.17,1.17,0.0,0.0,9.793148142857635,0.9555036630037111,0.0008437852011671291
moderate_all,155,167,hydroelectric_pumped_storage,WECC_PNW,214.0,214.0,0.0,0.0,444.458840610952,0.23709023631788076,0.038294916687126535
moderate_all,156,168,hydroelectric_pumped_storage,WECC_PNW,100.0,100.0,0.0,0.0,214.9489855899814,0.2453755543264628,0.01852017047030894
moderate_all,157,169,nuclear,WECC_PNW,1163.0,1163.0,0.0,0.0,25.65629120879122,0.0025183150183150193,0.002210565849001377
moderate_all,158,170,onshore_wind_turbine,WECC_PNW,5254.0,5254.0,0.0,0.0,33160.85026240383,0.7204958488336747,2.8571644481802694
moderate_all,159,171,solar_photovoltaic,WECC_PNW,209.9,209.9,0.0,0.0,423.19606252279686,0.2301574692682517,0.03646289931898625
nuc_optimistic,1,1,biomass,CA_N,36.72,36.72,0.0,0.0,135.93510061318204,0.42259546703295214,0.011712273167257361
nuc_optimistic,2,2,biomass,CA_N,0.0,33.06,0.0,33.06,0.0,0.0,0.0
nuc_optimistic,3,3,conventional_hydroelectric,CA_N,0.0,6607.44,0.0,6607.44,0.0,0.0,0.0
nuc_optimistic,4,4,geothermal,CA_N,0.0,542.55,0.0,542.55,0.0,0.0,0.0
nuc_optimistic,5,5,geothermal,CA_N,0.0,100.32,0.0,100.32,0.0,0.0,0.0
nuc_optimistic,6,6,hydroelectric_pumped_storage,CA_N,615.15,615.15,0.0,0.0,1155.721987169704,0.21447083426021574,0.09957789826231564
nuc_optimistic,7,7,hydroelectric_pumped_storage,CA_N,1175.8,1175.8,0.0,0.0,1913.8690214024048,0.18581238202945133,0.16490043177885996
nuc_optimistic,8,8,onshore_wind_turbine,CA_N,1327.6,1327.6,0.0,0.0,1108.742192466198,0.09533650454369869,0.0955300828972842
nuc_optimistic,9,9,small_hydroelectric,CA_N,231.4,231.4,0.0,0.0,1171.4450870270146,0.5779023686607895,0.10093261267922633
nuc_optimistic,10,10,small_hydroelectric,CA_N,1.95,1.95,0.0,0.0,11.974607142857156,0.7010073260073267,0.0010317413919958046
nuc_optimistic,11,11,solar_photovoltaic,CA_N,2787.1,2787.1,0.0,0.0,3344.710618078844,0.1369941087878468,0.28818284790063114
nuc_optimistic,12,12,biomass,CA_S,0.0,67.2,0.0,67.2,0.0,0.0,0.0
nuc_optimistic,13,13,biomass,CA_S,0.0,38.1,0.0,38.1,0.0,0.0,0.0
nuc_optimistic,14,14,conventional_hydroelectric,CA_S,0.0,1396.0,0.0,1396.0,0.0,0.0,0.0
nuc_optimistic,15,15,geothermal,CA_S,0.0,535.15,0.0,535.15,0.0,0.0,0.0
nuc_optimistic,16,16,geothermal,CA_S,0.0,73.02,0.0,73.02,0.0,0.0,0.0
nuc_optimistic,17,17,hydroelectric_pumped_storage,CA_S,1623.0,1623.0,0.0,0.0,2228.4971275950234,0.15674346843428114,0.19200903220069582
nuc_optimistic,18,18,hydroelectric_pumped_storage,CA_S,42.0,42.0,0.0,0.0,129.11108022692258,0.35092161401098765,0.011124310304815829
nuc_optimistic,19,19,onshore_wind_turbine,CA_S,4735.6,4735.6,0.0,0.0,5893.965076625531,0.1420785251165063,0.5078285792582035
nuc_optimistic,20,20,small_hydroelectric,CA_S,126.44,126.44,0.0,0.0,615.9523347241433,0.5561071928318586,0.05307092847805289
nuc_optimistic,21,21,small_hydroelectric,CA_S,7.0,7.0,0.0,0.0,26.46267548076905,0.4315504807692278,0.002280044540145763
nuc_optimistic,22,22,solar_photovoltaic,CA_S,9520.0,9520.0,0.0,0.0,9099.268438831059,0.10911021784024812,0.7839999904149707
nuc_optimistic,23,23,biomass,WECC_N,6.24,6.24,0.0,0.0,20.46332245714287,0.37435828754578776,0.0017631356540481914
nuc_optimistic,24,24,biomass,WECC_N,0.0,13.8,0.0,13.8,0.0,0.0,0.0
nuc_optimistic,25,25,conventional_hydroelectric,WECC_N,0.0,4648.1,0.0,4648.1,0.0,0.0,0.0
nuc_optimistic,26,26,geothermal,WECC_N,0.0,165.24,0.0,165.24,0.0,0.0,0.0
nuc_optimistic,27,27,geothermal,WECC_N,0.0,215.16,0.0,215.16,0.0,0.0,0.0
nuc_optimistic,28,28,onshore_wind_turbine,WECC_N,3893.9,3893.9,0.0,0.0,4438.9587502590075,0.13013442845034773,0.38246411137889125
nuc_optimistic,29,29,solar_photovoltaic,WECC_N,1185.7,1185.7,0.0,0.0,1239.190752724966,0.11930516284861938,0.1067696315137507
nuc_optimistic,30,30,biomass,WECC_NMAZ,0.0,3.54,0.0,3.54,0.0,0.0,0.0
nuc_optimistic,31,31,biomass,WECC_NMAZ,0.0,11.4,0.0,11.4,0.0,0.0,0.0
nuc_optimistic,32,32,conventional_hydroelectric,WECC_NMAZ,0.0,3960.0,0.0,3960.0,0.0,0.0,0.0
nuc_optimistic,33,33,geothermal,WECC_NMAZ,0.0,0.68,0.0,0.68,0.0,0.0,0.0
nuc_optimistic,34,34,geothermal,WECC_NMAZ,0.0,2.66,0.0,2.66,0.0,0.0,0.0
nuc_optimistic,35,35,hydroelectric_pumped_storage,WECC_NMAZ,119.0,119.0,0.0,0.0,489.00222000892444,0.4690938759150881,0.04213280862929975
nuc_optimistic,36,36,hydroelectric_pumped_storage,WECC_NMAZ,97.3,97.3,0.0,0.0,254.73819485461476,0.29886641941391867,0.0219484394450947
nuc_optimistic,37,37,nuclear,WECC_NMAZ,4002.99,4002.99,0.0,0.0,38.2756280841162,0.0010915250691465493,0.0032978576522717778
nuc_optimistic,38,38,onshore_wind_turbine,WECC_NMAZ,0.0,1235.1,0.0,1235.1,0.0,0.0,0.0
nuc_optimistic,39,39,solar_photovoltaic,WECC_NMAZ,6266.4,6266.4,0.0,0.0,6316.9768208356545,0.11507661104268162,0.544275597569135
nuc_optimistic,40,40,biomass,WECC_WYCO,0.0,4.8,0.0,4.8,0.0,0.0,0.0
nuc_optimistic,41,41,biomass,WECC_WYCO,0.0,8.04,0.0,8.04,0.0,0.0,0.0
nuc_optimistic,42,42,conventional_hydroelectric,WECC_WYCO,0.0,961.87,0.0,961.87,0.0,0.0,0.0
nuc_optimistic,43,43,hydroelectric_pumped_storage,WECC_WYCO,324.0,324.0,0.0,0.0,842.3143152206007,0.29677346356213735,0.07257445139668599
nuc_optimistic,44,44,hydroelectric_pumped_storage,WECC_WYCO,238.5,238.5,0.0,0.0,582.0224002289801,0.27857825269663905,0.050147499138891
nuc_optimistic,45,45,onshore_wind_turbine,WECC_WYCO,5751.7,5751.7,0.0,0.0,27149.367878419354,0.5388394576378045,2.3392104870342396
nuc_optimistic,46,46,solar_photovoltaic,WECC_WYCO,593.1,593.1,0.0,0.0,942.0614673550847,0.18132062619574973,0.08116874299749542
nuc_optimistic,47,47,naturalgas_ccccsavgcf,CA_N,0.0,0.0,0.0,0.0,0.0,0.0,0.0
nuc_optimistic,48,48,new_onshore_wind,CA_N,0.0,0.0,0.0,0.0,0.0,0.0,0.0
nuc_optimistic,49,49,new_floating_offshore_wind,CA_N,0.0,0.0,0.0,0.0,0.0,0.0,0.0
nuc_optimistic,50,50,new_floating_offshore_wind,CA_N,0.0,0.0,0.0,0.0,0.0,0.0,0.0
nuc_optimistic,51,51,new_floating_offshore_wind,CA_N,0.0,0.0,0.0,0.0,0.0,0.0,0.0
nuc_optimistic,52,52,new_floating_offshore_wind,CA_N,0.0,0.0,0.0,0.0,0.0,0.0,0.0
nuc_optimistic,53,53,new_floating_offshore_wind,CA_N,0.0,0.0,0.0,0.0,0.0,0.0,0.0
nuc_optimistic,54,54,new_utility_pv,CA_N,0.0,0.0,0.0,0.0,0.0,0.0,0.0
nuc_optimistic,55,55,new_utility_pv,CA_N,0.0,0.0,0.0,0.0,0.0,0.0,0.0
nuc_optimistic,56,56,new_utility_pv,CA_N,0.0,0.0,0.0,0.0,0.0,0.0,0.0
nuc_optimistic,57,57,new_utility_pv,CA_N,22627.691159999995,0.0,22627.691159999995,0.0,177118.29008677878,0.8935504176564247,15.260648552554338
nuc_optimistic,58,58,battery,CA_N,23276.211390000004,0.0,23276.211390000004,0.0,75482.37472769327,0.3701938128772339,6.503619654792062
nuc_optimistic,59,59,nuclear,CA_N,0.0,0.0,0.0,0.0,0.0,0.0,0.0
nuc_optimistic,60,60,naturalgas_ccs100,CA_N,0.0,0.0,0.0,0.0,0.0,0.0,0.0
nuc_optimistic,61,61,naturalgas_ccccsavgcf,CA_S,0.0,0.0,0.0,0.0,0.0,0.0,0.0
nuc_optimistic,62,62,new_onshore_wind,CA_S,0.0,0.0,0.0,0.0,0.0,0.0,0.0
nuc_optimistic,63,63,new_onshore_wind,CA_S,0.0,0.0,0.0,0.0,0.0,0.0,0.0
nuc_optimistic,64,64,new_onshore_wind,CA_S,0.0,0.0,0.0,0.0,0.0,0.0,0.0
nuc_optimistic,65,65,new_utility_pv,CA_S,0.0,0.0,0.0,0.0,0.0,0.0,0.0
nuc_optimistic,66,66,new_utility_pv,CA_S,0.0,0.0,0.0,0.0,0.0,0.0,0.0
nuc_optimistic,67,67,new_utility_pv,CA_S,0.0,0.0,0.0,0.0,0.0,0.0,0.0
nuc_optimistic,68,68,new_utility_pv,CA_S,0.0,0.0,0.0,0.0,0.0,0.0,0.0
nuc_optimistic,69,69,new_utility_pv,CA_S,20451.59,0.0,20451.59,0.0,126839.67742657787,0.7079848183610421,10.928604486741564
nuc_optimistic,70,70,new_utility_pv,CA_S,20451.59,0.0,20451.59,0.0,130815.04847983904,0.7301742657813105,11.271125524405676
nuc_optimistic,71,71,new_utility_pv,CA_S,0.0,0.0,0.0,0.0,0.0,0.0,0.0
nuc_optimistic,72,72,new_utility_pv,CA_S,0.0,0.0,0.0,0.0,0.0,0.0,0.0
nuc_optimistic,73,73,new_utility_pv,CA_S,0.0,0.0,0.0,0.0,0.0,0.0,0.0
nuc_optimistic,74,74,new_utility_pv,CA_S,0.0,0.0,0.0,0.0,0.0,0.0,0.0
nuc_optimistic,75,75,battery,CA_S,0.0,0.0,0.0,0.0,0.0,0.0,0.0
nuc_optimistic,76,76,nuclear,CA_S,0.0,0.0,0.0,0.0,0.0,0.0,0.0
nuc_optimistic,77,77,naturalgas_ccs100,CA_S,0.0,0.0,0.0,0.0,0.0,0.0,0.0
nuc_optimistic,78,78,naturalgas_ccccsavgcf,WECC_N,0.0,0.0,0.0,0.0,0.0,0.0,0.0
nuc_optimistic,79,79,new_onshore_wind,WECC_N,0.0,0.0,0.0,0.0,0.0,0.0,0.0
nuc_optimistic,80,80,new_onshore_wind,WECC_N,0.0,0.0,0.0,0.0,0.0,0.0,0.0
nuc_optimistic,81,81,new_onshore_wind,WECC_N,0.0,0.0,0.0,0.0,0.0,0.0,0.0
nuc_optimistic,82,82,new_onshore_wind,WECC_N,0.0,0.0,0.0,0.0,0.0,0.0,0.0
nuc_optimistic,83,83,new_onshore_wind,WECC_N,0.0,0.0,0.0,0.0,0.0,0.0,0.0
nuc_optimistic,84,84,new_onshore_wind,WECC_N,0.0,0.0,0.0,0.0,0.0,0.0,0.0
nuc_optimistic,85,85,new_utility_pv,WECC_N,0.0,0.0,0.0,0.0,0.0,0.0,0.0
nuc_optimistic,86,86,new_utility_pv,WECC_N,27480.605069246205,0.0,27480.605069246205,0.0,148027.3665606451,0.6149100852391316,12.75415213265298
nuc_optimistic,87,87,new_utility_pv,WECC_N,0.0,0.0,0.0,0.0,0.0,0.0,0.0
nuc_optimistic,88,88,new_utility_pv,WECC_N,0.0,0.0,0.0,0.0,0.0,0.0,0.0
nuc_optimistic,89,89,new_utility_pv,WECC_N,0.0,0.0,0.0,0.0,0.0,0.0,0.0
nuc_optimistic,90,90,new_utility_pv,WECC_N,0.0,0.0,0.0,0.0,0.0,0.0,0.0
nuc_optimistic,91,91,new_utility_pv,WECC_N,0.0,0.0,0.0,0.0,0.0,0.0,0.0
nuc_optimistic,92,92,new_utility_pv,WECC_N,0.0,0.0,0.0,0.0,0.0,0.0,0.0
nuc_optimistic,93,93,battery,WECC_N,0.0,0.0,0.0,0.0,0.0,0.0,0.0
nuc_optimistic,94,94,nuclear,WECC_N,0.0,0.0,0.0,0.0,0.0,0.0,0.0
nuc_optimistic,95,95,naturalgas_ccs100,WECC_N,0.0,0.0,0.0,0.0,0.0,0.0,0.0
nuc_optimistic,96,96,naturalgas_ccccsavgcf,WECC_NMAZ,0.0,0.0,0.0,0.0,0.0,0.0,0.0
nuc_optimistic,97,97,new_onshore_wind,WECC_NMAZ,0.0,0.0,0.0,0.0,0.0,0.0,0.0
nuc_optimistic,98,98,new_onshore_wind,WECC_NMAZ,0.0,0.0,0.0,0.0,0.0,0.0,0.0
nuc_optimistic,99,99,new_onshore_wind,WECC_NMAZ,0.0,0.0,0.0,0.0,0.0,0.0,0.0
nuc_optimistic,100,100,new_onshore_wind,WECC_NMAZ,0.0,0.0,0.0,0.0,0.0,0.0,0.0
nuc_optimistic,101,101,new_onshore_wind,WECC_NMAZ,0.0,0.0,0.0,0.0,0.0,0.0,0.0
nuc_optimistic,102,102,new_onshore_wind,WECC_NMAZ,0.0,0.0,0.0,0.0,0.0,0.0,0.0
nuc_optimistic,103,103,new_onshore_wind,WECC_NMAZ,0.0,0.0,0.0,0.0,0.0,0.0,0.0
nuc_optimistic,104,104,new_utility_pv,WECC_NMAZ,41235.9608820632,0.0,41235.9608820632,0.0,180181.96920666925,0.49880535110590285,15.524617509704614
nuc_optimistic,105,105,new_utility_pv,WECC_NMAZ,0.0,0.0,0.0,0.0,0.0,0.0,0.0
nuc_optimistic,106,106,new_utility_pv,WECC_NMAZ,0.0,0.0,0.0,0.0,0.0,0.0,0.0
nuc_optimistic,107,107,new_utility_pv,WECC_NMAZ,0.0,0.0,0.0,0.0,0.0,0.0,0.0
nuc_optimistic,108,108,new_utility_pv,WECC_NMAZ,0.0,0.0,0.0,0.0,0.0,0.0,0.0
nuc_optimistic,109,109,new_utility_pv,WECC_NMAZ,0.0,0.0,0.0,0.0,0.0,0.0,0.0
nuc_optimistic,110,110,new_utility_pv,WECC_NMAZ,0.0,0.0,0.0,0.0,0.0,0.0,0.0
nuc_optimistic,111,111,new_utility_pv,WECC_NMAZ,0.0,0.0,0.0,0.0,0.0,0.0,0.0
nuc_optimistic,112,112,new_utility_pv,WECC_NMAZ,0.0,0.0,0.0,0.0,0.0,0.0,0.0
nuc_optimistic,113,113,new_utility_pv,WECC_NMAZ,0.0,0.0,0.0,0.0,0.0,0.0,0.0
nuc_optimistic,114,114,new_utility_pv,WECC_NMAZ,0.0,0.0,0.0,0.0,0.0,0.0,0.0
nuc_optimistic,115,115,new_utility_pv,WECC_NMAZ,0.0,0.0,0.0,0.0,0.0,0.0,0.0
nuc_optimistic,116,116,battery,WECC_NMAZ,0.0,0.0,0.0,0.0,0.0,0.0,0.0
nuc_optimistic,117,117,nuclear,WECC_NMAZ,0.0,0.0,0.0,0.0,0.0,0.0,0.0
nuc_optimistic,118,118,naturalgas_ccs100,WECC_NMAZ,0.0,0.0,0.0,0.0,0.0,0.0,0.0
nuc_optimistic,119,119,naturalgas_ccccsavgcf,WECC_PNW,0.0,0.0,0.0,0.0,0.0,0.0,0.0
nuc_optimistic,120,120,new_onshore_wind,WECC_PNW,0.0,0.0,0.0,0.0,0.0,0.0,0.0
nuc_optimistic,121,121,new_floating_offshore_wind,WECC_PNW,0.0,0.0,0.0,0.0,0.0,0.0,0.0
nuc_optimistic,122,122,new_floating_offshore_wind,WECC_PNW,0.0,0.0,0.0,0.0,0.0,0.0,0.0
nuc_optimistic,123,123,new_floating_offshore_wind,WECC_PNW,0.0,0.0,0.0,0.0,0.0,0.0,0.0
nuc_optimistic,124,124,new_utility_pv,WECC_PNW,0.0,0.0,0.0,0.0,0.0,0.0,0.0
nuc_optimistic,125,125,battery,WECC_PNW,0.0,0.0,0.0,0.0,0.0,0.0,0.0
nuc_optimistic,126,126,nuclear,WECC_PNW,0.0,0.0,0.0,0.0,0.0,0.0,0.0
nuc_optimistic,127,127,naturalgas_ccs100,WECC_PNW,0.0,0.0,0.0,0.0,0.0,0.0,0.0
nuc_optimistic,128,128,naturalgas_ccccsavgcf,WECC_WYCO,0.0,0.0,0.0,0.0,0.0,0.0,0.0
nuc_optimistic,129,129,new_onshore_wind,WECC_WYCO,0.0,0.0,0.0,0.0,0.0,0.0,0.0
nuc_optimistic,130,130,new_onshore_wind,WECC_WYCO,0.0,0.0,0.0,0.0,0.0,0.0,0.0
nuc_optimistic,131,131,new_onshore_wind,WECC_WYCO,0.0,0.0,0.0,0.0,0.0,0.0,0.0
nuc_optimistic,132,132,new_onshore_wind,WECC_WYCO,0.0,0.0,0.0,0.0,0.0,0.0,0.0
nuc_optimistic,133,133,new_onshore_wind,WECC_WYCO,0.0,0.0,0.0,0.0,0.0,0.0,0.0
nuc_optimistic,134,134,new_onshore_wind,WECC_WYCO,0.0,0.0,0.0,0.0,0.0,0.0,0.0
nuc_optimistic,135,135,new_onshore_wind,WECC_WYCO,0.0,0.0,0.0,0.0,0.0,0.0,0.0
nuc_optimistic,136,136,new_utility_pv,WECC_WYCO,0.0,0.0,0.0,0.0,0.0,0.0,0.0
nuc_optimistic,137,137,new_utility_pv,WECC_WYCO,14675.7,0.0,14675.7,0.0,105427.71874765118,0.8200717997042106,9.083733603780688
nuc_optimistic,138,138,new_utility_pv,WECC_WYCO,0.0,0.0,0.0,0.0,0.0,0.0,0.0
nuc_optimistic,139,139,new_utility_pv,WECC_WYCO,0.0,0.0,0.0,0.0,0.0,0.0,0.0
nuc_optimistic,140,140,new_utility_pv,WECC_WYCO,0.0,0.0,0.0,0.0,0.0,0.0,0.0
nuc_optimistic,141,141,battery,WECC_WYCO,0.0,0.0,0.0,0.0,0.0,0.0,0.0
nuc_optimistic,142,142,nuclear,WECC_WYCO,0.0,0.0,0.0,0.0,0.0,0.0,0.0
nuc_optimistic,143,143,naturalgas_ccs100,WECC_WYCO,0.0,0.0,0.0,0.0,0.0,0.0,0.0
nuc_optimistic,144,156,new_biogas_CCGT,CA_N,0.0,0.0,0.0,0.0,0.0,0.0,0.0
nuc_optimistic,145,157,new_biogas_CCGT,CA_S,0.0,0.0,0.0,0.0,0.0,0.0,0.0
nuc_optimistic,146,158,new_biogas_CCGT,WECC_N,0.0,0.0,0.0,0.0,0.0,0.0,0.0
nuc_optimistic,147,159,new_biogas_CCGT,WECC_NMAZ,0.0,0.0,0.0,0.0,0.0,0.0,0.0
nuc_optimistic,148,160,new_biogas_CCGT,WECC_PNW,0.0,0.0,0.0,0.0,0.0,0.0,0.0
nuc_optimistic,149,161,new_biogas_CCGT,WECC_WYCO,0.0,0.0,0.0,0.0,0.0,0.0,0.0
nuc_optimistic,150,162,biomass,WECC_PNW,0.0,28.4,0.0,28.4,0.0,0.0,0.0
nuc_optimistic,151,163,biomass,WECC_PNW,0.0,74.43,0.0,74.43,0.0,0.0,0.0
nuc_optimistic,152,164,conventional_hydroelectric,WECC_PNW,29850.0,29850.0,0.0,0.0,223702.7080226063,0.8555054879519602,19.274397950178173
nuc_optimistic,153,165,geothermal,WECC_PNW,14.49,14.49,0.0,0.0,53.860762472802406,0.4243263538135449,0.0046406848579406005
nuc_optimistic,154,166,geothermal,WECC_PNW,1.17,1.17,0.0,0.0,8.130017169643041,0.7932343177655858,0.000700488553109718
nuc_optimistic,155,167,hydroelectric_pumped_storage,WECC_PNW,214.0,214.0,0.0,0.0,525.8116768344289,0.28048674776726673,0.045304339834514214
nuc_optimistic,156,168,hydroelectric_pumped_storage,WECC_PNW,100.0,100.0,0.0,0.0,308.4648375228768,0.3521288099576219,0.026577568437178505
nuc_optimistic,157,169,nuclear,WECC_PNW,1163.0,1163.0,0.0,0.0,39.287637362637355,0.003856311358460971,0.003385053152656683
nuc_optimistic,158,170,onshore_wind_turbine,WECC_PNW,5254.0,5254.0,0.0,0.0,21927.601674439215,0.47642765056671793,1.8892990813657233
nuc_optimistic,159,171,solar_photovoltaic,WECC_PNW,209.9,209.9,0.0,0.0,1434.214241908017,0.7800051785412149,0.12357300583752745
optimistic_all,1,1,biomass,CA_N,36.72,36.72,0.0,0.0,136.93537661537945,0.4257051282051121,0.011798457719499875
optimistic_all,2,2,biomass,CA_N,0.0,33.06,0.0,33.06,0.0,0.0,0.0
optimistic_all,3,3,conventional_hydroelectric,CA_N,0.0,6607.44,0.0,6607.44,0.0,0.0,0.0
optimistic_all,4,4,geothermal,CA_N,542.55,542.55,0.0,0.0,4380.443194459568,0.9216672988200839,0.3774223659359157
optimistic_all,5,5,geothermal,CA_N,100.32,100.32,0.0,0.0,829.937571935204,0.9443952547455494,0.07150806164432848
optimistic_all,6,6,hydroelectric_pumped_storage,CA_N,264.24598987500013,615.15,0.0,350.90401012499984,609.9559729893228,0.2635032505690022,0.05255427732370714
optimistic_all,7,7,hydroelectric_pumped_storage,CA_N,505.0807522500002,1175.8,0.0,670.7192477499998,1087.5019357027168,0.24579051178259995,0.09370000598385707
optimistic_all,8,8,onshore_wind_turbine,CA_N,1327.6,1327.6,0.0,0.0,1363.2178205546732,0.11721789143270457,0.11745589938719073
optimistic_all,9,9,small_hydroelectric,CA_N,231.4,231.4,0.0,0.0,772.0120207700348,0.3808523168336248,0.06651715145593662
optimistic_all,10,10,small_hydroelectric,CA_N,1.95,1.95,0.0,0.0,5.168008928571417,0.3025412087912081,0.0004452796373358757
optimistic_all,11,11,solar_photovoltaic,CA_N,2787.1,2787.1,0.0,0.0,4598.262438101305,0.1883376281569452,0.3961898400548852
optimistic_all,12,12,biomass,CA_S,0.0,67.2,0.0,67.2,0.0,0.0,0.0
optimistic_all,13,13,biomass,CA_S,0.0,38.1,0.0,38.1,0.0,0.0,0.0
optimistic_all,14,14,conventional_hydroelectric,CA_S,0.0,1396.0,0.0,1396.0,0.0,0.0,0.0
optimistic_all,15,15,geothermal,CA_S,535.15,535.15,0.0,0.0,4511.652502567051,0.9624008679696451,0.3887274611740816
optimistic_all,16,16,geothermal,CA_S,73.02,73.02,0.0,0.0,638.7982260461587,0.9986602564102641,0.05503934810407972
optimistic_all,17,17,hydroelectric_pumped_storage,CA_S,1623.0,1623.0,0.0,0.0,2846.822941184089,0.20023400357757415,0.2452844614493171
optimistic_all,18,18,hydroelectric_pumped_storage,CA_S,42.0,42.0,0.0,0.0,99.84408411714203,0.27137444041406295,0.008602643335235733
optimistic_all,19,19,onshore_wind_turbine,CA_S,4735.6,4735.6,0.0,0.0,9467.983526298818,0.22823296673045093,0.8157687668813249
optimistic_all,20,20,small_hydroelectric,CA_S,126.44,126.44,0.0,0.0,475.44871332099115,0.4292547237748003,0.04096502803409467
optimistic_all,21,21,small_hydroelectric,CA_S,7.0,7.0,0.0,0.0,10.688989903845977,0.17431490384615098,0.0009209716185972338
optimistic_all,22,22,solar_photovoltaic,CA_S,9520.0,9520.0,0.0,0.0,14895.715834921322,0.1786159855114122,1.2834263710657923
optimistic_all,23,23,biomass,WECC_N,6.24,6.24,0.0,0.0,20.533827942857148,0.3756481227106228,0.001769210461105021
optimistic_all,24,24,biomass,WECC_N,0.0,13.8,0.0,13.8,0.0,0.0,0.0
optimistic_all,25,25,conventional_hydroelectric,WECC_N,0.0,4648.1,0.0,4648.1,0.0,0.0,0.0
optimistic_all,26,26,geothermal,WECC_N,165.24,165.24,0.0,0.0,598.9621598220538,0.41379009791075555,0.0516070418975073
optimistic_all,27,27,geothermal,WECC_N,215.16,215.16,0.0,0.0,1841.741931376948,0.9771542699119887,0.15868590604321936
optimistic_all,28,28,onshore_wind_turbine,WECC_N,3893.9,3893.9,0.0,0.0,4095.1064311198697,0.12005390562055408,0.3528375302178368
optimistic_all,29,29,solar_photovoltaic,WECC_N,1185.7,1185.7,0.0,0.0,1062.0037346055424,0.10224618625045322,0.0915030613008676
optimistic_all,30,30,biomass,WECC_NMAZ,0.0,3.54,0.0,3.54,0.0,0.0,0.0
optimistic_all,31,31,biomass,WECC_NMAZ,0.0,11.4,0.0,11.4,0.0,0.0,0.0
optimistic_all,32,32,conventional_hydroelectric,WECC_NMAZ,0.0,3960.0,0.0,3960.0,0.0,0.0,0.0
optimistic_all,33,33,geothermal,WECC_NMAZ,0.68,0.68,0.0,0.0,5.8793200060441695,0.9869930173993032,0.0005065667486756024
optimistic_all,34,34,geothermal,WECC_NMAZ,2.66,2.66,0.0,0.0,22.90633700769273,0.983037087912106,0.0019736276729495237
optimistic_all,35,35,hydroelectric_pumped_storage,WECC_NMAZ,119.0,119.0,0.0,0.0,266.2896727405236,0.25544844090837227,0.022943723693791367
optimistic_all,36,36,hydroelectric_pumped_storage,WECC_NMAZ,97.3,97.3,0.0,0.0,223.63222772527809,0.2623719745048714,0.019268325313372126
optimistic_all,37,37,nuclear,WECC_NMAZ,4002.99,4002.99,0.0,0.0,117.36576263085264,0.003346977661334358,0.010112324677109416
optimistic_all,38,38,onshore_wind_turbine,WECC_NMAZ,0.0,1235.1,0.0,1235.1,0.0,0.0,0.0
optimistic_all,39,39,solar_photovoltaic,WECC_NMAZ,6266.4,6266.4,0.0,0.0,5824.172145271264,0.10609916920960612,0.5018151664348967
optimistic_all,40,40,biomass,WECC_WYCO,0.0,4.8,0.0,4.8,0.0,0.0,0.0
optimistic_all,41,41,biomass,WECC_WYCO,0.0,8.04,0.0,8.04,0.0,0.0,0.0
optimistic_all,42,42,conventional_hydroelectric,WECC_WYCO,0.0,961.87,0.0,961.87,0.0,0.0,0.0
optimistic_all,43,43,hydroelectric_pumped_storage,WECC_WYCO,324.0,324.0,0.0,0.0,677.8476060056153,0.23882673981256525,0.05840387281501982
optimistic_all,44,44,hydroelectric_pumped_storage,WECC_WYCO,238.5,238.5,0.0,0.0,533.1883217274201,0.2552043889833817,0.04593991725090514
optimistic_all,45,45,onshore_wind_turbine,WECC_WYCO,5751.7,5751.7,0.0,0.0,34475.99791239823,0.6842526905167967,2.9704785845771875
optimistic_all,46,46,solar_photovoltaic,WECC_WYCO,593.1,593.1,0.0,0.0,1489.0961721733156,0.2866095894593987,0.1283016753004845
optimistic_all,47,47,naturalgas_ccccsavgcf,CA_N,0.0,0.0,0.0,0.0,0.0,0.0,0.0
optimistic_all,48,48,new_onshore_wind,CA_N,0.0,0.0,0.0,0.0,0.0,0.0,0.0
optimistic_all,49,49,new_floating_offshore_wind,CA_N,0.0,0.0,0.0,0.0,0.0,0.0,0.0
optimistic_all,50,50,new_floating_offshore_wind,CA_N,0.0,0.0,0.0,0.0,0.0,0.0,0.0
optimistic_all,51,51,new_floating_offshore_wind,CA_N,0.0,0.0,0.0,0.0,0.0,0.0,0.0
optimistic_all,52,52,new_floating_offshore_wind,CA_N,0.0,0.0,0.0,0.0,0.0,0.0,0.0
optimistic_all,53,53,new_floating_offshore_wind,CA_N,0.0,0.0,0.0,0.0,0.0,0.0,0.0
optimistic_all,54,54,new_utility_pv,CA_N,0.0,0.0,0.0,0.0,0.0,0.0,0.0
optimistic_all,55,55,new_utility_pv,CA_N,0.0,0.0,0.0,0.0,0.0,0.0,0.0
optimistic_all,56,56,new_utility_pv,CA_N,0.0,0.0,0.0,0.0,0.0,0.0,0.0
optimistic_all,57,57,new_utility_pv,CA_N,13968.012191296912,0.0,13968.012191296912,0.0,113992.7602312436,0.9316194741456741,9.821704187479936
optimistic_all,58,58,battery,CA_N,39509.78136670552,0.0,39509.78136670552,0.0,25810.288257884622,0.07457343058338375,2.223834353587738
optimistic_all,59,59,nuclear,CA_N,0.0,0.0,0.0,0.0,0.0,0.0,0.0
optimistic_all,60,60,naturalgas_ccs100,CA_N,0.0,0.0,0.0,0.0,0.0,0.0,0.0
optimistic_all,61,61,naturalgas_ccccsavgcf,CA_S,0.0,0.0,0.0,0.0,0.0,0.0,0.0
optimistic_all,62,62,new_onshore_wind,CA_S,0.0,0.0,0.0,0.0,0.0,0.0,0.0
optimistic_all,63,63,new_onshore_wind,CA_S,0.0,0.0,0.0,0.0,0.0,0.0,0.0
optimistic_all,64,64,new_onshore_wind,CA_S,0.0,0.0,0.0,0.0,0.0,0.0,0.0
optimistic_all,65,65,new_utility_pv,CA_S,0.0,0.0,0.0,0.0,0.0,0.0,0.0
optimistic_all,66,66,new_utility_pv,CA_S,0.0,0.0,0.0,0.0,0.0,0.0,0.0
optimistic_all,67,67,new_utility_pv,CA_S,0.0,0.0,0.0,0.0,0.0,0.0,0.0
optimistic_all,68,68,new_utility_pv,CA_S,0.0,0.0,0.0,0.0,0.0,0.0,0.0
optimistic_all,69,69,new_utility_pv,CA_S,20451.59,0.0,20451.59,0.0,160947.0655084331,0.89836304578818,13.867323363870259
optimistic_all,70,70,new_utility_pv,CA_S,13609.913408282642,0.0,13609.913408282642,0.0,85858.42021653829,0.7201507627867145,7.397627741099804
optimistic_all,71,71,new_utility_pv,CA_S,0.0,0.0,0.0,0.0,0.0,0.0,0.0
optimistic_all,72,72,new_utility_pv,CA_S,0.0,0.0,0.0,0.0,0.0,0.0,0.0
optimistic_all,73,73,new_utility_pv,CA_S,0.0,0.0,0.0,0.0,0.0,0.0,0.0
optimistic_all,74,74,new_utility_pv,CA_S,0.0,0.0,0.0,0.0,0.0,0.0,0.0
optimistic_all,75,75,battery,CA_S,18754.733994882507,0.0,18754.733994882507,0.0,8928.502447324849,0.05434550228600667,0.769286660810061
optimistic_all,76,76,nuclear,CA_S,0.0,0.0,0.0,0.0,0.0,0.0,0.0
optimistic_all,77,77,naturalgas_ccs100,CA_S,0.0,0.0,0.0,0.0,0.0,0.0,0.0
optimistic_all,78,78,naturalgas_ccccsavgcf,WECC_N,0.0,0.0,0.0,0.0,0.0,0.0,0.0
optimistic_all,79,79,new_onshore_wind,WECC_N,0.0,0.0,0.0,0.0,0.0,0.0,0.0
optimistic_all,80,80,new_onshore_wind,WECC_N,0.0,0.0,0.0,0.0,0.0,0.0,0.0
optimistic_all,81,81,new_onshore_wind,WECC_N,0.0,0.0,0.0,0.0,0.0,0.0,0.0
optimistic_all,82,82,new_onshore_wind,WECC_N,0.0,0.0,0.0,0.0,0.0,0.0,0.0
optimistic_all,83,83,new_onshore_wind,WECC_N,0.0,0.0,0.0,0.0,0.0,0.0,0.0
optimistic_all,84,84,new_onshore_wind,WECC_N,0.0,0.0,0.0,0.0,0.0,0.0,0.0
optimistic_all,85,85,new_utility_pv,WECC_N,0.0,0.0,0.0,0.0,0.0,0.0,0.0
optimistic_all,86,86,new_utility_pv,WECC_N,23434.628268506265,0.0,23434.628268506265,0.0,172812.16831753502,0.8418062470876091,14.889629777967386
optimistic_all,87,87,new_utility_pv,WECC_N,0.0,0.0,0.0,0.0,0.0,0.0,0.0
optimistic_all,88,88,new_utility_pv,WECC_N,0.0,0.0,0.0,0.0,0.0,0.0,0.0
optimistic_all,89,89,new_utility_pv,WECC_N,0.0,0.0,0.0,0.0,0.0,0.0,0.0
optimistic_all,90,90,new_utility_pv,WECC_N,0.0,0.0,0.0,0.0,0.0,0.0,0.0
optimistic_all,91,91,new_utility_pv,WECC_N,0.0,0.0,0.0,0.0,0.0,0.0,0.0
optimistic_all,92,92,new_utility_pv,WECC_N,0.0,0.0,0.0,0.0,0.0,0.0,0.0
optimistic_all,93,93,battery,WECC_N,0.0,0.0,0.0,0.0,0.0,0.0,0.0
optimistic_all,94,94,nuclear,WECC_N,0.0,0.0,0.0,0.0,0.0,0.0,0.0
optimistic_all,95,95,naturalgas_ccs100,WECC_N,0.0,0.0,0.0,0.0,0.0,0.0,0.0
optimistic_all,96,96,naturalgas_ccccsavgcf,WECC_NMAZ,0.0,0.0,0.0,0.0,0.0,0.0,0.0
optimistic_all,97,97,new_onshore_wind,WECC_NMAZ,0.0,0.0,0.0,0.0,0.0,0.0,0.0
optimistic_all,98,98,new_onshore_wind,WECC_NMAZ,0.0,0.0,0.0,0.0,0.0,0.0,0.0
optimistic_all,99,99,new_onshore_wind,WECC_NMAZ,0.0,0.0,0.0,0.0,0.0,0.0,0.0
optimistic_all,100,100,new_onshore_wind,WECC_NMAZ,0.0,0.0,0.0,0.0,0.0,0.0,0.0
optimistic_all,101,101,new_onshore_wind,WECC_NMAZ,0.0,0.0,0.0,0.0,0.0,0.0,0.0
optimistic_all,102,102,new_onshore_wind,WECC_NMAZ,0.0,0.0,0.0,0.0,0.0,0.0,0.0
optimistic_all,103,103,new_onshore_wind,WECC_NMAZ,0.0,0.0,0.0,0.0,0.0,0.0,0.0
optimistic_all,104,104,new_utility_pv,WECC_NMAZ,36917.369999999995,0.0,36917.369999999995,0.0,196283.62974028662,0.6069448351271481,16.911949006613707
optimistic_all,105,105,new_utility_pv,WECC_NMAZ,0.0,0.0,0.0,0.0,0.0,0.0,0.0
optimistic_all,106,106,new_utility_pv,WECC_NMAZ,0.0,0.0,0.0,0.0,0.0,0.0,0.0
optimistic_all,107,107,new_utility_pv,WECC_NMAZ,0.0,0.0,0.0,0.0,0.0,0.0,0.0
optimistic_all,108,108,new_utility_pv,WECC_NMAZ,0.0,0.0,0.0,0.0,0.0,0.0,0.0
optimistic_all,109,109,new_utility_pv,WECC_NMAZ,0.0,0.0,0.0,0.0,0.0,0.0,0.0
optimistic_all,110,110,new_utility_pv,WECC_NMAZ,0.0,0.0,0.0,0.0,0.0,0.0,0.0
optimistic_all,111,111,new_utility_pv,WECC_NMAZ,0.0,0.0,0.0,0.0,0.0,0.0,0.0
optimistic_all,112,112,new_utility_pv,WECC_NMAZ,0.0,0.0,0.0,0.0,0.0,0.0,0.0
optimistic_all,113,113,new_utility_pv,WECC_NMAZ,0.0,0.0,0.0,0.0,0.0,0.0,0.0
optimistic_all,114,114,new_utility_pv,WECC_NMAZ,0.0,0.0,0.0,0.0,0.0,0.0,0.0
optimistic_all,115,115,new_utility_pv,WECC_NMAZ,0.0,0.0,0.0,0.0,0.0,0.0,0.0
optimistic_all,116,116,battery,WECC_NMAZ,0.0,0.0,0.0,0.0,0.0,0.0,0.0
optimistic_all,117,117,nuclear,WECC_NMAZ,0.0,0.0,0.0,0.0,0.0,0.0,0.0
optimistic_all,118,118,naturalgas_ccs100,WECC_NMAZ,0.0,0.0,0.0,0.0,0.0,0.0,0.0
optimistic_all,119,119,naturalgas_ccccsavgcf,WECC_PNW,0.0,0.0,0.0,0.0,0.0,0.0,0.0
optimistic_all,120,120,new_onshore_wind,WECC_PNW,0.0,0.0,0.0,0.0,0.0,0.0,0.0
optimistic_all,121,121,new_floating_offshore_wind,WECC_PNW,0.0,0.0,0.0,0.0,0.0,0.0,0.0
optimistic_all,122,122,new_floating_offshore_wind,WECC_PNW,0.0,0.0,0.0,0.0,0.0,0.0,0.0
optimistic_all,123,123,new_floating_offshore_wind,WECC_PNW,0.0,0.0,0.0,0.0,0.0,0.0,0.0
optimistic_all,124,124,new_utility_pv,WECC_PNW,0.0,0.0,0.0,0.0,0.0,0.0,0.0
optimistic_all,125,125,battery,WECC_PNW,0.0,0.0,0.0,0.0,0.0,0.0,0.0
optimistic_all,126,126,nuclear,WECC_PNW,0.0,0.0,0.0,0.0,0.0,0.0,0.0
optimistic_all,127,127,naturalgas_ccs100,WECC_PNW,0.0,0.0,0.0,0.0,0.0,0.0,0.0
optimistic_all,128,128,naturalgas_ccccsavgcf,WECC_WYCO,0.0,0.0,0.0,0.0,0.0,0.0,0.0
optimistic_all,129,129,new_onshore_wind,WECC_WYCO,0.0,0.0,0.0,0.0,0.0,0.0,0.0
optimistic_all,130,130,new_onshore_wind,WECC_WYCO,0.0,0.0,0.0,0.0,0.0,0.0,0.0
optimistic_all,131,131,new_onshore_wind,WECC_WYCO,0.0,0.0,0.0,0.0,0.0,0.0,0.0
optimistic_all,132,132,new_onshore_wind,WECC_WYCO,0.0,0.0,0.0,0.0,0.0,0.0,0.0
optimistic_all,133,133,new_onshore_wind,WECC_WYCO,0.0,0.0,0.0,0.0,0.0,0.0,0.0
optimistic_all,134,134,new_onshore_wind,WECC_WYCO,0.0,0.0,0.0,0.0,0.0,0.0,0.0
optimistic_all,135,135,new_onshore_wind,WECC_WYCO,0.0,0.0,0.0,0.0,0.0,0.0,0.0
optimistic_all,136,136,new_utility_pv,WECC_WYCO,0.0,0.0,0.0,0.0,0.0,0.0,0.0
optimistic_all,137,137,new_utility_pv,WECC_WYCO,11772.87620782839,0.0,11772.87620782839,0.0,74089.76597202748,0.7184086277855929,6.383631409755294
optimistic_all,138,138,new_utility_pv,WECC_WYCO,0.0,0.0,0.0,0.0,0.0,0.0,0.0
optimistic_all,139,139,new_utility_pv,WECC_WYCO,0.0,0.0,0.0,0.0,0.0,0.0,0.0
optimistic_all,140,140,new_utility_pv,WECC_WYCO,0.0,0.0,0.0,0.0,0.0,0.0,0.0
optimistic_all,141,141,battery,WECC_WYCO,15782.51474075826,0.0,15782.51474075826,0.0,10202.931296081266,0.07379801024207405,0.8790924338704227
optimistic_all,142,142,nuclear,WECC_WYCO,0.0,0.0,0.0,0.0,0.0,0.0,0.0
optimistic_all,143,143,naturalgas_ccs100,WECC_WYCO,0.0,0.0,0.0,0.0,0.0,0.0,0.0
optimistic_all,144,156,new_biogas_CCGT,CA_N,0.0,0.0,0.0,0.0,0.0,0.0,0.0
optimistic_all,145,157,new_biogas_CCGT,CA_S,0.0,0.0,0.0,0.0,0.0,0.0,0.0
optimistic_all,146,158,new_biogas_CCGT,WECC_N,0.0,0.0,0.0,0.0,0.0,0.0,0.0
optimistic_all,147,159,new_biogas_CCGT,WECC_NMAZ,0.0,0.0,0.0,0.0,0.0,0.0,0.0
optimistic_all,148,160,new_biogas_CCGT,WECC_PNW,0.0,0.0,0.0,0.0,0.0,0.0,0.0
optimistic_all,149,161,new_biogas_CCGT,WECC_WYCO,0.0,0.0,0.0,0.0,0.0,0.0,0.0
optimistic_all,150,162,biomass,WECC_PNW,0.0,28.4,0.0,28.4,0.0,0.0,0.0
optimistic_all,151,163,biomass,WECC_PNW,0.0,74.43,0.0,74.43,0.0,0.0,0.0
optimistic_all,152,164,conventional_hydroelectric,WECC_PNW,29850.0,29850.0,0.0,0.0,242440.78935364116,0.9271654671899878,20.888885497466482
optimistic_all,153,165,geothermal,WECC_PNW,14.49,14.49,0.0,0.0,30.77916449645135,0.2424846965506943,0.0026519565646860557
optimistic_all,154,166,geothermal,WECC_PNW,1.17,1.17,0.0,0.0,9.983390705357651,0.9740653617216615,0.0008601766471585491
optimistic_all,155,167,hydroelectric_pumped_storage,WECC_PNW,214.0,214.0,0.0,0.0,435.7046819083339,0.2324204550784865,0.037540651617898026
optimistic_all,156,168,hydroelectric_pumped_storage,WECC_PNW,100.0,100.0,0.0,0.0,219.2855788677804,0.2503260032737219,0.018893814693587266
optimistic_all,157,169,nuclear,WECC_PNW,1163.0,1163.0,0.0,0.0,43.79917340441032,0.004299145004103927,0.003773770579478876
optimistic_all,158,170,onshore_wind_turbine,WECC_PNW,5254.0,5254.0,0.0,0.0,32463.10856484208,0.7053358033983693,2.797046485084896
optimistic_all,159,171,solar_photovoltaic,WECC_PNW,209.9,209.9,0.0,0.0,498.3698432893593,0.27104113683693654,0.042939930279951424
geo_moderate,1,1,biomass,CA_N,36.72,36.72,0.0,0.0,135.93510061318204,0.42259546703295214,0.011712273167257361
geo_moderate,2,2,biomass,CA_N,0.0,33.06,0.0,33.06,0.0,0.0,0.0
geo_moderate,3,3,conventional_hydroelectric,CA_N,0.0,6607.44,0.0,6607.44,0.0,0.0,0.0
geo_moderate,4,4,geothermal,CA_N,542.55,542.55,0.0,0.0,4368.938880701422,0.9192467332938239,0.3764311453848627
geo_moderate,5,5,geothermal,CA_N,100.32,100.32,0.0,0.0,811.118683127486,0.9229810304826905,0.06988661166249162
geo_moderate,6,6,hydroelectric_pumped_storage,CA_N,615.15,615.15,0.0,0.0,1200.0111944105684,0.22268971676926413,0.1033938905352928
geo_moderate,7,7,hydroelectric_pumped_storage,CA_N,1175.8,1175.8,0.0,0.0,2365.2972474054413,0.22964033109541676,0.20379583608950524
geo_moderate,8,8,onshore_wind_turbine,CA_N,1327.6,1327.6,0.0,0.0,1088.7119334555396,0.09361417910848323,0.09380426032397159
geo_moderate,9,9,small_hydroelectric,CA_N,231.4,231.4,0.0,0.0,1421.844307810085,0.70143039776252,0.1225072027700164
geo_moderate,10,10,small_hydroelectric,CA_N,1.95,1.95,0.0,0.0,9.903883928571435,0.5797847985347989,0.0008533262819168432
geo_moderate,11,11,solar_photovoltaic,CA_N,2787.1,2787.1,0.0,0.0,4018.218950892728,0.16457995532306163,0.3462128455889202
geo_moderate,12,12,biomass,CA_S,0.0,67.2,0.0,67.2,0.0,0.0,0.0
geo_moderate,13,13,biomass,CA_S,0.0,38.1,0.0,38.1,0.0,0.0,0.0
geo_moderate,14,14,conventional_hydroelectric,CA_S,0.0,1396.0,0.0,1396.0,0.0,0.0,0.0
geo_moderate,15,15,geothermal,CA_S,535.15,535.15,0.0,0.0,4338.521663332456,0.9254695507068721,0.37381037446398824
geo_moderate,16,16,geothermal,CA_S,73.02,73.02,0.0,0.0,620.3676480519289,0.9698469551282142,0.05345135528158477
geo_moderate,17,17,hydroelectric_pumped_storage,CA_S,1623.0,1623.0,0.0,0.0,4836.345570312333,0.3401689730045221,0.41670326645022643
geo_moderate,18,18,hydroelectric_pumped_storage,CA_S,42.0,42.0,0.0,0.0,96.86396473738,0.2632745290752881,0.00834587394977632
geo_moderate,19,19,onshore_wind_turbine,CA_S,4735.6,4735.6,0.0,0.0,8924.562149449985,0.21513337982491273,0.768947161704513
geo_moderate,20,20,small_hydroelectric,CA_S,126.44,126.44,0.0,0.0,959.9583347380324,0.8666900093913842,0.08271075090186839
geo_moderate,21,21,small_hydroelectric,CA_S,7.0,7.0,0.0,0.0,30.329815384614772,0.49461538461537463,0.0026132402984564034
geo_moderate,22,22,solar_photovoltaic,CA_S,9520.0,9520.0,0.0,0.0,12736.55886726183,0.1527253231272523,1.0973917405535705
geo_moderate,23,23,biomass,WECC_N,6.24,6.24,0.0,0.0,20.46723942857144,0.37442994505494526,0.0017634731433291261
geo_moderate,24,24,biomass,WECC_N,0.0,13.8,0.0,13.8,0.0,0.0,0.0
geo_moderate,25,25,conventional_hydroelectric,WECC_N,0.0,4648.1,0.0,4648.1,0.0,0.0,0.0
geo_moderate,26,26,geothermal,WECC_N,165.24,165.24,0.0,0.0,1081.8939040483965,0.7474211469690112,0.09321681364891385
geo_moderate,27,27,geothermal,WECC_N,215.16,215.16,0.0,0.0,1748.42313871736,0.9276430679586435,0.1506454868554047
geo_moderate,28,28,onshore_wind_turbine,WECC_N,3893.9,3893.9,0.0,0.0,4557.534030544602,0.13361063248747812,0.39268064903049393
geo_moderate,29,29,solar_photovoltaic,WECC_N,1185.7,1185.7,0.0,0.0,995.7303874764043,0.0958656088822167,0.08579289857039132
geo_moderate,30,30,biomass,WECC_NMAZ,0.0,3.54,0.0,3.54,0.0,0.0,0.0
geo_moderate,31,31,biomass,WECC_NMAZ,0.0,11.4,0.0,11.4,0.0,0.0,0.0
geo_moderate,32,32,conventional_hydroelectric,WECC_NMAZ,0.0,3960.0,0.0,3960.0,0.0,0.0,0.0
geo_moderate,33,33,geothermal,WECC_NMAZ,0.68,0.68,0.0,0.0,4.457815192307736,0.748357371794879,0.0003840887969769527
geo_moderate,34,34,geothermal,WECC_NMAZ,2.66,2.66,0.0,0.0,16.9589199484802,0.7278006638376849,0.0014611936296237877
geo_moderate,35,35,hydroelectric_pumped_storage,WECC_NMAZ,119.0,119.0,0.0,0.0,220.24901168097168,0.21128219531193324,0.018976824808233855
geo_moderate,36,36,hydroelectric_pumped_storage,WECC_NMAZ,97.3,97.3,0.0,0.0,168.01375498529842,0.19711872965654686,0.014476194782421322
geo_moderate,37,37,nuclear,WECC_NMAZ,4002.99,4002.99,0.0,0.0,39.530214458535404,0.0011273027310069572,0.0034059537824312003
geo_moderate,38,38,onshore_wind_turbine,WECC_NMAZ,0.0,1235.1,0.0,1235.1,0.0,0.0,0.0
geo_moderate,39,39,solar_photovoltaic,WECC_NMAZ,6266.4,6266.4,0.0,0.0,9158.643029532157,0.16684335426274619,0.7891157509679732
geo_moderate,40,40,biomass,WECC_WYCO,0.0,4.8,0.0,4.8,0.0,0.0,0.0
geo_moderate,41,41,biomass,WECC_WYCO,0.0,8.04,0.0,8.04,0.0,0.0,0.0
geo_moderate,42,42,conventional_hydroelectric,WECC_WYCO,0.0,961.87,0.0,961.87,0.0,0.0,0.0
geo_moderate,43,43,hydroelectric_pumped_storage,WECC_WYCO,324.0,324.0,0.0,0.0,623.610734796888,0.21971740754724334,0.05373078213815627
geo_moderate,44,44,hydroelectric_pumped_storage,WECC_WYCO,238.5,238.5,0.0,0.0,474.1450205122616,0.2269439995559488,0.040852700855660604
geo_moderate,45,45,onshore_wind_turbine,WECC_WYCO,5751.7,5751.7,0.0,0.0,36307.62516451835,0.7206053982316435,3.128293002050341
geo_moderate,46,46,solar_photovoltaic,WECC_WYCO,593.1,593.1,0.0,0.0,850.2674519906811,0.1636528317644312,0.0732596997980743
geo_moderate,47,47,naturalgas_ccccsavgcf,CA_N,0.0,0.0,0.0,0.0,0.0,0.0,0.0
geo_moderate,48,48,new_onshore_wind,CA_N,0.0,0.0,0.0,0.0,0.0,0.0,0.0
geo_moderate,49,49,new_floating_offshore_wind,CA_N,0.0,0.0,0.0,0.0,0.0,0.0,0.0
geo_moderate,50,50,new_floating_offshore_wind,CA_N,0.0,0.0,0.0,0.0,0.0,0.0,0.0
geo_moderate,51,51,new_floating_offshore_wind,CA_N,0.0,0.0,0.0,0.0,0.0,0.0,0.0
geo_moderate,52,52,new_floating_offshore_wind,CA_N,0.0,0.0,0.0,0.0,0.0,0.0,0.0
geo_moderate,53,53,new_floating_offshore_wind,CA_N,0.0,0.0,0.0,0.0,0.0,0.0,0.0
geo_moderate,54,54,new_utility_pv,CA_N,0.0,0.0,0.0,0.0,0.0,0.0,0.0
geo_moderate,55,55,new_utility_pv,CA_N,0.0,0.0,0.0,0.0,0.0,0.0,0.0
geo_moderate,56,56,new_utility_pv,CA_N,0.0,0.0,0.0,0.0,0.0,0.0,0.0
geo_moderate,57,57,new_utility_pv,CA_N,21984.821159999996,0.0,21984.821159999996,0.0,158028.1465238628,0.8205544462962381,13.615827051687695
geo_moderate,58,58,battery,CA_N,23276.21139,0.0,23276.21139,0.0,20200.27497434012,0.09906970787414791,1.7404712799413722
geo_moderate,59,59,nuclear,CA_N,0.0,0.0,0.0,0.0,0.0,0.0,0.0
geo_moderate,60,60,naturalgas_ccs100,CA_N,0.0,0.0,0.0,0.0,0.0,0.0,0.0
geo_moderate,61,61,naturalgas_ccccsavgcf,CA_S,0.0,0.0,0.0,0.0,0.0,0.0,0.0
geo_moderate,62,62,new_onshore_wind,CA_S,0.0,0.0,0.0,0.0,0.0,0.0,0.0
geo_moderate,63,63,new_onshore_wind,CA_S,0.0,0.0,0.0,0.0,0.0,0.0,0.0
geo_moderate,64,64,new_onshore_wind,CA_S,0.0,0.0,0.0,0.0,0.0,0.0,0.0
geo_moderate,65,65,new_utility_pv,CA_S,0.0,0.0,0.0,0.0,0.0,0.0,0.0
geo_moderate,66,66,new_utility_pv,CA_S,0.0,0.0,0.0,0.0,0.0,0.0,0.0
geo_moderate,67,67,new_utility_pv,CA_S,0.0,0.0,0.0,0.0,0.0,0.0,0.0
geo_moderate,68,68,new_utility_pv,CA_S,0.0,0.0,0.0,0.0,0.0,0.0,0.0
geo_moderate,69,69,new_utility_pv,CA_S,20451.59,0.0,20451.59,0.0,145020.5036231035,0.809465279314215,12.495078501617805
geo_moderate,70,70,new_utility_pv,CA_S,20446.957287868903,0.0,20446.957287868903,0.0,67329.01452983296,0.37589752130633,5.80111984835779
geo_moderate,71,71,new_utility_pv,CA_S,0.0,0.0,0.0,0.0,0.0,0.0,0.0
geo_moderate,72,72,new_utility_pv,CA_S,0.0,0.0,0.0,0.0,0.0,0.0,0.0
geo_moderate,73,73,new_utility_pv,CA_S,0.0,0.0,0.0,0.0,0.0,0.0,0.0
geo_moderate,74,74,new_utility_pv,CA_S,0.0,0.0,0.0,0.0,0.0,0.0,0.0
geo_moderate,75,75,battery,CA_S,0.0,0.0,0.0,0.0,0.0,0.0,0.0
geo_moderate,76,76,nuclear,CA_S,0.0,0.0,0.0,0.0,0.0,0.0,0.0
geo_moderate,77,77,naturalgas_ccs100,CA_S,0.0,0.0,0.0,0.0,0.0,0.0,0.0
geo_moderate,78,78,naturalgas_ccccsavgcf,WECC_N,0.0,0.0,0.0,0.0,0.0,0.0,0.0
geo_moderate,79,79,new_onshore_wind,WECC_N,0.0,0.0,0.0,0.0,0.0,0.0,0.0
geo_moderate,80,80,new_onshore_wind,WECC_N,0.0,0.0,0.0,0.0,0.0,0.0,0.0
geo_moderate,81,81,new_onshore_wind,WECC_N,0.0,0.0,0.0,0.0,0.0,0.0,0.0
geo_moderate,82,82,new_onshore_wind,WECC_N,0.0,0.0,0.0,0.0,0.0,0.0,0.0
geo_moderate,83,83,new_onshore_wind,WECC_N,0.0,0.0,0.0,0.0,0.0,0.0,0.0
geo_moderate,84,84,new_onshore_wind,WECC_N,0.0,0.0,0.0,0.0,0.0,0.0,0.0
geo_moderate,85,85,new_utility_pv,WECC_N,0.0,0.0,0.0,0.0,0.0,0.0,0.0
geo_moderate,86,86,new_utility_pv,WECC_N,26496.667781377302,0.0,26496.667781377302,0.0,162101.35818466183,0.6983791851352167,13.966778111598929
geo_moderate,87,87,new_utility_pv,WECC_N,0.0,0.0,0.0,0.0,0.0,0.0,0.0
geo_moderate,88,88,new_utility_pv,WECC_N,0.0,0.0,0.0,0.0,0.0,0.0,0.0
geo_moderate,89,89,new_utility_pv,WECC_N,0.0,0.0,0.0,0.0,0.0,0.0,0.0
geo_moderate,90,90,new_utility_pv,WECC_N,0.0,0.0,0.0,0.0,0.0,0.0,0.0
geo_moderate,91,91,new_utility_pv,WECC_N,0.0,0.0,0.0,0.0,0.0,0.0,0.0
geo_moderate,92,92,new_utility_pv,WECC_N,0.0,0.0,0.0,0.0,0.0,0.0,0.0
geo_moderate,93,93,battery,WECC_N,0.0,0.0,0.0,0.0,0.0,0.0,0.0
geo_moderate,94,94,nuclear,WECC_N,0.0,0.0,0.0,0.0,0.0,0.0,0.0
geo_moderate,95,95,naturalgas_ccs100,WECC_N,0.0,0.0,0.0,0.0,0.0,0.0,0.0
geo_moderate,96,96,naturalgas_ccccsavgcf,WECC_NMAZ,0.0,0.0,0.0,0.0,0.0,0.0,0.0
geo_moderate,97,97,new_onshore_wind,WECC_NMAZ,0.0,0.0,0.0,0.0,0.0,0.0,0.0
geo_moderate,98,98,new_onshore_wind,WECC_NMAZ,0.0,0.0,0.0,0.0,0.0,0.0,0.0
geo_moderate,99,99,new_onshore_wind,WECC_NMAZ,0.0,0.0,0.0,0.0,0.0,0.0,0.0
geo_moderate,100,100,new_onshore_wind,WECC_NMAZ,0.0,0.0,0.0,0.0,0.0,0.0,0.0
geo_moderate,101,101,new_onshore_wind,WECC_NMAZ,0.0,0.0,0.0,0.0,0.0,0.0,0.0
geo_moderate,102,102,new_onshore_wind,WECC_NMAZ,0.0,0.0,0.0,0.0,0.0,0.0,0.0
geo_moderate,103,103,new_onshore_wind,WECC_NMAZ,0.0,0.0,0.0,0.0,0.0,0.0,0.0
geo_moderate,104,104,new_utility_pv,WECC_NMAZ,41232.620882063195,0.0,41232.620882063195,0.0,205918.6308087807,0.5700994142947328,17.742108133814703
geo_moderate,105,105,new_utility_pv,WECC_NMAZ,0.0,0.0,0.0,0.0,0.0,0.0,0.0
geo_moderate,106,106,new_utility_pv,WECC_NMAZ,0.0,0.0,0.0,0.0,0.0,0.0,0.0
geo_moderate,107,107,new_utility_pv,WECC_NMAZ,0.0,0.0,0.0,0.0,0.0,0.0,0.0
geo_moderate,108,108,new_utility_pv,WECC_NMAZ,0.0,0.0,0.0,0.0,0.0,0.0,0.0
geo_moderate,109,109,new_utility_pv,WECC_NMAZ,0.0,0.0,0.0,0.0,0.0,0.0,0.0
geo_moderate,110,110,new_utility_pv,WECC_NMAZ,0.0,0.0,0.0,0.0,0.0,0.0,0.0
geo_moderate,111,111,new_utility_pv,WECC_NMAZ,0.0,0.0,0.0,0.0,0.0,0.0,0.0
geo_moderate,112,112,new_utility_pv,WECC_NMAZ,0.0,0.0,0.0,0.0,0.0,0.0,0.0
geo_moderate,113,113,new_utility_pv,WECC_NMAZ,0.0,0.0,0.0,0.0,0.0,0.0,0.0
geo_moderate,114,114,new_utility_pv,WECC_NMAZ,0.0,0.0,0.0,0.0,0.0,0.0,0.0
geo_moderate,115,115,new_utility_pv,WECC_NMAZ,0.0,0.0,0.0,0.0,0.0,0.0,0.0
geo_moderate,116,116,battery,WECC_NMAZ,0.0,0.0,0.0,0.0,0.0,0.0,0.0
geo_moderate,117,117,nuclear,WECC_NMAZ,0.0,0.0,0.0,0.0,0.0,0.0,0.0
geo_moderate,118,118,naturalgas_ccs100,WECC_NMAZ,0.0,0.0,0.0,0.0,0.0,0.0,0.0
geo_moderate,119,119,naturalgas_ccccsavgcf,WECC_PNW,0.0,0.0,0.0,0.0,0.0,0.0,0.0
geo_moderate,120,120,new_onshore_wind,WECC_PNW,0.0,0.0,0.0,0.0,0.0,0.0,0.0
geo_moderate,121,121,new_floating_offshore_wind,WECC_PNW,0.0,0.0,0.0,0.0,0.0,0.0,0.0
geo_moderate,122,122,new_floating_offshore_wind,WECC_PNW,0.0,0.0,0.0,0.0,0.0,0.0,0.0
geo_moderate,123,123,new_floating_offshore_wind,WECC_PNW,0.0,0.0,0.0,0.0,0.0,0.0,0.0
geo_moderate,124,124,new_utility_pv,WECC_PNW,0.0,0.0,0.0,0.0,0.0,0.0,0.0
geo_moderate,125,125,battery,WECC_PNW,0.0,0.0,0.0,0.0,0.0,0.0,0.0
geo_moderate,126,126,nuclear,WECC_PNW,0.0,0.0,0.0,0.0,0.0,0.0,0.0
geo_moderate,127,127,naturalgas_ccs100,WECC_PNW,0.0,0.0,0.0,0.0,0.0,0.0,0.0
geo_moderate,128,128,naturalgas_ccccsavgcf,WECC_WYCO,0.0,0.0,0.0,0.0,0.0,0.0,0.0
geo_moderate,129,129,new_onshore_wind,WECC_WYCO,0.0,0.0,0.0,0.0,0.0,0.0,0.0
geo_moderate,130,130,new_onshore_wind,WECC_WYCO,0.0,0.0,0.0,0.0,0.0,0.0,0.0
geo_moderate,131,131,new_onshore_wind,WECC_WYCO,0.0,0.0,0.0,0.0,0.0,0.0,0.0
geo_moderate,132,132,new_onshore_wind,WECC_WYCO,0.0,0.0,0.0,0.0,0.0,0.0,0.0
geo_moderate,133,133,new_onshore_wind,WECC_WYCO,0.0,0.0,0.0,0.0,0.0,0.0,0.0
geo_moderate,134,134,new_onshore_wind,WECC_WYCO,0.0,0.0,0.0,0.0,0.0,0.0,0.0
geo_moderate,135,135,new_onshore_wind,WECC_WYCO,0.0,0.0,0.0,0.0,0.0,0.0,0.0
geo_moderate,136,136,new_utility_pv,WECC_WYCO,0.0,0.0,0.0,0.0,0.0,0.0,0.0
geo_moderate,137,137,new_utility_pv,WECC_WYCO,14675.7,0.0,14675.7,0.0,84461.25090781828,0.6569836743127534,7.277246555292595
geo_moderate,138,138,new_utility_pv,WECC_WYCO,0.0,0.0,0.0,0.0,0.0,0.0,0.0
geo_moderate,139,139,new_utility_pv,WECC_WYCO,0.0,0.0,0.0,0.0,0.0,0.0,0.0
geo_moderate,140,140,new_utility_pv,WECC_WYCO,0.0,0.0,0.0,0.0,0.0,0.0,0.0
geo_moderate,141,141,battery,WECC_WYCO,0.0,0.0,0.0,0.0,0.0,0.0,0.0
geo_moderate,142,142,nuclear,WECC_WYCO,0.0,0.0,0.0,0.0,0.0,0.0,0.0
geo_moderate,143,143,naturalgas_ccs100,WECC_WYCO,0.0,0.0,0.0,0.0,0.0,0.0,0.0
geo_moderate,144,156,new_biogas_CCGT,CA_N,0.0,0.0,0.0,0.0,0.0,0.0,0.0
geo_moderate,145,157,new_biogas_CCGT,CA_S,0.0,0.0,0.0,0.0,0.0,0.0,0.0
geo_moderate,146,158,new_biogas_CCGT,WECC_N,0.0,0.0,0.0,0.0,0.0,0.0,0.0
geo_moderate,147,159,new_biogas_CCGT,WECC_NMAZ,0.0,0.0,0.0,0.0,0.0,0.0,0.0
geo_moderate,148,160,new_biogas_CCGT,WECC_PNW,0.0,0.0,0.0,0.0,0.0,0.0,0.0
geo_moderate,149,161,new_biogas_CCGT,WECC_WYCO,0.0,0.0,0.0,0.0,0.0,0.0,0.0
geo_moderate,150,162,biomass,WECC_PNW,0.0,28.4,0.0,28.4,0.0,0.0,0.0
geo_moderate,151,163,biomass,WECC_PNW,0.0,74.43,0.0,74.43,0.0,0.0,0.0
geo_moderate,152,164,conventional_hydroelectric,WECC_PNW,29850.0,29850.0,0.0,0.0,229277.83241009383,0.8768264167492479,19.754754969617203
geo_moderate,153,165,geothermal,WECC_PNW,14.49,14.49,0.0,0.0,58.86037384953475,0.46371433810071144,0.005071455232260965
geo_moderate,154,166,geothermal,WECC_PNW,1.17,1.17,0.0,0.0,7.878128062500165,0.7686578525641188,0.0006787855932604514
geo_moderate,155,167,hydroelectric_pumped_storage,WECC_PNW,214.0,214.0,0.0,0.0,447.8550482209356,0.23890189488164962,0.03858753655558889
geo_moderate,156,168,hydroelectric_pumped_storage,WECC_PNW,100.0,100.0,0.0,0.0,204.87810895200394,0.23387911980822368,0.017652455967684704
geo_moderate,157,169,nuclear,WECC_PNW,1163.0,1163.0,0.0,0.0,40.45383241758241,0.003970780222929835,0.003485533418520382
geo_moderate,158,170,onshore_wind_turbine,WECC_PNW,5254.0,5254.0,0.0,0.0,21095.257646955328,0.45834305949446924,1.817583677654306
geo_moderate,159,171,solar_photovoltaic,WECC_PNW,209.9,209.9,0.0,0.0,247.72311775612366,0.134725558461261,0.02134401498889261
geo_optimistic,1,1,biomass,CA_N,36.72,36.72,0.0,0.0,135.93510061318204,0.42259546703295214,0.011712273167257361
geo_optimistic,2,2,biomass,CA_N,0.0,33.06,0.0,33.06,0.0,0.0,0.0
geo_optimistic,3,3,conventional_hydroelectric,CA_N,0.0,6607.44,0.0,6607.44,0.0,0.0,0.0
geo_optimistic,4,4,geothermal,CA_N,542.55,542.55,0.0,0.0,4567.671232113014,0.9610610204292797,0.3935540781403062
geo_optimistic,5,5,geothermal,CA_N,100.32,100.32,0.0,0.0,691.1516746049094,0.7864692283834531,0.05955016163202132
geo_optimistic,6,6,hydroelectric_pumped_storage,CA_N,615.15,615.15,0.0,0.0,1677.4893812139794,0.3112967920015758,0.14453377957073726
geo_optimistic,7,7,hydroelectric_pumped_storage,CA_N,1175.8,1175.8,0.0,0.0,2970.1200423835544,0.2883609451937857,0.25590783483459467
geo_optimistic,8,8,onshore_wind_turbine,CA_N,1327.6,1327.6,0.0,0.0,2063.6784575021957,0.1774478250915749,0.17780812839819352
geo_optimistic,9,9,small_hydroelectric,CA_N,231.4,231.4,0.0,0.0,1424.646531689186,0.7028128029944719,0.12274864454186044
geo_optimistic,10,10,small_hydroelectric,CA_N,1.95,1.95,0.0,0.0,11.159223214285655,0.6532738095238061,0.0009614872834944513
geo_optimistic,11,11,solar_photovoltaic,CA_N,2787.1,2787.1,0.0,0.0,2566.633967946501,0.10512530773900192,0.22114316329888364
geo_optimistic,12,12,biomass,CA_S,0.0,67.2,0.0,67.2,0.0,0.0,0.0
geo_optimistic,13,13,biomass,CA_S,0.0,38.1,0.0,38.1,0.0,0.0,0.0
geo_optimistic,14,14,conventional_hydroelectric,CA_S,0.0,1396.0,0.0,1396.0,0.0,0.0,0.0
geo_optimistic,15,15,geothermal,CA_S,535.15,535.15,0.0,0.0,4470.31143592019,0.953582219281367,0.38516548296970543
geo_optimistic,16,16,geothermal,CA_S,73.02,73.02,0.0,0.0,624.6244503723492,0.9765017940483393,0.05381812465440225
geo_optimistic,17,17,hydroelectric_pumped_storage,CA_S,1623.0,1623.0,0.0,0.0,2979.529627565087,0.20956805478643806,0.2567185719550261
geo_optimistic,18,18,hydroelectric_pumped_storage,CA_S,42.0,42.0,0.0,0.0,126.24597269601249,0.3431343028267354,0.010877450429005866
geo_optimistic,19,19,onshore_wind_turbine,CA_S,4735.6,4735.6,0.0,0.0,4543.136959024793,0.1095157826944726,0.3914401862384123
geo_optimistic,20,20,small_hydroelectric,CA_S,126.44,126.44,0.0,0.0,826.0346779216734,0.7457782039685232,0.07117178528433665
geo_optimistic,21,21,small_hydroelectric,CA_S,7.0,7.0,0.0,0.0,39.2260110840334,0.6396935923684508,0.003379743384936387
geo_optimistic,22,22,solar_photovoltaic,CA_S,9520.0,9520.0,0.0,0.0,3561.5582575510816,0.042706993418698935,0.30686660785458886
geo_optimistic,23,23,biomass,WECC_N,6.24,6.24,0.0,0.0,20.46723942857144,0.37442994505494526,0.0017634731433291261
geo_optimistic,24,24,biomass,WECC_N,0.0,13.8,0.0,13.8,0.0,0.0,0.0
geo_optimistic,25,25,conventional_hydroelectric,WECC_N,0.0,4648.1,0.0,4648.1,0.0,0.0,0.0
geo_optimistic,26,26,geothermal,WECC_N,165.24,165.24,0.0,0.0,1017.6171597252321,0.703015870457439,0.0876786797569391
geo_optimistic,27,27,geothermal,WECC_N,215.16,215.16,0.0,0.0,1556.4961112862686,0.8258142985905088,0.134108906065655
geo_optimistic,28,28,onshore_wind_turbine,WECC_N,3893.9,3893.9,0.0,0.0,4927.574847559777,0.14445890861141364,0.42456365137769303
geo_optimistic,29,29,solar_photovoltaic,WECC_N,1185.7,1185.7,0.0,0.0,2449.907945509231,0.23586898607851162,0.21108595913052816
geo_optimistic,30,30,biomass,WECC_NMAZ,0.0,3.54,0.0,3.54,0.0,0.0,0.0
geo_optimistic,31,31,biomass,WECC_NMAZ,0.0,11.4,0.0,11.4,0.0,0.0,0.0
geo_optimistic,32,32,conventional_hydroelectric,WECC_NMAZ,0.0,3960.0,0.0,3960.0,0.0,0.0,0.0
geo_optimistic,33,33,geothermal,WECC_NMAZ,0.68,0.68,0.0,0.0,4.431339616483554,0.743912774725281,0.0003818076409332635
geo_optimistic,34,34,geothermal,WECC_NMAZ,2.66,2.66,0.0,0.0,17.143414808163985,0.7357183544548007,0.001477089849105173
geo_optimistic,35,35,hydroelectric_pumped_storage,WECC_NMAZ,119.0,119.0,0.0,0.0,408.6519699201427,0.39201485929179875,0.03520976907695328
geo_optimistic,36,36,hydroelectric_pumped_storage,WECC_NMAZ,97.3,97.3,0.0,0.0,338.0582846913491,0.39662002455728074,0.029127362681891304
geo_optimistic,37,37,nuclear,WECC_NMAZ,4002.99,4002.99,0.0,0.0,39.53021445853536,0.0011273027310069559,0.003405953782431197
geo_optimistic,38,38,onshore_wind_turbine,WECC_NMAZ,0.0,1235.1,0.0,1235.1,0.0,0.0,0.0
geo_optimistic,39,39,solar_photovoltaic,WECC_NMAZ,6266.4,6266.4,0.0,0.0,2085.2034477239995,0.03798623184861553,0.1796627381661129
geo_optimistic,40,40,biomass,WECC_WYCO,0.0,4.8,0.0,4.8,0.0,0.0,0.0
geo_optimistic,41,41,biomass,WECC_WYCO,0.0,8.04,0.0,8.04,0.0,0.0,0.0
geo_optimistic,42,42,conventional_hydroelectric,WECC_WYCO,0.0,961.87,0.0,961.87,0.0,0.0,0.0
geo_optimistic,43,43,hydroelectric_pumped_storage,WECC_WYCO,324.0,324.0,0.0,0.0,1019.1230900615724,0.3590686799078205,0.08780843187681481
geo_optimistic,44,44,hydroelectric_pumped_storage,WECC_WYCO,238.5,238.5,0.0,0.0,771.7668396263996,0.3693972218040835,0.06649602645939956
geo_optimistic,45,45,onshore_wind_turbine,WECC_WYCO,5751.7,5751.7,0.0,0.0,26594.35654269481,0.5278240259539468,2.2913902820569545
geo_optimistic,46,46,solar_photovoltaic,WECC_WYCO,593.1,593.1,0.0,0.0,3866.052782808629,0.7441076148170916,0.33310209112317524
geo_optimistic,47,47,naturalgas_ccccsavgcf,CA_N,0.0,0.0,0.0,0.0,0.0,0.0,0.0
geo_optimistic,48,48,new_onshore_wind,CA_N,0.0,0.0,0.0,0.0,0.0,0.0,0.0
geo_optimistic,49,49,new_floating_offshore_wind,CA_N,0.0,0.0,0.0,0.0,0.0,0.0,0.0
geo_optimistic,50,50,new_floating_offshore_wind,CA_N,0.0,0.0,0.0,0.0,0.0,0.0,0.0
geo_optimistic,51,51,new_floating_offshore_wind,CA_N,0.0,0.0,0.0,0.0,0.0,0.0,0.0
geo_optimistic,52,52,new_floating_offshore_wind,CA_N,0.0,0.0,0.0,0.0,0.0,0.0,0.0
geo_optimistic,53,53,new_floating_offshore_wind,CA_N,0.0,0.0,0.0,0.0,0.0,0.0,0.0
geo_optimistic,54,54,new_utility_pv,CA_N,0.0,0.0,0.0,0.0,0.0,0.0,0.0
geo_optimistic,55,55,new_utility_pv,CA_N,0.0,0.0,0.0,0.0,0.0,0.0,0.0
geo_optimistic,56,56,new_utility_pv,CA_N,0.0,0.0,0.0,0.0,0.0,0.0,0.0
geo_optimistic,57,57,new_utility_pv,CA_N,21984.821159999996,0.0,21984.821159999996,0.0,171371.55634427947,0.8898395356789859,14.765505538659953
geo_optimistic,58,58,battery,CA_N,23276.21139,0.0,23276.21139,0.0,26774.496632769657,0.13131215110959138,2.306911291228344
geo_optimistic,59,59,nuclear,CA_N,0.0,0.0,0.0,0.0,0.0,0.0,0.0
geo_optimistic,60,60,naturalgas_ccs100,CA_N,0.0,0.0,0.0,0.0,0.0,0.0,0.0
geo_optimistic,61,61,naturalgas_ccccsavgcf,CA_S,0.0,0.0,0.0,0.0,0.0,0.0,0.0
geo_optimistic,62,62,new_onshore_wind,CA_S,0.0,0.0,0.0,0.0,0.0,0.0,0.0
geo_optimistic,63,63,new_onshore_wind,CA_S,0.0,0.0,0.0,0.0,0.0,0.0,0.0
geo_optimistic,64,64,new_onshore_wind,CA_S,0.0,0.0,0.0,0.0,0.0,0.0,0.0
geo_optimistic,65,65,new_utility_pv,CA_S,0.0,0.0,0.0,0.0,0.0,0.0,0.0
geo_optimistic,66,66,new_utility_pv,CA_S,0.0,0.0,0.0,0.0,0.0,0.0,0.0
geo_optimistic,67,67,new_utility_pv,CA_S,0.0,0.0,0.0,0.0,0.0,0.0,0.0
geo_optimistic,68,68,new_utility_pv,CA_S,0.0,0.0,0.0,0.0,0.0,0.0,0.0
geo_optimistic,69,69,new_utility_pv,CA_S,20451.59,0.0,20451.59,0.0,104812.1104385224,0.5850328893638911,9.030692316813411
geo_optimistic,70,70,new_utility_pv,CA_S,20446.9572878689,0.0,20446.9572878689,0.0,117677.39657563786,0.6569922639661429,10.139175298273855
geo_optimistic,71,71,new_utility_pv,CA_S,0.0,0.0,0.0,0.0,0.0,0.0,0.0
geo_optimistic,72,72,new_utility_pv,CA_S,0.0,0.0,0.0,0.0,0.0,0.0,0.0
geo_optimistic,73,73,new_utility_pv,CA_S,0.0,0.0,0.0,0.0,0.0,0.0,0.0
geo_optimistic,74,74,new_utility_pv,CA_S,0.0,0.0,0.0,0.0,0.0,0.0,0.0
geo_optimistic,75,75,battery,CA_S,0.0,0.0,0.0,0.0,0.0,0.0,0.0
geo_optimistic,76,76,nuclear,CA_S,0.0,0.0,0.0,0.0,0.0,0.0,0.0
geo_optimistic,77,77,naturalgas_ccs100,CA_S,0.0,0.0,0.0,0.0,0.0,0.0,0.0
geo_optimistic,78,78,naturalgas_ccccsavgcf,WECC_N,0.0,0.0,0.0,0.0,0.0,0.0,0.0
geo_optimistic,79,79,new_onshore_wind,WECC_N,0.0,0.0,0.0,0.0,0.0,0.0,0.0
geo_optimistic,80,80,new_onshore_wind,WECC_N,0.0,0.0,0.0,0.0,0.0,0.0,0.0
geo_optimistic,81,81,new_onshore_wind,WECC_N,0.0,0.0,0.0,0.0,0.0,0.0,0.0
geo_optimistic,82,82,new_onshore_wind,WECC_N,0.0,0.0,0.0,0.0,0.0,0.0,0.0
geo_optimistic,83,83,new_onshore_wind,WECC_N,0.0,0.0,0.0,0.0,0.0,0.0,0.0
geo_optimistic,84,84,new_onshore_wind,WECC_N,0.0,0.0,0.0,0.0,0.0,0.0,0.0
geo_optimistic,85,85,new_utility_pv,WECC_N,0.0,0.0,0.0,0.0,0.0,0.0,0.0
geo_optimistic,86,86,new_utility_pv,WECC_N,26496.667781377302,0.0,26496.667781377302,0.0,144877.19955833614,0.6241725652721684,12.482731312812538
geo_optimistic,87,87,new_utility_pv,WECC_N,0.0,0.0,0.0,0.0,0.0,0.0,0.0
geo_optimistic,88,88,new_utility_pv,WECC_N,0.0,0.0,0.0,0.0,0.0,0.0,0.0
geo_optimistic,89,89,new_utility_pv,WECC_N,0.0,0.0,0.0,0.0,0.0,0.0,0.0
geo_optimistic,90,90,new_utility_pv,WECC_N,0.0,0.0,0.0,0.0,0.0,0.0,0.0
geo_optimistic,91,91,new_utility_pv,WECC_N,0.0,0.0,0.0,0.0,0.0,0.0,0.0
geo_optimistic,92,92,new_utility_pv,WECC_N,0.0,0.0,0.0,0.0,0.0,0.0,0.0
geo_optimistic,93,93,battery,WECC_N,0.0,0.0,0.0,0.0,0.0,0.0,0.0
geo_optimistic,94,94,nuclear,WECC_N,0.0,0.0,0.0,0.0,0.0,0.0,0.0
geo_optimistic,95,95,naturalgas_ccs100,WECC_N,0.0,0.0,0.0,0.0,0.0,0.0,0.0
geo_optimistic,96,96,naturalgas_ccccsavgcf,WECC_NMAZ,0.0,0.0,0.0,0.0,0.0,0.0,0.0
geo_optimistic,97,97,new_onshore_wind,WECC_NMAZ,0.0,0.0,0.0,0.0,0.0,0.0,0.0
geo_optimistic,98,98,new_onshore_wind,WECC_NMAZ,0.0,0.0,0.0,0.0,0.0,0.0,0.0
geo_optimistic,99,99,new_onshore_wind,WECC_NMAZ,0.0,0.0,0.0,0.0,0.0,0.0,0.0
geo_optimistic,100,100,new_onshore_wind,WECC_NMAZ,0.0,0.0,0.0,0.0,0.0,0.0,0.0
geo_optimistic,101,101,new_onshore_wind,WECC_NMAZ,0.0,0.0,0.0,0.0,0.0,0.0,0.0
geo_optimistic,102,102,new_onshore_wind,WECC_NMAZ,0.0,0.0,0.0,0.0,0.0,0.0,0.0
geo_optimistic,103,103,new_onshore_wind,WECC_NMAZ,0.0,0.0,0.0,0.0,0.0,0.0,0.0
geo_optimistic,104,104,new_utility_pv,WECC_NMAZ,41232.620882063195,0.0,41232.620882063195,0.0,212991.5200819378,0.5896811782961785,18.35151373159853
geo_optimistic,105,105,new_utility_pv,WECC_NMAZ,0.0,0.0,0.0,0.0,0.0,0.0,0.0
geo_optimistic,106,106,new_utility_pv,WECC_NMAZ,0.0,0.0,0.0,0.0,0.0,0.0,0.0
geo_optimistic,107,107,new_utility_pv,WECC_NMAZ,0.0,0.0,0.0,0.0,0.0,0.0,0.0
geo_optimistic,108,108,new_utility_pv,WECC_NMAZ,0.0,0.0,0.0,0.0,0.0,0.0,0.0
geo_optimistic,109,109,new_utility_pv,WECC_NMAZ,0.0,0.0,0.0,0.0,0.0,0.0,0.0
geo_optimistic,110,110,new_utility_pv,WECC_NMAZ,0.0,0.0,0.0,0.0,0.0,0.0,0.0
geo_optimistic,111,111,new_utility_pv,WECC_NMAZ,0.0,0.0,0.0,0.0,0.0,0.0,0.0
geo_optimistic,112,112,new_utility_pv,WECC_NMAZ,0.0,0.0,0.0,0.0,0.0,0.0,0.0
geo_optimistic,113,113,new_utility_pv,WECC_NMAZ,0.0,0.0,0.0,0.0,0.0,0.0,0.0
geo_optimistic,114,114,new_utility_pv,WECC_NMAZ,0.0,0.0,0.0,0.0,0.0,0.0,0.0
geo_optimistic,115,115,new_utility_pv,WECC_NMAZ,0.0,0.0,0.0,0.0,0.0,0.0,0.0
geo_optimistic,116,116,battery,WECC_NMAZ,0.0,0.0,0.0,0.0,0.0,0.0,0.0
geo_optimistic,117,117,nuclear,WECC_NMAZ,0.0,0.0,0.0,0.0,0.0,0.0,0.0
geo_optimistic,118,118,naturalgas_ccs100,WECC_NMAZ,0.0,0.0,0.0,0.0,0.0,0.0,0.0
geo_optimistic,119,119,naturalgas_ccccsavgcf,WECC_PNW,0.0,0.0,0.0,0.0,0.0,0.0,0.0
geo_optimistic,120,120,new_onshore_wind,WECC_PNW,0.0,0.0,0.0,0.0,0.0,0.0,0.0
geo_optimistic,121,121,new_floating_offshore_wind,WECC_PNW,0.0,0.0,0.0,0.0,0.0,0.0,0.0
geo_optimistic,122,122,new_floating_offshore_wind,WECC_PNW,0.0,0.0,0.0,0.0,0.0,0.0,0.0
geo_optimistic,123,123,new_floating_offshore_wind,WECC_PNW,0.0,0.0,0.0,0.0,0.0,0.0,0.0
geo_optimistic,124,124,new_utility_pv,WECC_PNW,0.0,0.0,0.0,0.0,0.0,0.0,0.0
geo_optimistic,125,125,battery,WECC_PNW,0.0,0.0,0.0,0.0,0.0,0.0,0.0
geo_optimistic,126,126,nuclear,WECC_PNW,0.0,0.0,0.0,0.0,0.0,0.0,0.0
geo_optimistic,127,127,naturalgas_ccs100,WECC_PNW,0.0,0.0,0.0,0.0,0.0,0.0,0.0
geo_optimistic,128,128,naturalgas_ccccsavgcf,WECC_WYCO,0.0,0.0,0.0,0.0,0.0,0.0,0.0
geo_optimistic,129,129,new_onshore_wind,WECC_WYCO,0.0,0.0,0.0,0.0,0.0,0.0,0.0
geo_optimistic,130,130,new_onshore_wind,WECC_WYCO,0.0,0.0,0.0,0.0,0.0,0.0,0.0
geo_optimistic,131,131,new_onshore_wind,WECC_WYCO,0.0,0.0,0.0,0.0,0.0,0.0,0.0
geo_optimistic,132,132,new_onshore_wind,WECC_WYCO,0.0,0.0,0.0,0.0,0.0,0.0,0.0
geo_optimistic,133,133,new_onshore_wind,WECC_WYCO,0.0,0.0,0.0,0.0,0.0,0.0,0.0
geo_optimistic,134,134,new_onshore_wind,WECC_WYCO,0.0,0.0,0.0,0.0,0.0,0.0,0.0
geo_optimistic,135,135,new_onshore_wind,WECC_WYCO,0.0,0.0,0.0,0.0,0.0,0.0,0.0
geo_optimistic,136,136,new_utility_pv,WECC_WYCO,0.0,0.0,0.0,0.0,0.0,0.0,0.0
geo_optimistic,137,137,new_utility_pv,WECC_WYCO,14675.7,0.0,14675.7,0.0,104561.96819813302,0.8133375402544957,9.009139868351648
geo_optimistic,138,138,new_utility_pv,WECC_WYCO,0.0,0.0,0.0,0.0,0.0,0.0,0.0
geo_optimistic,139,139,new_utility_pv,WECC_WYCO,0.0,0.0,0.0,0.0,0.0,0.0,0.0
geo_optimistic,140,140,new_utility_pv,WECC_WYCO,0.0,0.0,0.0,0.0,0.0,0.0,0.0
geo_optimistic,141,141,battery,WECC_WYCO,0.0,0.0,0.0,0.0,0.0,0.0,0.0
geo_optimistic,142,142,nuclear,WECC_WYCO,0.0,0.0,0.0,0.0,0.0,0.0,0.0
geo_optimistic,143,143,naturalgas_ccs100,WECC_WYCO,0.0,0.0,0.0,0.0,0.0,0.0,0.0
geo_optimistic,144,156,new_biogas_CCGT,CA_N,0.0,0.0,0.0,0.0,0.0,0.0,0.0
geo_optimistic,145,157,new_biogas_CCGT,CA_S,0.0,0.0,0.0,0.0,0.0,0.0,0.0
geo_optimistic,146,158,new_biogas_CCGT,WECC_N,0.0,0.0,0.0,0.0,0.0,0.0,0.0
geo_optimistic,147,159,new_biogas_CCGT,WECC_NMAZ,0.0,0.0,0.0,0.0,0.0,0.0,0.0
geo_optimistic,148,160,new_biogas_CCGT,WECC_PNW,0.0,0.0,0.0,0.0,0.0,0.0,0.0
geo_optimistic,149,161,new_biogas_CCGT,WECC_WYCO,0.0,0.0,0.0,0.0,0.0,0.0,0.0
geo_optimistic,150,162,biomass,WECC_PNW,0.0,28.4,0.0,28.4,0.0,0.0,0.0
geo_optimistic,151,163,biomass,WECC_PNW,0.0,74.43,0.0,74.43,0.0,0.0,0.0
geo_optimistic,152,164,conventional_hydroelectric,WECC_PNW,29850.0,29850.0,0.0,0.0,224429.4990347996,0.8582849522911346,19.33701882463898
geo_optimistic,153,165,geothermal,WECC_PNW,14.49,14.49,0.0,0.0,61.654604680542334,0.48572787310838156,0.005312208316913184
geo_optimistic,154,166,geothermal,WECC_PNW,1.17,1.17,0.0,0.0,7.69849135714302,0.7511309523809683,0.000663307956104791
geo_optimistic,155,167,hydroelectric_pumped_storage,WECC_PNW,214.0,214.0,0.0,0.0,771.3033678650903,0.4114407928269376,0.06645609337479318
geo_optimistic,156,168,hydroelectric_pumped_storage,WECC_PNW,100.0,100.0,0.0,0.0,353.4618160931875,0.40349522385067066,0.030454542834073887
geo_optimistic,157,169,nuclear,WECC_PNW,1163.0,1163.0,0.0,0.0,40.45383241758241,0.003970780222929835,0.003485533418520382
geo_optimistic,158,170,onshore_wind_turbine,WECC_PNW,5254.0,5254.0,0.0,0.0,19274.119497461816,0.41877463870670867,1.6606730093576942
geo_optimistic,159,171,solar_photovoltaic,WECC_PNW,209.9,209.9,0.0,0.0,1076.2938536876247,0.5853482380648889,0.09273430898838177
nuc_pessimistic,1,1,biomass,CA_N,36.72,36.72,0.0,0.0,135.93510061318204,0.42259546703295214,0.011712273167257361
nuc_pessimistic,2,2,biomass,CA_N,0.0,33.06,0.0,33.06,0.0,0.0,0.0
nuc_pessimistic,3,3,conventional_hydroelectric,CA_N,0.0,6607.44,0.0,6607.44,0.0,0.0,0.0
nuc_pessimistic,4,4,geothermal,CA_N,0.0,542.55,0.0,542.55,0.0,0.0,0.0
nuc_pessimistic,5,5,geothermal,CA_N,0.0,100.32,0.0,100.32,0.0,0.0,0.0
nuc_pessimistic,6,6,hydroelectric_pumped_storage,CA_N,615.15,615.15,0.0,0.0,1051.2017028041812,0.19507468809890102,0.09057234990514827
nuc_pessimistic,7,7,hydroelectric_pumped_storage,CA_N,1175.8,1175.8,0.0,0.0,1884.1801484114487,0.18292996941472753,0.16234241557164375
nuc_pessimistic,8,8,onshore_wind_turbine,CA_N,1327.6,1327.6,0.0,0.0,1176.9300776221983,0.101199720237277,0.10140520370156601
nuc_pessimistic,9,9,small_hydroelectric,CA_N,231.4,231.4,0.0,0.0,1337.9563838237025,0.6600464434392316,0.11527935450469975
nuc_pessimistic,10,10,small_hydroelectric,CA_N,1.95,1.95,0.0,0.0,9.518678571428612,0.5572344322344346,0.0008201366910900708
nuc_pessimistic,11,11,solar_photovoltaic,CA_N,2787.1,2787.1,0.0,0.0,3194.500372066847,0.13084173235444507,0.2752406171899648
nuc_pessimistic,12,12,biomass,CA_S,0.0,67.2,0.0,67.2,0.0,0.0,0.0
nuc_pessimistic,13,13,biomass,CA_S,0.0,38.1,0.0,38.1,0.0,0.0,0.0
nuc_pessimistic,14,14,conventional_hydroelectric,CA_S,0.0,1396.0,0.0,1396.0,0.0,0.0,0.0
nuc_pessimistic,15,15,geothermal,CA_S,0.0,535.15,0.0,535.15,0.0,0.0,0.0
nuc_pessimistic,16,16,geothermal,CA_S,0.0,73.02,0.0,73.02,0.0,0.0,0.0
nuc_pessimistic,17,17,hydroelectric_pumped_storage,CA_S,1623.0,1623.0,0.0,0.0,2383.821359467183,0.1676683462517396,0.20539188787943533
nuc_pessimistic,18,18,hydroelectric_pumped_storage,CA_S,42.0,42.0,0.0,0.0,88.15433195769158,0.2396019024725255,0.0075954452684272025
nuc_pessimistic,19,19,onshore_wind_turbine,CA_S,4735.6,4735.6,0.0,0.0,8300.089724990721,0.20007999557685094,0.7151421357200977
nuc_pessimistic,20,20,small_hydroelectric,CA_S,126.44,126.44,0.0,0.0,935.2052621388283,0.8443419137010393,0.08057800706526497
nuc_pessimistic,21,21,small_hydroelectric,CA_S,7.0,7.0,0.0,0.0,26.43614278846134,0.43111778846153526,0.002277758462901777
nuc_pessimistic,22,22,solar_photovoltaic,CA_S,9520.0,9520.0,0.0,0.0,11689.483990228922,0.14016974586341807,1.0071749611414649
nuc_pessimistic,23,23,biomass,WECC_N,6.24,6.24,0.0,0.0,20.46332245714287,0.37435828754578776,0.0017631356540481914
nuc_pessimistic,24,24,biomass,WECC_N,0.0,13.8,0.0,13.8,0.0,0.0,0.0
nuc_pessimistic,25,25,conventional_hydroelectric,WECC_N,0.0,4648.1,0.0,4648.1,0.0,0.0,0.0
nuc_pessimistic,26,26,geothermal,WECC_N,0.0,165.24,0.0,165.24,0.0,0.0,0.0
nuc_pessimistic,27,27,geothermal,WECC_N,0.0,215.16,0.0,215.16,0.0,0.0,0.0
nuc_pessimistic,28,28,onshore_wind_turbine,WECC_N,3893.9,3893.9,0.0,0.0,3855.6040092098324,0.11303254936534711,0.3322018167267912
nuc_pessimistic,29,29,solar_photovoltaic,WECC_N,1185.7,1185.7,0.0,0.0,1018.0746593983712,0.09801684104281994,0.08771809828182021
nuc_pessimistic,30,30,biomass,WECC_NMAZ,0.0,3.54,0.0,3.54,0.0,0.0,0.0
nuc_pessimistic,31,31,biomass,WECC_NMAZ,0.0,11.4,0.0,11.4,0.0,0.0,0.0
nuc_pessimistic,32,32,conventional_hydroelectric,WECC_NMAZ,0.0,3960.0,0.0,3960.0,0.0,0.0,0.0
nuc_pessimistic,33,33,geothermal,WECC_NMAZ,0.0,0.68,0.0,0.68,0.0,0.0,0.0
nuc_pessimistic,34,34,geothermal,WECC_NMAZ,0.0,2.66,0.0,2.66,0.0,0.0,0.0
nuc_pessimistic,35,35,hydroelectric_pumped_storage,WECC_NMAZ,119.0,119.0,0.0,0.0,252.36338861309818,0.2420891261013566,0.02174382430673468
nuc_pessimistic,36,36,hydroelectric_pumped_storage,WECC_NMAZ,97.3,97.3,0.0,0.0,208.94553580316085,0.24514111114610565,0.018002908603933148
nuc_pessimistic,37,37,nuclear,WECC_NMAZ,4002.99,4002.99,0.0,0.0,38.275628084116214,0.0010915250691465497,0.003297857652271779
nuc_pessimistic,38,38,onshore_wind_turbine,WECC_NMAZ,0.0,1235.1,0.0,1235.1,0.0,0.0,0.0
nuc_pessimistic,39,39,solar_photovoltaic,WECC_NMAZ,6266.4,6266.4,0.0,0.0,8175.346326102292,0.14893060018916374,0.7043941482098595
nuc_pessimistic,40,40,biomass,WECC_WYCO,0.0,4.8,0.0,4.8,0.0,0.0,0.0
nuc_pessimistic,41,41,biomass,WECC_WYCO,0.0,8.04,0.0,8.04,0.0,0.0,0.0
nuc_pessimistic,42,42,conventional_hydroelectric,WECC_WYCO,0.0,961.87,0.0,961.87,0.0,0.0,0.0
nuc_pessimistic,43,43,hydroelectric_pumped_storage,WECC_WYCO,324.0,324.0,0.0,0.0,1123.68479201414,0.39590901122320166,0.09681754880524307
nuc_pessimistic,44,44,hydroelectric_pumped_storage,WECC_WYCO,238.5,238.5,0.0,0.0,962.4226277766329,0.4606523973926811,0.08292307629172035
nuc_pessimistic,45,45,onshore_wind_turbine,WECC_WYCO,5751.7,5751.7,0.0,0.0,24548.827768873995,0.48722596783325434,2.1151459444105
nuc_pessimistic,46,46,solar_photovoltaic,WECC_WYCO,593.1,593.1,0.0,0.0,862.0242468000956,0.16591568771467302,0.07427267431133922
nuc_pessimistic,47,47,naturalgas_ccccsavgcf,CA_N,0.0,0.0,0.0,0.0,0.0,0.0,0.0
nuc_pessimistic,48,48,new_onshore_wind,CA_N,0.0,0.0,0.0,0.0,0.0,0.0,0.0
nuc_pessimistic,49,49,new_floating_offshore_wind,CA_N,0.0,0.0,0.0,0.0,0.0,0.0,0.0
nuc_pessimistic,50,50,new_floating_offshore_wind,CA_N,0.0,0.0,0.0,0.0,0.0,0.0,0.0
nuc_pessimistic,51,51,new_floating_offshore_wind,CA_N,0.0,0.0,0.0,0.0,0.0,0.0,0.0
nuc_pessimistic,52,52,new_floating_offshore_wind,CA_N,0.0,0.0,0.0,0.0,0.0,0.0,0.0
nuc_pessimistic,53,53,new_floating_offshore_wind,CA_N,0.0,0.0,0.0,0.0,0.0,0.0,0.0
nuc_pessimistic,54,54,new_utility_pv,CA_N,0.0,0.0,0.0,0.0,0.0,0.0,0.0
nuc_pessimistic,55,55,new_utility_pv,CA_N,0.0,0.0,0.0,0.0,0.0,0.0,0.0
nuc_pessimistic,56,56,new_utility_pv,CA_N,0.0,0.0,0.0,0.0,0.0,0.0,0.0
nuc_pessimistic,57,57,new_utility_pv,CA_N,22627.691159999995,0.0,22627.691159999995,0.0,176363.64752910106,0.8897432943363888,15.195627967442102
nuc_pessimistic,58,58,battery,CA_N,23276.211390000004,0.0,23276.211390000004,0.0,25686.82166973095,0.12597778605826665,2.2131963770756964
nuc_pessimistic,59,59,nuclear,CA_N,0.0,0.0,0.0,0.0,0.0,0.0,0.0
nuc_pessimistic,60,60,naturalgas_ccs100,CA_N,0.0,0.0,0.0,0.0,0.0,0.0,0.0
nuc_pessimistic,61,61,naturalgas_ccccsavgcf,CA_S,0.0,0.0,0.0,0.0,0.0,0.0,0.0
nuc_pessimistic,62,62,new_onshore_wind,CA_S,0.0,0.0,0.0,0.0,0.0,0.0,0.0
nuc_pessimistic,63,63,new_onshore_wind,CA_S,0.0,0.0,0.0,0.0,0.0,0.0,0.0
nuc_pessimistic,64,64,new_onshore_wind,CA_S,0.0,0.0,0.0,0.0,0.0,0.0,0.0
nuc_pessimistic,65,65,new_utility_pv,CA_S,0.0,0.0,0.0,0.0,0.0,0.0,0.0
nuc_pessimistic,66,66,new_utility_pv,CA_S,0.0,0.0,0.0,0.0,0.0,0.0,0.0
nuc_pessimistic,67,67,new_utility_pv,CA_S,0.0,0.0,0.0,0.0,0.0,0.0,0.0
nuc_pessimistic,68,68,new_utility_pv,CA_S,0.0,0.0,0.0,0.0,0.0,0.0,0.0
nuc_pessimistic,69,69,new_utility_pv,CA_S,20451.59,0.0,20451.59,0.0,106784.56504080561,0.5960425981683876,9.200640527450293
nuc_pessimistic,70,70,new_utility_pv,CA_S,20451.59,0.0,20451.59,0.0,105422.33675599263,0.5884390078380047,9.083269887226212
nuc_pessimistic,71,71,new_utility_pv,CA_S,0.0,0.0,0.0,0.0,0.0,0.0,0.0
nuc_pessimistic,72,72,new_utility_pv,CA_S,0.0,0.0,0.0,0.0,0.0,0.0,0.0
nuc_pessimistic,73,73,new_utility_pv,CA_S,0.0,0.0,0.0,0.0,0.0,0.0,0.0
nuc_pessimistic,74,74,new_utility_pv,CA_S,0.0,0.0,0.0,0.0,0.0,0.0,0.0
nuc_pessimistic,75,75,battery,CA_S,0.0,0.0,0.0,0.0,0.0,0.0,0.0
nuc_pessimistic,76,76,nuclear,CA_S,0.0,0.0,0.0,0.0,0.0,0.0,0.0
nuc_pessimistic,77,77,naturalgas_ccs100,CA_S,0.0,0.0,0.0,0.0,0.0,0.0,0.0
nuc_pessimistic,78,78,naturalgas_ccccsavgcf,WECC_N,0.0,0.0,0.0,0.0,0.0,0.0,0.0
nuc_pessimistic,79,79,new_onshore_wind,WECC_N,0.0,0.0,0.0,0.0,0.0,0.0,0.0
nuc_pessimistic,80,80,new_onshore_wind,WECC_N,0.0,0.0,0.0,0.0,0.0,0.0,0.0
nuc_pessimistic,81,81,new_onshore_wind,WECC_N,0.0,0.0,0.0,0.0,0.0,0.0,0.0
nuc_pessimistic,82,82,new_onshore_wind,WECC_N,0.0,0.0,0.0,0.0,0.0,0.0,0.0
nuc_pessimistic,83,83,new_onshore_wind,WECC_N,0.0,0.0,0.0,0.0,0.0,0.0,0.0
nuc_pessimistic,84,84,new_onshore_wind,WECC_N,0.0,0.0,0.0,0.0,0.0,0.0,0.0
nuc_pessimistic,85,85,new_utility_pv,WECC_N,0.0,0.0,0.0,0.0,0.0,0.0,0.0
nuc_pessimistic,86,86,new_utility_pv,WECC_N,27480.60506924621,0.0,27480.60506924621,0.0,179985.44949269568,0.7476649126498828,15.50768521949828
nuc_pessimistic,87,87,new_utility_pv,WECC_N,0.0,0.0,0.0,0.0,0.0,0.0,0.0
nuc_pessimistic,88,88,new_utility_pv,WECC_N,0.0,0.0,0.0,0.0,0.0,0.0,0.0
nuc_pessimistic,89,89,new_utility_pv,WECC_N,0.0,0.0,0.0,0.0,0.0,0.0,0.0
nuc_pessimistic,90,90,new_utility_pv,WECC_N,0.0,0.0,0.0,0.0,0.0,0.0,0.0
nuc_pessimistic,91,91,new_utility_pv,WECC_N,0.0,0.0,0.0,0.0,0.0,0.0,0.0
nuc_pessimistic,92,92,new_utility_pv,WECC_N,0.0,0.0,0.0,0.0,0.0,0.0,0.0
nuc_pessimistic,93,93,battery,WECC_N,0.0,0.0,0.0,0.0,0.0,0.0,0.0
nuc_pessimistic,94,94,nuclear,WECC_N,0.0,0.0,0.0,0.0,0.0,0.0,0.0
nuc_pessimistic,95,95,naturalgas_ccs100,WECC_N,0.0,0.0,0.0,0.0,0.0,0.0,0.0
nuc_pessimistic,96,96,naturalgas_ccccsavgcf,WECC_NMAZ,0.0,0.0,0.0,0.0,0.0,0.0,0.0
nuc_pessimistic,97,97,new_onshore_wind,WECC_NMAZ,0.0,0.0,0.0,0.0,0.0,0.0,0.0
nuc_pessimistic,98,98,new_onshore_wind,WECC_NMAZ,0.0,0.0,0.0,0.0,0.0,0.0,0.0
nuc_pessimistic,99,99,new_onshore_wind,WECC_NMAZ,0.0,0.0,0.0,0.0,0.0,0.0,0.0
nuc_pessimistic,100,100,new_onshore_wind,WECC_NMAZ,0.0,0.0,0.0,0.0,0.0,0.0,0.0
nuc_pessimistic,101,101,new_onshore_wind,WECC_NMAZ,0.0,0.0,0.0,0.0,0.0,0.0,0.0
nuc_pessimistic,102,102,new_onshore_wind,WECC_NMAZ,0.0,0.0,0.0,0.0,0.0,0.0,0.0
nuc_pessimistic,103,103,new_onshore_wind,WECC_NMAZ,0.0,0.0,0.0,0.0,0.0,0.0,0.0
nuc_pessimistic,104,104,new_utility_pv,WECC_NMAZ,41235.9608820632,0.0,41235.9608820632,0.0,212570.6386146083,0.588468271802199,18.315250259587522
nuc_pessimistic,105,105,new_utility_pv,WECC_NMAZ,0.0,0.0,0.0,0.0,0.0,0.0,0.0
nuc_pessimistic,106,106,new_utility_pv,WECC_NMAZ,0.0,0.0,0.0,0.0,0.0,0.0,0.0
nuc_pessimistic,107,107,new_utility_pv,WECC_NMAZ,0.0,0.0,0.0,0.0,0.0,0.0,0.0
nuc_pessimistic,108,108,new_utility_pv,WECC_NMAZ,0.0,0.0,0.0,0.0,0.0,0.0,0.0
nuc_pessimistic,109,109,new_utility_pv,WECC_NMAZ,0.0,0.0,0.0,0.0,0.0,0.0,0.0
nuc_pessimistic,110,110,new_utility_pv,WECC_NMAZ,0.0,0.0,0.0,0.0,0.0,0.0,0.0
nuc_pessimistic,111,111,new_utility_pv,WECC_NMAZ,0.0,0.0,0.0,0.0,0.0,0.0,0.0
nuc_pessimistic,112,112,new_utility_pv,WECC_NMAZ,0.0,0.0,0.0,0.0,0.0,0.0,0.0
nuc_pessimistic,113,113,new_utility_pv,WECC_NMAZ,0.0,0.0,0.0,0.0,0.0,0.0,0.0
nuc_pessimistic,114,114,new_utility_pv,WECC_NMAZ,0.0,0.0,0.0,0.0,0.0,0.0,0.0
nuc_pessimistic,115,115,new_utility_pv,WECC_NMAZ,0.0,0.0,0.0,0.0,0.0,0.0,0.0
nuc_pessimistic,116,116,battery,WECC_NMAZ,0.0,0.0,0.0,0.0,0.0,0.0,0.0
nuc_pessimistic,117,117,nuclear,WECC_NMAZ,0.0,0.0,0.0,0.0,0.0,0.0,0.0
nuc_pessimistic,118,118,naturalgas_ccs100,WECC_NMAZ,0.0,0.0,0.0,0.0,0.0,0.0,0.0
nuc_pessimistic,119,119,naturalgas_ccccsavgcf,WECC_PNW,0.0,0.0,0.0,0.0,0.0,0.0,0.0
nuc_pessimistic,120,120,new_onshore_wind,WECC_PNW,0.0,0.0,0.0,0.0,0.0,0.0,0.0
nuc_pessimistic,121,121,new_floating_offshore_wind,WECC_PNW,0.0,0.0,0.0,0.0,0.0,0.0,0.0
nuc_pessimistic,122,122,new_floating_offshore_wind,WECC_PNW,0.0,0.0,0.0,0.0,0.0,0.0,0.0
nuc_pessimistic,123,123,new_floating_offshore_wind,WECC_PNW,0.0,0.0,0.0,0.0,0.0,0.0,0.0
nuc_pessimistic,124,124,new_utility_pv,WECC_PNW,0.0,0.0,0.0,0.0,0.0,0.0,0.0
nuc_pessimistic,125,125,battery,WECC_PNW,0.0,0.0,0.0,0.0,0.0,0.0,0.0
nuc_pessimistic,126,126,nuclear,WECC_PNW,0.0,0.0,0.0,0.0,0.0,0.0,0.0
nuc_pessimistic,127,127,naturalgas_ccs100,WECC_PNW,0.0,0.0,0.0,0.0,0.0,0.0,0.0
nuc_pessimistic,128,128,naturalgas_ccccsavgcf,WECC_WYCO,0.0,0.0,0.0,0.0,0.0,0.0,0.0
nuc_pessimistic,129,129,new_onshore_wind,WECC_WYCO,0.0,0.0,0.0,0.0,0.0,0.0,0.0
nuc_pessimistic,130,130,new_onshore_wind,WECC_WYCO,0.0,0.0,0.0,0.0,0.0,0.0,0.0
nuc_pessimistic,131,131,new_onshore_wind,WECC_WYCO,0.0,0.0,0.0,0.0,0.0,0.0,0.0
nuc_pessimistic,132,132,new_onshore_wind,WECC_WYCO,0.0,0.0,0.0,0.0,0.0,0.0,0.0
nuc_pessimistic,133,133,new_onshore_wind,WECC_WYCO,0.0,0.0,0.0,0.0,0.0,0.0,0.0
nuc_pessimistic,134,134,new_onshore_wind,WECC_WYCO,0.0,0.0,0.0,0.0,0.0,0.0,0.0
nuc_pessimistic,135,135,new_onshore_wind,WECC_WYCO,0.0,0.0,0.0,0.0,0.0,0.0,0.0
nuc_pessimistic,136,136,new_utility_pv,WECC_WYCO,0.0,0.0,0.0,0.0,0.0,0.0,0.0
nuc_pessimistic,137,137,new_utility_pv,WECC_WYCO,14675.7,0.0,14675.7,0.0,82602.04624322747,0.6425218104554989,7.117056046680024
nuc_pessimistic,138,138,new_utility_pv,WECC_WYCO,0.0,0.0,0.0,0.0,0.0,0.0,0.0
nuc_pessimistic,139,139,new_utility_pv,WECC_WYCO,0.0,0.0,0.0,0.0,0.0,0.0,0.0
nuc_pessimistic,140,140,new_utility_pv,WECC_WYCO,0.0,0.0,0.0,0.0,0.0,0.0,0.0
nuc_pessimistic,141,141,battery,WECC_WYCO,0.0,0.0,0.0,0.0,0.0,0.0,0.0
nuc_pessimistic,142,142,nuclear,WECC_WYCO,0.0,0.0,0.0,0.0,0.0,0.0,0.0
nuc_pessimistic,143,143,naturalgas_ccs100,WECC_WYCO,0.0,0.0,0.0,0.0,0.0,0.0,0.0
nuc_pessimistic,144,156,new_biogas_CCGT,CA_N,0.0,0.0,0.0,0.0,0.0,0.0,0.0
nuc_pessimistic,145,157,new_biogas_CCGT,CA_S,0.0,0.0,0.0,0.0,0.0,0.0,0.0
nuc_pessimistic,146,158,new_biogas_CCGT,WECC_N,0.0,0.0,0.0,0.0,0.0,0.0,0.0
nuc_pessimistic,147,159,new_biogas_CCGT,WECC_NMAZ,0.0,0.0,0.0,0.0,0.0,0.0,0.0
nuc_pessimistic,148,160,new_biogas_CCGT,WECC_PNW,0.0,0.0,0.0,0.0,0.0,0.0,0.0
nuc_pessimistic,149,161,new_biogas_CCGT,WECC_WYCO,0.0,0.0,0.0,0.0,0.0,0.0,0.0
nuc_pessimistic,150,162,biomass,WECC_PNW,0.0,28.4,0.0,28.4,0.0,0.0,0.0
nuc_pessimistic,151,163,biomass,WECC_PNW,0.0,74.43,0.0,74.43,0.0,0.0,0.0
nuc_pessimistic,152,164,conventional_hydroelectric,WECC_PNW,29850.0,29850.0,0.0,0.0,219734.9024789537,0.840331423016734,18.93252876266009
nuc_pessimistic,153,165,geothermal,WECC_PNW,14.49,14.49,0.0,0.0,86.07255227170133,0.6780975721856777,0.0074160775242141175
nuc_pessimistic,154,166,geothermal,WECC_PNW,1.17,1.17,0.0,0.0,7.595747116071581,0.7411063415751066,0.0006544554330083793
nuc_pessimistic,155,167,hydroelectric_pumped_storage,WECC_PNW,214.0,214.0,0.0,0.0,715.5044422785563,0.38167565094021055,0.06164841488733136
nuc_pessimistic,156,168,hydroelectric_pumped_storage,WECC_PNW,100.0,100.0,0.0,0.0,215.86416680762352,0.24642028174386246,0.01859902319024821
nuc_pessimistic,157,169,nuclear,WECC_PNW,1163.0,1163.0,0.0,0.0,39.287637362637355,0.003856311358460971,0.003385053152656683
nuc_pessimistic,158,170,onshore_wind_turbine,WECC_PNW,5254.0,5254.0,0.0,0.0,17695.36055698242,0.38447246448851363,1.5246459207489749
nuc_pessimistic,159,171,solar_photovoltaic,WECC_PNW,209.9,209.9,0.0,0.0,1628.6594298290684,0.8857552464802049,0.1403265532783067
nuc_moderate,1,1,biomass,CA_N,36.72,36.72,0.0,0.0,135.93510061318204,0.42259546703295214,0.011712273167257361
nuc_moderate,2,2,biomass,CA_N,0.0,33.06,0.0,33.06,0.0,0.0,0.0
nuc_moderate,3,3,conventional_hydroelectric,CA_N,0.0,6607.44,0.0,6607.44,0.0,0.0,0.0
nuc_moderate,4,4,geothermal,CA_N,0.0,542.55,0.0,542.55,0.0,0.0,0.0
nuc_moderate,5,5,geothermal,CA_N,0.0,100.32,0.0,100.32,0.0,0.0,0.0
nuc_moderate,6,6,hydroelectric_pumped_storage,CA_N,615.15,615.15,0.0,0.0,1293.0050495690716,0.23994686850500352,0.11140631285726617
nuc_moderate,7,7,hydroelectric_pumped_storage,CA_N,1175.8,1175.8,0.0,0.0,2009.8081609165206,0.19512685435938695,0.17316662207373051
nuc_moderate,8,8,onshore_wind_turbine,CA_N,1327.6,1327.6,0.0,0.0,299.65941794670357,0.02576656832828969,0.025818886691527484
nuc_moderate,9,9,small_hydroelectric,CA_N,231.4,231.4,0.0,0.0,1861.9277773595145,0.9185342827653762,0.16042513411009496
nuc_moderate,10,10,small_hydroelectric,CA_N,1.95,1.95,0.0,0.0,12.674949285134455,0.7420061635133155,0.001092083411414581
nuc_moderate,11,11,solar_photovoltaic,CA_N,2787.1,2787.1,0.0,0.0,260.61182030714286,0.010674252017372555,0.022454515546644984
nuc_moderate,12,12,biomass,CA_S,0.0,67.2,0.0,67.2,0.0,0.0,0.0
nuc_moderate,13,13,biomass,CA_S,0.0,38.1,0.0,38.1,0.0,0.0,0.0
nuc_moderate,14,14,conventional_hydroelectric,CA_S,0.0,1396.0,0.0,1396.0,0.0,0.0,0.0
nuc_moderate,15,15,geothermal,CA_S,0.0,535.15,0.0,535.15,0.0,0.0,0.0
nuc_moderate,16,16,geothermal,CA_S,0.0,73.02,0.0,73.02,0.0,0.0,0.0
nuc_moderate,17,17,hydroelectric_pumped_storage,CA_S,1623.0,1623.0,0.0,0.0,2726.30962613865,0.1917575847575414,0.23490094122726302
nuc_moderate,18,18,hydroelectric_pumped_storage,CA_S,42.0,42.0,0.0,0.0,139.45954352115234,0.3790485527319861,0.012015941887950889
nuc_moderate,19,19,onshore_wind_turbine,CA_S,4735.6,4735.6,0.0,0.0,2342.060243494181,0.0564571491014283,0.2017937179009752
nuc_moderate,20,20,small_hydroelectric,CA_S,126.44,126.44,0.0,0.0,727.5707710452558,0.6568809244853225,0.06268805908521718
nuc_moderate,21,21,small_hydroelectric,CA_S,7.0,7.0,0.0,0.0,44.10028269230725,0.7191826923076851,0.0037997143880841504
nuc_moderate,22,22,solar_photovoltaic,CA_S,9520.0,9520.0,0.0,0.0,7267.884246481764,0.08714991086395577,0.626206515159236
nuc_moderate,23,23,biomass,WECC_N,6.24,6.24,0.0,0.0,20.46332245714287,0.37435828754578776,0.0017631356540481914
nuc_moderate,24,24,biomass,WECC_N,0.0,13.8,0.0,13.8,0.0,0.0,0.0
nuc_moderate,25,25,conventional_hydroelectric,WECC_N,0.0,4648.1,0.0,4648.1,0.0,0.0,0.0
nuc_moderate,26,26,geothermal,WECC_N,0.0,165.24,0.0,165.24,0.0,0.0,0.0
nuc_moderate,27,27,geothermal,WECC_N,0.0,215.16,0.0,215.16,0.0,0.0,0.0
nuc_moderate,28,28,onshore_wind_turbine,WECC_N,3893.9,3893.9,0.0,0.0,2529.0857231860055,0.07414376740255615,0.21790797755508232
nuc_moderate,29,29,solar_photovoltaic,WECC_N,1185.7,1185.7,0.0,0.0,148.50068066931257,0.014297151468749995,0.012794933241502897
nuc_moderate,30,30,biomass,WECC_NMAZ,0.0,3.54,0.0,3.54,0.0,0.0,0.0
nuc_moderate,31,31,biomass,WECC_NMAZ,0.0,11.4,0.0,11.4,0.0,0.0,0.0
nuc_moderate,32,32,conventional_hydroelectric,WECC_NMAZ,0.0,3960.0,0.0,3960.0,0.0,0.0,0.0
nuc_moderate,33,33,geothermal,WECC_NMAZ,0.0,0.68,0.0,0.68,0.0,0.0,0.0
nuc_moderate,34,34,geothermal,WECC_NMAZ,0.0,2.66,0.0,2.66,0.0,0.0,0.0
nuc_moderate,35,35,hydroelectric_pumped_storage,WECC_NMAZ,119.0,119.0,0.0,0.0,335.5951936527218,0.3219323833052471,0.02891514085728459
nuc_moderate,36,36,hydroelectric_pumped_storage,WECC_NMAZ,97.3,97.3,0.0,0.0,249.05558463910418,0.2921994122577916,0.02145882136376852
nuc_moderate,37,37,nuclear,WECC_NMAZ,4002.99,4002.99,0.0,0.0,38.49121874345673,0.0010976731749026943,0.0033164331098476003
nuc_moderate,38,38,onshore_wind_turbine,WECC_NMAZ,0.0,1235.1,0.0,1235.1,0.0,0.0,0.0
nuc_moderate,39,39,solar_photovoltaic,WECC_NMAZ,6266.4,6266.4,0.0,0.0,1712.130764474057,0.031189952349948022,0.1475185078844951
nuc_moderate,40,40,biomass,WECC_WYCO,0.0,4.8,0.0,4.8,0.0,0.0,0.0
nuc_moderate,41,41,biomass,WECC_WYCO,0.0,8.04,0.0,8.04,0.0,0.0,0.0
nuc_moderate,42,42,conventional_hydroelectric,WECC_WYCO,0.0,961.87,0.0,961.87,0.0,0.0,0.0
nuc_moderate,43,43,hydroelectric_pumped_storage,WECC_WYCO,324.0,324.0,0.0,0.0,640.9585922775301,0.225829595903634,0.055225486925686525
nuc_moderate,44,44,hydroelectric_pumped_storage,WECC_WYCO,238.5,238.5,0.0,0.0,513.0179517826622,0.2455500759994745,0.04420202261138969
nuc_moderate,45,45,onshore_wind_turbine,WECC_WYCO,5751.7,5751.7,0.0,0.0,24889.367684771078,0.4939847382181761,2.144487126352103
nuc_moderate,46,46,solar_photovoltaic,WECC_WYCO,593.1,593.1,0.0,0.0,258.79225035267206,0.04981030910891386,0.022297739995241678
nuc_moderate,47,47,naturalgas_ccccsavgcf,CA_N,0.0,0.0,0.0,0.0,0.0,0.0,0.0
nuc_moderate,48,48,new_onshore_wind,CA_N,0.0,0.0,0.0,0.0,0.0,0.0,0.0
nuc_moderate,49,49,new_floating_offshore_wind,CA_N,0.0,0.0,0.0,0.0,0.0,0.0,0.0
nuc_moderate,50,50,new_floating_offshore_wind,CA_N,0.0,0.0,0.0,0.0,0.0,0.0,0.0
nuc_moderate,51,51,new_floating_offshore_wind,CA_N,0.0,0.0,0.0,0.0,0.0,0.0,0.0
nuc_moderate,52,52,new_floating_offshore_wind,CA_N,0.0,0.0,0.0,0.0,7.258553857346906e-13,7.258553857346906e-10,6.254026016313e-17
nuc_moderate,53,53,new_floating_offshore_wind,CA_N,0.0,0.0,0.0,0.0,0.0,0.0,0.0
nuc_moderate,54,54,new_utility_pv,CA_N,0.0,0.0,0.0,0.0,0.0,0.0,0.0
nuc_moderate,55,55,new_utility_pv,CA_N,0.0,0.0,0.0,0.0,0.0,0.0,0.0
nuc_moderate,56,56,new_utility_pv,CA_N,0.0,0.0,0.0,0.0,0.0,0.0,0.0
nuc_moderate,57,57,new_utility_pv,CA_N,22627.691159999995,0.0,22627.691159999995,0.0,183647.12219219052,0.92648795703613,15.823177764927078
nuc_moderate,58,58,battery,CA_N,23276.211390000004,0.0,23276.211390000004,0.0,32332.5082963101,0.158570720241324,2.7857938651665393
nuc_moderate,59,59,nuclear,CA_N,0.0,0.0,0.0,0.0,0.0,0.0,0.0
nuc_moderate,60,60,naturalgas_ccs100,CA_N,0.0,0.0,0.0,0.0,0.0,0.0,0.0
nuc_moderate,61,61,naturalgas_ccccsavgcf,CA_S,0.0,0.0,0.0,0.0,0.0,0.0,0.0
nuc_moderate,62,62,new_onshore_wind,CA_S,0.0,0.0,0.0,0.0,0.0,0.0,0.0
nuc_moderate,63,63,new_onshore_wind,CA_S,0.0,0.0,0.0,0.0,0.0,0.0,0.0
nuc_moderate,64,64,new_onshore_wind,CA_S,0.0,0.0,0.0,0.0,0.0,0.0,0.0
nuc_moderate,65,65,new_utility_pv,CA_S,0.0,0.0,0.0,0.0,0.0,0.0,0.0
nuc_moderate,66,66,new_utility_pv,CA_S,0.0,0.0,0.0,0.0,0.0,0.0,0.0
nuc_moderate,67,67,new_utility_pv,CA_S,0.0,0.0,0.0,0.0,0.0,0.0,0.0
nuc_moderate,68,68,new_utility_pv,CA_S,0.0,0.0,0.0,0.0,0.0,0.0,0.0
nuc_moderate,69,69,new_utility_pv,CA_S,20451.59,0.0,20451.59,0.0,127163.06767331998,0.7097898953664766,10.956468039954714
nuc_moderate,70,70,new_utility_pv,CA_S,20451.59,0.0,20451.59,0.0,99841.56482923406,0.5572886463813723,8.6024262714455
nuc_moderate,71,71,new_utility_pv,CA_S,0.0,0.0,0.0,0.0,0.0,0.0,0.0
nuc_moderate,72,72,new_utility_pv,CA_S,0.0,0.0,0.0,0.0,0.0,0.0,0.0
nuc_moderate,73,73,new_utility_pv,CA_S,0.0,0.0,0.0,0.0,0.0,0.0,0.0
nuc_moderate,74,74,new_utility_pv,CA_S,0.0,0.0,0.0,0.0,0.0,0.0,0.0
nuc_moderate,75,75,battery,CA_S,0.0,0.0,0.0,0.0,0.0,0.0,0.0
nuc_moderate,76,76,nuclear,CA_S,0.0,0.0,0.0,0.0,0.0,0.0,0.0
nuc_moderate,77,77,naturalgas_ccs100,CA_S,0.0,0.0,0.0,0.0,0.0,0.0,0.0
nuc_moderate,78,78,naturalgas_ccccsavgcf,WECC_N,0.0,0.0,0.0,0.0,0.0,0.0,0.0
nuc_moderate,79,79,new_onshore_wind,WECC_N,0.0,0.0,0.0,0.0,0.0,0.0,0.0
nuc_moderate,80,80,new_onshore_wind,WECC_N,0.0,0.0,0.0,0.0,0.0,0.0,0.0
nuc_moderate,81,81,new_onshore_wind,WECC_N,0.0,0.0,0.0,0.0,0.0,0.0,0.0
nuc_moderate,82,82,new_onshore_wind,WECC_N,0.0,0.0,0.0,0.0,0.0,0.0,0.0
nuc_moderate,83,83,new_onshore_wind,WECC_N,0.0,0.0,0.0,0.0,0.0,0.0,0.0
nuc_moderate,84,84,new_onshore_wind,WECC_N,0.0,0.0,0.0,0.0,0.0,0.0,0.0
nuc_moderate,85,85,new_utility_pv,WECC_N,0.0,0.0,0.0,0.0,0.0,0.0,0.0
nuc_moderate,86,86,new_utility_pv,WECC_N,27480.605069246205,0.0,27480.605069246205,0.0,149653.21423587872,0.6216639048590609,12.89423642298557
nuc_moderate,87,87,new_utility_pv,WECC_N,0.0,0.0,0.0,0.0,0.0,0.0,0.0
nuc_moderate,88,88,new_utility_pv,WECC_N,0.0,0.0,0.0,0.0,0.0,0.0,0.0
nuc_moderate,89,89,new_utility_pv,WECC_N,0.0,0.0,0.0,0.0,0.0,0.0,0.0
nuc_moderate,90,90,new_utility_pv,WECC_N,0.0,0.0,0.0,0.0,0.0,0.0,0.0
nuc_moderate,91,91,new_utility_pv,WECC_N,0.0,0.0,0.0,0.0,0.0,0.0,0.0
nuc_moderate,92,92,new_utility_pv,WECC_N,0.0,0.0,0.0,0.0,0.0,0.0,0.0
nuc_moderate,93,93,battery,WECC_N,0.0,0.0,0.0,0.0,0.0,0.0,0.0
nuc_moderate,94,94,nuclear,WECC_N,0.0,0.0,0.0,0.0,0.0,0.0,0.0
nuc_moderate,95,95,naturalgas_ccs100,WECC_N,0.0,0.0,0.0,0.0,0.0,0.0,0.0
nuc_moderate,96,96,naturalgas_ccccsavgcf,WECC_NMAZ,0.0,0.0,0.0,0.0,0.0,0.0,0.0
nuc_moderate,97,97,new_onshore_wind,WECC_NMAZ,0.0,0.0,0.0,0.0,0.0,0.0,0.0
nuc_moderate,98,98,new_onshore_wind,WECC_NMAZ,0.0,0.0,0.0,0.0,0.0,0.0,0.0
nuc_moderate,99,99,new_onshore_wind,WECC_NMAZ,0.0,0.0,0.0,0.0,0.0,0.0,0.0
nuc_moderate,100,100,new_onshore_wind,WECC_NMAZ,0.0,0.0,0.0,0.0,0.0,0.0,0.0
nuc_moderate,101,101,new_onshore_wind,WECC_NMAZ,0.0,0.0,0.0,0.0,0.0,0.0,0.0
nuc_moderate,102,102,new_onshore_wind,WECC_NMAZ,0.0,0.0,0.0,0.0,0.0,0.0,0.0
nuc_moderate,103,103,new_onshore_wind,WECC_NMAZ,0.0,0.0,0.0,0.0,0.0,0.0,0.0
nuc_moderate,104,104,new_utility_pv,WECC_NMAZ,41235.9608820632,0.0,41235.9608820632,0.0,217207.37572341482,0.6013043468641336,18.71475510696051
nuc_moderate,105,105,new_utility_pv,WECC_NMAZ,0.0,0.0,0.0,0.0,0.0,0.0,0.0
nuc_moderate,106,106,new_utility_pv,WECC_NMAZ,0.0,0.0,0.0,0.0,0.0,0.0,0.0
nuc_moderate,107,107,new_utility_pv,WECC_NMAZ,0.0,0.0,0.0,0.0,0.0,0.0,0.0
nuc_moderate,108,108,new_utility_pv,WECC_NMAZ,0.0,0.0,0.0,0.0,0.0,0.0,0.0
nuc_moderate,109,109,new_utility_pv,WECC_NMAZ,0.0,0.0,0.0,0.0,0.0,0.0,0.0
nuc_moderate,110,110,new_utility_pv,WECC_NMAZ,0.0,0.0,0.0,0.0,0.0,0.0,0.0
nuc_moderate,111,111,new_utility_pv,WECC_NMAZ,0.0,0.0,0.0,0.0,0.0,0.0,0.0
nuc_moderate,112,112,new_utility_pv,WECC_NMAZ,0.0,0.0,0.0,0.0,0.0,0.0,0.0
nuc_moderate,113,113,new_utility_pv,WECC_NMAZ,0.0,0.0,0.0,0.0,0.0,0.0,0.0
nuc_moderate,114,114,new_utility_pv,WECC_NMAZ,0.0,0.0,0.0,0.0,0.0,0.0,0.0
nuc_moderate,115,115,new_utility_pv,WECC_NMAZ,0.0,0.0,0.0,0.0,0.0,0.0,0.0
nuc_moderate,116,116,battery,WECC_NMAZ,0.0,0.0,0.0,0.0,0.0,0.0,0.0
nuc_moderate,117,117,nuclear,WECC_NMAZ,0.0,0.0,0.0,0.0,0.0,0.0,0.0
nuc_moderate,118,118,naturalgas_ccs100,WECC_NMAZ,0.0,0.0,0.0,0.0,0.0,0.0,0.0
nuc_moderate,119,119,naturalgas_ccccsavgcf,WECC_PNW,0.0,0.0,0.0,0.0,0.0,0.0,0.0
nuc_moderate,120,120,new_onshore_wind,WECC_PNW,0.0,0.0,0.0,0.0,0.0,0.0,0.0
nuc_moderate,121,121,new_floating_offshore_wind,WECC_PNW,0.0,0.0,0.0,0.0,0.0,0.0,0.0
nuc_moderate,122,122,new_floating_offshore_wind,WECC_PNW,0.0,0.0,0.0,0.0,0.0,0.0,0.0
nuc_moderate,123,123,new_floating_offshore_wind,WECC_PNW,0.0,0.0,0.0,0.0,0.0,0.0,0.0
nuc_moderate,124,124,new_utility_pv,WECC_PNW,0.0,0.0,0.0,0.0,0.0,0.0,0.0
nuc_moderate,125,125,battery,WECC_PNW,0.0,0.0,0.0,0.0,0.0,0.0,0.0
nuc_moderate,126,126,nuclear,WECC_PNW,0.0,0.0,0.0,0.0,0.0,0.0,0.0
nuc_moderate,127,127,naturalgas_ccs100,WECC_PNW,0.0,0.0,0.0,0.0,0.0,0.0,0.0
nuc_moderate,128,128,naturalgas_ccccsavgcf,WECC_WYCO,0.0,0.0,0.0,0.0,0.0,0.0,0.0
nuc_moderate,129,129,new_onshore_wind,WECC_WYCO,0.0,0.0,0.0,0.0,0.0,0.0,0.0
nuc_moderate,130,130,new_onshore_wind,WECC_WYCO,0.0,0.0,0.0,0.0,0.0,0.0,0.0
nuc_moderate,131,131,new_onshore_wind,WECC_WYCO,0.0,0.0,0.0,0.0,0.0,0.0,0.0
nuc_moderate,132,132,new_onshore_wind,WECC_WYCO,0.0,0.0,0.0,0.0,0.0,0.0,0.0
nuc_moderate,133,133,new_onshore_wind,WECC_WYCO,0.0,0.0,0.0,0.0,0.0,0.0,0.0
nuc_moderate,134,134,new_onshore_wind,WECC_WYCO,0.0,0.0,0.0,0.0,0.0,0.0,0.0
nuc_moderate,135,135,new_onshore_wind,WECC_WYCO,0.0,0.0,0.0,0.0,0.0,0.0,0.0
nuc_moderate,136,136,new_utility_pv,WECC_WYCO,0.0,0.0,0.0,0.0,0.0,0.0,0.0
nuc_moderate,137,137,new_utility_pv,WECC_WYCO,14675.7,0.0,14675.7,0.0,109792.99255485817,0.8540271768080867,9.459848963605006
nuc_moderate,138,138,new_utility_pv,WECC_WYCO,0.0,0.0,0.0,0.0,0.0,0.0,0.0
nuc_moderate,139,139,new_utility_pv,WECC_WYCO,0.0,0.0,0.0,0.0,0.0,0.0,0.0
nuc_moderate,140,140,new_utility_pv,WECC_WYCO,0.0,0.0,0.0,0.0,0.0,0.0,0.0
nuc_moderate,141,141,battery,WECC_WYCO,0.0,0.0,0.0,0.0,0.0,0.0,0.0
nuc_moderate,142,142,nuclear,WECC_WYCO,0.0,0.0,0.0,0.0,0.0,0.0,0.0
nuc_moderate,143,143,naturalgas_ccs100,WECC_WYCO,0.0,0.0,0.0,0.0,0.0,0.0,0.0
nuc_moderate,144,156,new_biogas_CCGT,CA_N,0.0,0.0,0.0,0.0,0.0,0.0,0.0
nuc_moderate,145,157,new_biogas_CCGT,CA_S,0.0,0.0,0.0,0.0,0.0,0.0,0.0
nuc_moderate,146,158,new_biogas_CCGT,WECC_N,0.0,0.0,0.0,0.0,0.0,0.0,0.0
nuc_moderate,147,159,new_biogas_CCGT,WECC_NMAZ,0.0,0.0,0.0,0.0,0.0,0.0,0.0
nuc_moderate,148,160,new_biogas_CCGT,WECC_PNW,0.0,0.0,0.0,0.0,0.0,0.0,0.0
nuc_moderate,149,161,new_biogas_CCGT,WECC_WYCO,0.0,0.0,0.0,0.0,0.0,0.0,0.0
nuc_moderate,150,162,biomass,WECC_PNW,0.0,28.4,0.0,28.4,0.0,0.0,0.0
nuc_moderate,151,163,biomass,WECC_PNW,0.0,74.43,0.0,74.43,0.0,0.0,0.0
nuc_moderate,152,164,conventional_hydroelectric,WECC_PNW,29850.0,29850.0,0.0,0.0,217464.39638706864,0.8316483344694119,18.73690020567868
nuc_moderate,153,165,geothermal,WECC_PNW,14.49,14.49,0.0,0.0,73.46291484869883,0.5787562107759628,0.0063296214332406965
nuc_moderate,154,166,geothermal,WECC_PNW,1.17,1.17,0.0,0.0,7.775383821428731,0.7586332417582574,0.00066993307016404
nuc_moderate,155,167,hydroelectric_pumped_storage,WECC_PNW,214.0,214.0,0.0,0.0,569.5671867976357,0.30382750117229745,0.04907434833820478
nuc_moderate,156,168,hydroelectric_pumped_storage,WECC_PNW,100.0,100.0,0.0,0.0,224.6549796080107,0.2564554561735282,0.019356446404825745
nuc_moderate,157,169,nuclear,WECC_PNW,1163.0,1163.0,0.0,0.0,39.072046703296685,0.003835149874487792,0.0033664776950808476
nuc_moderate,158,170,onshore_wind_turbine,WECC_PNW,5254.0,5254.0,0.0,0.0,21818.110405660133,0.474048700569519,1.8798652291554734
nuc_moderate,159,171,solar_photovoltaic,WECC_PNW,209.9,209.9,0.0,0.0,132.26103931178938,0.07193088212901413,0.011395713210329011
pessimistic_all,1,1,biomass,CA_N,36.72,36.72,0.0,0.0,135.9563830813139,0.4226616300366151,0.011714106881134861
pessimistic_all,2,2,biomass,CA_N,0.0,33.06,0.0,33.06,0.0,0.0,0.0
pessimistic_all,3,3,conventional_hydroelectric,CA_N,0.0,6607.44,0.0,6607.44,0.0,0.0,0.0
pessimistic_all,4,4,geothermal,CA_N,542.55,542.55,0.0,0.0,3931.1282174205135,0.827129165845143,0.33870904078675956
pessimistic_all,5,5,geothermal,CA_N,100.32,100.32,0.0,0.0,684.9985834798056,0.7794675571047143,0.0590200065524638
pessimistic_all,6,6,hydroelectric_pumped_storage,CA_N,615.15,615.15,0.0,0.0,1660.8937147956233,0.30821708385258956,0.14310388414558453
pessimistic_all,7,7,hydroelectric_pumped_storage,CA_N,1175.8,1175.8,0.0,0.0,2761.7660001854247,0.26813241311904074,0.23795588977611493
pessimistic_all,8,8,onshore_wind_turbine,CA_N,1327.6,1327.6,0.0,0.0,1553.7810343619399,0.13360369403176295,0.13387497294268372
pessimistic_all,9,9,small_hydroelectric,CA_N,231.4,231.4,0.0,0.0,992.540257465411,0.4896442625715868,0.08551803450688397
pessimistic_all,10,10,small_hydroelectric,CA_N,1.95,1.95,0.0,0.0,9.626223214285755,0.5635302197802222,0.0008294028205087136
pessimistic_all,11,11,solar_photovoltaic,CA_N,2787.1,2787.1,0.0,0.0,4729.106755593643,0.1936968064870313,0.4074634874199942
pessimistic_all,12,12,biomass,CA_S,0.0,67.2,0.0,67.2,0.0,0.0,0.0
pessimistic_all,13,13,biomass,CA_S,0.0,38.1,0.0,38.1,0.0,0.0,0.0
pessimistic_all,14,14,conventional_hydroelectric,CA_S,0.0,1396.0,0.0,1396.0,0.0,0.0,0.0
pessimistic_all,15,15,geothermal,CA_S,0.0,535.15,0.0,535.15,0.0,0.0,0.0
pessimistic_all,16,16,geothermal,CA_S,0.0,73.02,0.0,73.02,0.0,0.0,0.0
pessimistic_all,17,17,hydroelectric_pumped_storage,CA_S,1623.0,1623.0,0.0,0.0,4279.809520033709,0.3010244797273293,0.3687516908903698
pessimistic_all,18,18,hydroelectric_pumped_storage,CA_S,42.0,42.0,0.0,0.0,106.92736656923019,0.29062667582417423,0.009212944417336466
pessimistic_all,19,19,onshore_wind_turbine,CA_S,4735.6,4735.6,0.0,0.0,11229.834688035155,0.2707037332314324,0.9675712225621844
pessimistic_all,20,20,small_hydroelectric,CA_S,126.44,126.44,0.0,0.0,649.9247848092102,0.5867789230703485,0.05599802099324933
pessimistic_all,21,21,small_hydroelectric,CA_S,7.0,7.0,0.0,0.0,22.456238942307618,0.36621394230769105,0.0019348468763041773
pessimistic_all,22,22,solar_photovoltaic,CA_S,9520.0,9520.0,0.0,0.0,12015.13854834478,0.14407470152172763,1.0352336091699015
pessimistic_all,23,23,biomass,WECC_N,6.24,6.24,0.0,0.0,20.46332245714287,0.37435828754578776,0.0017631356540481914
pessimistic_all,24,24,biomass,WECC_N,0.0,13.8,0.0,13.8,0.0,0.0,0.0
pessimistic_all,25,25,conventional_hydroelectric,WECC_N,0.0,4648.1,0.0,4648.1,0.0,0.0,0.0
pessimistic_all,26,26,geothermal,WECC_N,0.0,165.24,0.0,165.24,0.0,0.0,0.0
pessimistic_all,27,27,geothermal,WECC_N,0.0,215.16,0.0,215.16,0.0,0.0,0.0
pessimistic_all,28,28,onshore_wind_turbine,WECC_N,3893.9,3893.9,0.0,0.0,6709.331271209999,0.1966936480795216,0.5780811597855492
pessimistic_all,29,29,solar_photovoltaic,WECC_N,1185.7,1185.7,0.0,0.0,1848.096763617178,0.17792860772928176,0.15923344329293582
pessimistic_all,30,30,biomass,WECC_NMAZ,0.0,3.54,0.0,3.54,0.0,0.0,0.0
pessimistic_all,31,31,biomass,WECC_NMAZ,0.0,11.4,0.0,11.4,0.0,0.0,0.0
pessimistic_all,32,32,conventional_hydroelectric,WECC_NMAZ,0.0,3960.0,0.0,3960.0,0.0,0.0,0.0
pessimistic_all,33,33,geothermal,WECC_NMAZ,0.0,0.68,0.0,0.68,0.0,0.0,0.0
pessimistic_all,34,34,geothermal,WECC_NMAZ,0.0,2.66,0.0,2.66,0.0,0.0,0.0
pessimistic_all,35,35,hydroelectric_pumped_storage,WECC_NMAZ,119.0,119.0,0.0,0.0,380.5352503894215,0.36504283257494097,0.03278721082507059
pessimistic_all,36,36,hydroelectric_pumped_storage,WECC_NMAZ,97.3,97.3,0.0,0.0,239.12795795107684,0.28055202564102555,0.02060344938737514
pessimistic_all,37,37,nuclear,WECC_NMAZ,4002.99,4002.99,0.0,0.0,36.12588502747253,0.0010302197802197802,0.0031126341315972075
pessimistic_all,38,38,onshore_wind_turbine,WECC_NMAZ,0.0,1235.1,0.0,1235.1,0.0,0.0,0.0
pessimistic_all,39,39,solar_photovoltaic,WECC_NMAZ,6266.4,6266.4,0.0,0.0,7151.800348029225,0.13028462352283907,0.6162046368889191
pessimistic_all,40,40,biomass,WECC_WYCO,0.0,4.8,0.0,4.8,0.0,0.0,0.0
pessimistic_all,41,41,biomass,WECC_WYCO,0.0,8.04,0.0,8.04,0.0,0.0,0.0
pessimistic_all,42,42,conventional_hydroelectric,WECC_WYCO,0.0,961.87,0.0,961.87,0.0,0.0,0.0
pessimistic_all,43,43,hydroelectric_pumped_storage,WECC_WYCO,324.0,324.0,0.0,0.0,882.490993492114,0.31092895367978535,0.07603610500010669
pessimistic_all,44,44,hydroelectric_pumped_storage,WECC_WYCO,238.5,238.5,0.0,0.0,414.8378487940282,0.1985573115811475,0.035742749174247496
pessimistic_all,45,45,onshore_wind_turbine,WECC_WYCO,5751.7,5751.7,0.0,0.0,35285.2040231157,0.7003131816401572,3.0402004075249383
pessimistic_all,46,46,solar_photovoltaic,WECC_WYCO,593.1,593.1,0.0,0.0,3919.453755838741,0.754385816616882,0.3377031601679232
pessimistic_all,47,47,naturalgas_ccccsavgcf,CA_N,0.0,0.0,0.0,0.0,0.0,0.0,0.0
pessimistic_all,48,48,new_onshore_wind,CA_N,0.0,0.0,0.0,0.0,0.0,0.0,0.0
pessimistic_all,49,49,new_floating_offshore_wind,CA_N,0.0,0.0,0.0,0.0,0.0,0.0,0.0
pessimistic_all,50,50,new_floating_offshore_wind,CA_N,0.0,0.0,0.0,0.0,0.0,0.0,0.0
pessimistic_all,51,51,new_floating_offshore_wind,CA_N,0.0,0.0,0.0,0.0,-7.295946508727886e-15,-7.295946508727886e-12,-6.28624381329454e-19
pessimistic_all,52,52,new_floating_offshore_wind,CA_N,0.0,0.0,0.0,0.0,0.0,0.0,0.0
pessimistic_all,53,53,new_floating_offshore_wind,CA_N,0.0,0.0,0.0,0.0,0.0,0.0,0.0
pessimistic_all,54,54,new_utility_pv,CA_N,0.0,0.0,0.0,0.0,0.0,0.0,0.0
pessimistic_all,55,55,new_utility_pv,CA_N,0.0,0.0,0.0,0.0,0.0,0.0,0.0
pessimistic_all,56,56,new_utility_pv,CA_N,0.0,0.0,0.0,0.0,0.0,0.0,0.0
pessimistic_all,57,57,new_utility_pv,CA_N,20046.180479999995,0.0,20046.180479999995,0.0,142644.92895454608,0.8123077463620204,12.290397154990961
pessimistic_all,58,58,battery,CA_N,26629.412070000002,0.0,26629.412070000002,0.0,15208.200581958637,0.06519467843604529,1.3103502980088193
pessimistic_all,59,59,nuclear,CA_N,0.0,0.0,0.0,0.0,0.0,0.0,0.0
pessimistic_all,60,60,naturalgas_ccs100,CA_N,0.0,0.0,0.0,0.0,0.0,0.0,0.0
pessimistic_all,61,61,naturalgas_ccccsavgcf,CA_S,0.0,0.0,0.0,0.0,0.0,0.0,0.0
pessimistic_all,62,62,new_onshore_wind,CA_S,0.0,0.0,0.0,0.0,0.0,0.0,0.0
pessimistic_all,63,63,new_onshore_wind,CA_S,0.0,0.0,0.0,0.0,0.0,0.0,0.0
pessimistic_all,64,64,new_onshore_wind,CA_S,0.0,0.0,0.0,0.0,0.0,0.0,0.0
pessimistic_all,65,65,new_utility_pv,CA_S,0.0,0.0,0.0,0.0,0.0,0.0,0.0
pessimistic_all,66,66,new_utility_pv,CA_S,0.0,0.0,0.0,0.0,0.0,0.0,0.0
pessimistic_all,67,67,new_utility_pv,CA_S,0.0,0.0,0.0,0.0,0.0,0.0,0.0
pessimistic_all,68,68,new_utility_pv,CA_S,0.0,0.0,0.0,0.0,0.0,0.0,0.0
pessimistic_all,69,69,new_utility_pv,CA_S,20451.59,0.0,20451.59,0.0,107953.24723358743,0.60256586649235,9.301335087029283
pessimistic_all,70,70,new_utility_pv,CA_S,19525.137043312217,0.0,19525.137043312217,0.0,120961.64795671587,0.7072117993519867,10.422148931659299
pessimistic_all,71,71,new_utility_pv,CA_S,0.0,0.0,0.0,0.0,0.0,0.0,0.0
pessimistic_all,72,72,new_utility_pv,CA_S,0.0,0.0,0.0,0.0,0.0,0.0,0.0
pessimistic_all,73,73,new_utility_pv,CA_S,0.0,0.0,0.0,0.0,0.0,0.0,0.0
pessimistic_all,74,74,new_utility_pv,CA_S,0.0,0.0,0.0,0.0,0.0,0.0,0.0
pessimistic_all,75,75,battery,CA_S,0.0,0.0,0.0,0.0,0.0,0.0,0.0
pessimistic_all,76,76,nuclear,CA_S,0.0,0.0,0.0,0.0,0.0,0.0,0.0
pessimistic_all,77,77,naturalgas_ccs100,CA_S,0.0,0.0,0.0,0.0,0.0,0.0,0.0
pessimistic_all,78,78,naturalgas_ccccsavgcf,WECC_N,0.0,0.0,0.0,0.0,0.0,0.0,0.0
pessimistic_all,79,79,new_onshore_wind,WECC_N,0.0,0.0,0.0,0.0,0.0,0.0,0.0
pessimistic_all,80,80,new_onshore_wind,WECC_N,0.0,0.0,0.0,0.0,0.0,0.0,0.0
pessimistic_all,81,81,new_onshore_wind,WECC_N,0.0,0.0,0.0,0.0,0.0,0.0,0.0
pessimistic_all,82,82,new_onshore_wind,WECC_N,0.0,0.0,0.0,0.0,0.0,0.0,0.0
pessimistic_all,83,83,new_onshore_wind,WECC_N,0.0,0.0,0.0,0.0,0.0,0.0,0.0
pessimistic_all,84,84,new_onshore_wind,WECC_N,0.0,0.0,0.0,0.0,0.0,0.0,0.0
pessimistic_all,85,85,new_utility_pv,WECC_N,0.0,0.0,0.0,0.0,0.0,0.0,0.0
pessimistic_all,86,86,new_utility_pv,WECC_N,26992.498025933997,0.0,26992.498025933997,0.0,131943.36695134465,0.5580079389584984,11.36834231461162
pessimistic_all,87,87,new_utility_pv,WECC_N,0.0,0.0,0.0,0.0,0.0,0.0,0.0
pessimistic_all,88,88,new_utility_pv,WECC_N,0.0,0.0,0.0,0.0,0.0,0.0,0.0
pessimistic_all,89,89,new_utility_pv,WECC_N,0.0,0.0,0.0,0.0,0.0,0.0,0.0
pessimistic_all,90,90,new_utility_pv,WECC_N,0.0,0.0,0.0,0.0,0.0,0.0,0.0
pessimistic_all,91,91,new_utility_pv,WECC_N,0.0,0.0,0.0,0.0,0.0,0.0,0.0
pessimistic_all,92,92,new_utility_pv,WECC_N,0.0,0.0,0.0,0.0,0.0,0.0,0.0
pessimistic_all,93,93,battery,WECC_N,0.0,0.0,0.0,0.0,0.0,0.0,0.0
pessimistic_all,94,94,nuclear,WECC_N,0.0,0.0,0.0,0.0,0.0,0.0,0.0
pessimistic_all,95,95,naturalgas_ccs100,WECC_N,0.0,0.0,0.0,0.0,0.0,0.0,0.0
pessimistic_all,96,96,naturalgas_ccccsavgcf,WECC_NMAZ,0.0,0.0,0.0,0.0,0.0,0.0,0.0
pessimistic_all,97,97,new_onshore_wind,WECC_NMAZ,0.0,0.0,0.0,0.0,0.0,0.0,0.0
pessimistic_all,98,98,new_onshore_wind,WECC_NMAZ,0.0,0.0,0.0,0.0,0.0,0.0,0.0
pessimistic_all,99,99,new_onshore_wind,WECC_NMAZ,0.0,0.0,0.0,0.0,0.0,0.0,0.0
pessimistic_all,100,100,new_onshore_wind,WECC_NMAZ,0.0,0.0,0.0,0.0,0.0,0.0,0.0
pessimistic_all,101,101,new_onshore_wind,WECC_NMAZ,0.0,0.0,0.0,0.0,0.0,0.0,0.0
pessimistic_all,102,102,new_onshore_wind,WECC_NMAZ,0.0,0.0,0.0,0.0,0.0,0.0,0.0
pessimistic_all,103,103,new_onshore_wind,WECC_NMAZ,0.0,0.0,0.0,0.0,0.0,0.0,0.0
pessimistic_all,104,104,new_utility_pv,WECC_NMAZ,41235.9608820632,0.0,41235.9608820632,0.0,203273.5245294479,0.562730678435124,17.514203735611243
pessimistic_all,105,105,new_utility_pv,WECC_NMAZ,0.0,0.0,0.0,0.0,0.0,0.0,0.0
pessimistic_all,106,106,new_utility_pv,WECC_NMAZ,0.0,0.0,0.0,0.0,0.0,0.0,0.0
pessimistic_all,107,107,new_utility_pv,WECC_NMAZ,0.0,0.0,0.0,0.0,0.0,0.0,0.0
pessimistic_all,108,108,new_utility_pv,WECC_NMAZ,0.0,0.0,0.0,0.0,0.0,0.0,0.0
pessimistic_all,109,109,new_utility_pv,WECC_NMAZ,0.0,0.0,0.0,0.0,0.0,0.0,0.0
pessimistic_all,110,110,new_utility_pv,WECC_NMAZ,0.0,0.0,0.0,0.0,0.0,0.0,0.0
pessimistic_all,111,111,new_utility_pv,WECC_NMAZ,0.0,0.0,0.0,0.0,0.0,0.0,0.0
pessimistic_all,112,112,new_utility_pv,WECC_NMAZ,0.0,0.0,0.0,0.0,0.0,0.0,0.0
pessimistic_all,113,113,new_utility_pv,WECC_NMAZ,0.0,0.0,0.0,0.0,0.0,0.0,0.0
pessimistic_all,114,114,new_utility_pv,WECC_NMAZ,0.0,0.0,0.0,0.0,0.0,0.0,0.0
pessimistic_all,115,115,new_utility_pv,WECC_NMAZ,0.0,0.0,0.0,0.0,0.0,0.0,0.0
pessimistic_all,116,116,battery,WECC_NMAZ,0.0,0.0,0.0,0.0,0.0,0.0,0.0
pessimistic_all,117,117,nuclear,WECC_NMAZ,0.0,0.0,0.0,0.0,0.0,0.0,0.0
pessimistic_all,118,118,naturalgas_ccs100,WECC_NMAZ,0.0,0.0,0.0,0.0,0.0,0.0,0.0
pessimistic_all,119,119,naturalgas_ccccsavgcf,WECC_PNW,0.0,0.0,0.0,0.0,0.0,0.0,0.0
pessimistic_all,120,120,new_onshore_wind,WECC_PNW,0.0,0.0,0.0,0.0,0.0,0.0,0.0
pessimistic_all,121,121,new_floating_offshore_wind,WECC_PNW,0.0,0.0,0.0,0.0,0.0,0.0,0.0
pessimistic_all,122,122,new_floating_offshore_wind,WECC_PNW,0.0,0.0,0.0,0.0,0.0,0.0,0.0
pessimistic_all,123,123,new_floating_offshore_wind,WECC_PNW,0.0,0.0,0.0,0.0,0.0,0.0,0.0
pessimistic_all,124,124,new_utility_pv,WECC_PNW,0.0,0.0,0.0,0.0,0.0,0.0,0.0
pessimistic_all,125,125,battery,WECC_PNW,0.0,0.0,0.0,0.0,0.0,0.0,0.0
pessimistic_all,126,126,nuclear,WECC_PNW,0.0,0.0,0.0,0.0,0.0,0.0,0.0
pessimistic_all,127,127,naturalgas_ccs100,WECC_PNW,0.0,0.0,0.0,0.0,0.0,0.0,0.0
pessimistic_all,128,128,naturalgas_ccccsavgcf,WECC_WYCO,0.0,0.0,0.0,0.0,0.0,0.0,0.0
pessimistic_all,129,129,new_onshore_wind,WECC_WYCO,0.0,0.0,0.0,0.0,0.0,0.0,0.0
pessimistic_all,130,130,new_onshore_wind,WECC_WYCO,0.0,0.0,0.0,0.0,0.0,0.0,0.0
pessimistic_all,131,131,new_onshore_wind,WECC_WYCO,0.0,0.0,0.0,0.0,0.0,0.0,0.0
pessimistic_all,132,132,new_onshore_wind,WECC_WYCO,0.0,0.0,0.0,0.0,0.0,0.0,0.0
pessimistic_all,133,133,new_onshore_wind,WECC_WYCO,0.0,0.0,0.0,0.0,0.0,0.0,0.0
pessimistic_all,134,134,new_onshore_wind,WECC_WYCO,0.0,0.0,0.0,0.0,0.0,0.0,0.0
pessimistic_all,135,135,new_onshore_wind,WECC_WYCO,0.0,0.0,0.0,0.0,0.0,0.0,0.0
pessimistic_all,136,136,new_utility_pv,WECC_WYCO,0.0,0.0,0.0,0.0,0.0,0.0,0.0
pessimistic_all,137,137,new_utility_pv,WECC_WYCO,14675.7,0.0,14675.7,0.0,99272.08769018865,0.7721900898505495,8.553359681691115
pessimistic_all,138,138,new_utility_pv,WECC_WYCO,0.0,0.0,0.0,0.0,0.0,0.0,0.0
pessimistic_all,139,139,new_utility_pv,WECC_WYCO,0.0,0.0,0.0,0.0,0.0,0.0,0.0
pessimistic_all,140,140,new_utility_pv,WECC_WYCO,0.0,0.0,0.0,0.0,0.0,0.0,0.0
pessimistic_all,141,141,battery,WECC_WYCO,0.0,0.0,0.0,0.0,0.0,0.0,0.0
pessimistic_all,142,142,nuclear,WECC_WYCO,0.0,0.0,0.0,0.0,0.0,0.0,0.0
pessimistic_all,143,143,naturalgas_ccs100,WECC_WYCO,0.0,0.0,0.0,0.0,0.0,0.0,0.0
pessimistic_all,144,156,new_biogas_CCGT,CA_N,0.0,0.0,0.0,0.0,0.0,0.0,0.0
pessimistic_all,145,157,new_biogas_CCGT,CA_S,0.0,0.0,0.0,0.0,0.0,0.0,0.0
pessimistic_all,146,158,new_biogas_CCGT,WECC_N,0.0,0.0,0.0,0.0,0.0,0.0,0.0
pessimistic_all,147,159,new_biogas_CCGT,WECC_NMAZ,0.0,0.0,0.0,0.0,0.0,0.0,0.0
pessimistic_all,148,160,new_biogas_CCGT,WECC_PNW,0.0,0.0,0.0,0.0,0.0,0.0,0.0
pessimistic_all,149,161,new_biogas_CCGT,WECC_WYCO,0.0,0.0,0.0,0.0,0.0,0.0,0.0
pessimistic_all,150,162,biomass,WECC_PNW,0.0,28.4,0.0,28.4,0.0,0.0,0.0
pessimistic_all,151,163,biomass,WECC_PNW,0.0,74.43,0.0,74.43,0.0,0.0,0.0
pessimistic_all,152,164,conventional_hydroelectric,WECC_PNW,29850.0,29850.0,0.0,0.0,234159.65141767391,0.8954959401944039,20.175376262513367
pessimistic_all,153,165,geothermal,WECC_PNW,14.49,14.49,0.0,0.0,52.052815274824894,0.41008296758609225,0.004484910732205803
pessimistic_all,154,166,geothermal,WECC_PNW,1.17,1.17,0.0,0.0,8.427644035714497,0.8222733516483723,0.0007261323135631941
pessimistic_all,155,167,hydroelectric_pumped_storage,WECC_PNW,214.0,214.0,0.0,0.0,592.9350557078732,0.3162927579203864,0.05108774195603259
pessimistic_all,156,168,hydroelectric_pumped_storage,WECC_PNW,100.0,100.0,0.0,0.0,254.1569340737895,0.2901334863856045,0.02189835756767136
pessimistic_all,157,169,nuclear,WECC_PNW,1163.0,1163.0,0.0,0.0,22.939948575623816,0.002251690103890487,0.0019765236715798477
pessimistic_all,158,170,onshore_wind_turbine,WECC_PNW,5254.0,5254.0,0.0,0.0,34945.20656754122,0.7592650993359533,3.010905964383337
pessimistic_all,159,171,solar_photovoltaic,WECC_PNW,209.9,209.9,0.0,0.0,1077.572269046807,0.5860435111777553,0.09284445824225673
nuc_opt_bat_opt,1,1,biomass,CA_N,36.72,36.72,0.0,0.0,136.93537661537945,0.4257051282051121,0.011798457719499875
nuc_opt_bat_opt,2,2,biomass,CA_N,0.0,33.06,0.0,33.06,0.0,0.0,0.0
nuc_opt_bat_opt,3,3,conventional_hydroelectric,CA_N,0.0,6607.44,0.0,6607.44,0.0,0.0,0.0
nuc_opt_bat_opt,4,4,geothermal,CA_N,0.0,542.55,0.0,542.55,0.0,0.0,0.0
nuc_opt_bat_opt,5,5,geothermal,CA_N,0.0,100.32,0.0,100.32,0.0,0.0,0.0
nuc_opt_bat_opt,6,6,hydroelectric_pumped_storage,CA_N,264.24598987500013,615.15,0.0,350.90401012499984,672.2902276579911,0.2904318805920704,0.05792504480806969
nuc_opt_bat_opt,7,7,hydroelectric_pumped_storage,CA_N,505.0807522500002,1175.8,0.0,670.7192477499998,1243.0305453133165,0.28094213340093194,0.10710047100625486
nuc_opt_bat_opt,8,8,onshore_wind_turbine,CA_N,1327.6,1327.6,0.0,0.0,1452.412610326667,0.12488741058526552,0.12514099130379888
nuc_opt_bat_opt,9,9,small_hydroelectric,CA_N,231.4,231.4,0.0,0.0,925.9082136560764,0.4567730538631619,0.07977696619364283
nuc_opt_bat_opt,10,10,small_hydroelectric,CA_N,1.95,1.95,0.0,0.0,6.599330357142857,0.38633241758241754,0.0005686033961439968
nuc_opt_bat_opt,11,11,solar_photovoltaic,CA_N,2787.1,2787.1,0.0,0.0,4856.314649010183,0.19890704258195177,0.41842381768057585
nuc_opt_bat_opt,12,12,biomass,CA_S,0.0,67.2,0.0,67.2,0.0,0.0,0.0
nuc_opt_bat_opt,13,13,biomass,CA_S,0.0,38.1,0.0,38.1,0.0,0.0,0.0
nuc_opt_bat_opt,14,14,conventional_hydroelectric,CA_S,0.0,1396.0,0.0,1396.0,0.0,0.0,0.0
nuc_opt_bat_opt,15,15,geothermal,CA_S,0.0,535.15,0.0,535.15,0.0,0.0,0.0
nuc_opt_bat_opt,16,16,geothermal,CA_S,0.0,73.02,0.0,73.02,0.0,0.0,0.0
nuc_opt_bat_opt,17,17,hydroelectric_pumped_storage,CA_S,1623.0,1623.0,0.0,0.0,1871.1250979628976,0.1316073662817108,0.16121758235067263
nuc_opt_bat_opt,18,18,hydroelectric_pumped_storage,CA_S,42.0,42.0,0.0,0.0,97.50676509757801,0.26502164899319963,0.00840125812484729
nuc_opt_bat_opt,19,19,onshore_wind_turbine,CA_S,4735.6,4735.6,0.0,0.0,10477.987479959414,0.2525798826405968,0.9027914869287749
nuc_opt_bat_opt,20,20,small_hydroelectric,CA_S,126.44,126.44,0.0,0.0,609.5699852091163,0.5503449442415307,0.052521020318705425
nuc_opt_bat_opt,21,21,small_hydroelectric,CA_S,7.0,7.0,0.0,0.0,15.876131249999979,0.25890624999999967,0.0013678997197961325
nuc_opt_bat_opt,22,22,solar_photovoltaic,CA_S,9520.0,9520.0,0.0,0.0,14903.067375943445,0.17870413855885525,1.284059785513297
nuc_opt_bat_opt,23,23,biomass,WECC_N,6.24,6.24,0.0,0.0,20.533827942857148,0.3756481227106228,0.001769210461105021
nuc_opt_bat_opt,24,24,biomass,WECC_N,0.0,13.8,0.0,13.8,0.0,0.0,0.0
nuc_opt_bat_opt,25,25,conventional_hydroelectric,WECC_N,0.0,4648.1,0.0,4648.1,0.0,0.0,0.0
nuc_opt_bat_opt,26,26,geothermal,WECC_N,0.0,165.24,0.0,165.24,0.0,0.0,0.0
nuc_opt_bat_opt,27,27,geothermal,WECC_N,0.0,215.16,0.0,215.16,0.0,0.0,0.0
nuc_opt_bat_opt,28,28,onshore_wind_turbine,WECC_N,3893.9,3893.9,0.0,0.0,5388.9289033254245,0.15798416300960091,0.46431427284025123
nuc_opt_bat_opt,29,29,solar_photovoltaic,WECC_N,1185.7,1185.7,0.0,0.0,1310.6837746753658,0.12618827314263675,0.11292952545474658
nuc_opt_bat_opt,30,30,biomass,WECC_NMAZ,0.0,3.54,0.0,3.54,0.0,0.0,0.0
nuc_opt_bat_opt,31,31,biomass,WECC_NMAZ,0.0,11.4,0.0,11.4,0.0,0.0,0.0
nuc_opt_bat_opt,32,32,conventional_hydroelectric,WECC_NMAZ,0.0,3960.0,0.0,3960.0,0.0,0.0,0.0
nuc_opt_bat_opt,33,33,geothermal,WECC_NMAZ,0.0,0.68,0.0,0.68,0.0,0.0,0.0
nuc_opt_bat_opt,34,34,geothermal,WECC_NMAZ,0.0,2.66,0.0,2.66,0.0,0.0,0.0
nuc_opt_bat_opt,35,35,hydroelectric_pumped_storage,WECC_NMAZ,119.0,119.0,0.0,0.0,246.57275884983366,0.23653424547200189,0.021244899177817474
nuc_opt_bat_opt,36,36,hydroelectric_pumped_storage,WECC_NMAZ,97.3,97.3,0.0,0.0,210.9991810067863,0.24755050872036574,0.018179852259434855
nuc_opt_bat_opt,37,37,nuclear,WECC_NMAZ,4002.99,4002.99,0.0,0.0,115.96295626580054,0.0033069731364903064,0.009991457798178631
nuc_opt_bat_opt,38,38,onshore_wind_turbine,WECC_NMAZ,0.0,1235.1,0.0,1235.1,0.0,0.0,0.0
nuc_opt_bat_opt,39,39,solar_photovoltaic,WECC_NMAZ,6266.4,6266.4,0.0,0.0,10270.935918060944,0.1871060368289671,0.8849517645780122
nuc_opt_bat_opt,40,40,biomass,WECC_WYCO,0.0,4.8,0.0,4.8,0.0,0.0,0.0
nuc_opt_bat_opt,41,41,biomass,WECC_WYCO,0.0,8.04,0.0,8.04,0.0,0.0,0.0
nuc_opt_bat_opt,42,42,conventional_hydroelectric,WECC_WYCO,0.0,961.87,0.0,961.87,0.0,0.0,0.0
nuc_opt_bat_opt,43,43,hydroelectric_pumped_storage,WECC_WYCO,324.0,324.0,0.0,0.0,642.5728719631962,0.22639835671514608,0.055364574509111183
nuc_opt_bat_opt,44,44,hydroelectric_pumped_storage,WECC_WYCO,238.5,238.5,0.0,0.0,420.4997154206927,0.20126729819203582,0.03623057997195128
nuc_opt_bat_opt,45,45,onshore_wind_turbine,WECC_WYCO,5751.7,5751.7,0.0,0.0,36154.770389257545,0.7175716559888139,3.1151229166588665
nuc_opt_bat_opt,46,46,solar_photovoltaic,WECC_WYCO,593.1,593.1,0.0,0.0,2203.0756882332566,0.42403078481557255,0.1898187013680646
nuc_opt_bat_opt,47,47,naturalgas_ccccsavgcf,CA_N,0.0,0.0,0.0,0.0,0.0,0.0,0.0
nuc_opt_bat_opt,48,48,new_onshore_wind,CA_N,0.0,0.0,0.0,0.0,0.0,0.0,0.0
nuc_opt_bat_opt,49,49,new_floating_offshore_wind,CA_N,0.0,0.0,0.0,0.0,0.0,0.0,0.0
nuc_opt_bat_opt,50,50,new_floating_offshore_wind,CA_N,0.0,0.0,0.0,0.0,0.0,0.0,0.0
nuc_opt_bat_opt,51,51,new_floating_offshore_wind,CA_N,0.0,0.0,0.0,0.0,0.0,0.0,0.0
nuc_opt_bat_opt,52,52,new_floating_offshore_wind,CA_N,0.0,0.0,0.0,0.0,0.0,0.0,0.0
nuc_opt_bat_opt,53,53,new_floating_offshore_wind,CA_N,0.0,0.0,0.0,0.0,0.0,0.0,0.0
nuc_opt_bat_opt,54,54,new_utility_pv,CA_N,0.0,0.0,0.0,0.0,0.0,0.0,0.0
nuc_opt_bat_opt,55,55,new_utility_pv,CA_N,0.0,0.0,0.0,0.0,0.0,0.0,0.0
nuc_opt_bat_opt,56,56,new_utility_pv,CA_N,0.0,0.0,0.0,0.0,0.0,0.0,0.0
nuc_opt_bat_opt,57,57,new_utility_pv,CA_N,14612.85374874753,0.0,14612.85374874753,0.0,119393.83100513981,0.9327016472954159,10.287064613258206
nuc_opt_bat_opt,58,58,battery,CA_N,39507.809809254926,0.0,39507.809809254926,0.0,18477.991709258076,0.05339095723974432,1.5920780247700093
nuc_opt_bat_opt,59,59,nuclear,CA_N,0.0,0.0,0.0,0.0,0.0,0.0,0.0
nuc_opt_bat_opt,60,60,naturalgas_ccs100,CA_N,0.0,0.0,0.0,0.0,0.0,0.0,0.0
nuc_opt_bat_opt,61,61,naturalgas_ccccsavgcf,CA_S,0.0,0.0,0.0,0.0,0.0,0.0,0.0
nuc_opt_bat_opt,62,62,new_onshore_wind,CA_S,0.0,0.0,0.0,0.0,0.0,0.0,0.0
nuc_opt_bat_opt,63,63,new_onshore_wind,CA_S,0.0,0.0,0.0,0.0,0.0,0.0,0.0
nuc_opt_bat_opt,64,64,new_onshore_wind,CA_S,0.0,0.0,0.0,0.0,0.0,0.0,0.0
nuc_opt_bat_opt,65,65,new_utility_pv,CA_S,0.0,0.0,0.0,0.0,0.0,0.0,0.0
nuc_opt_bat_opt,66,66,new_utility_pv,CA_S,0.0,0.0,0.0,0.0,0.0,0.0,0.0
nuc_opt_bat_opt,67,67,new_utility_pv,CA_S,0.0,0.0,0.0,0.0,0.0,0.0,0.0
nuc_opt_bat_opt,68,68,new_utility_pv,CA_S,0.0,0.0,0.0,0.0,0.0,0.0,0.0
nuc_opt_bat_opt,69,69,new_utility_pv,CA_S,20451.59,0.0,20451.59,0.0,160997.49203585283,0.8986445130433809,13.871668152385897
nuc_opt_bat_opt,70,70,new_utility_pv,CA_S,14233.743408282651,0.0,14233.743408282651,0.0,93685.90958313632,0.7513651349556023,8.072050265244448
nuc_opt_bat_opt,71,71,new_utility_pv,CA_S,0.0,0.0,0.0,0.0,0.0,0.0,0.0
nuc_opt_bat_opt,72,72,new_utility_pv,CA_S,0.0,0.0,0.0,0.0,0.0,0.0,0.0
nuc_opt_bat_opt,73,73,new_utility_pv,CA_S,0.0,0.0,0.0,0.0,0.0,0.0,0.0
nuc_opt_bat_opt,74,74,new_utility_pv,CA_S,0.0,0.0,0.0,0.0,0.0,0.0,0.0
nuc_opt_bat_opt,75,75,battery,CA_S,18754.733994882426,0.0,18754.733994882426,0.0,7984.53102770163,0.04859979058959252,0.6879533548512708
nuc_opt_bat_opt,76,76,nuclear,CA_S,0.0,0.0,0.0,0.0,0.0,0.0,0.0
nuc_opt_bat_opt,77,77,naturalgas_ccs100,CA_S,0.0,0.0,0.0,0.0,0.0,0.0,0.0
nuc_opt_bat_opt,78,78,naturalgas_ccccsavgcf,WECC_N,0.0,0.0,0.0,0.0,0.0,0.0,0.0
nuc_opt_bat_opt,79,79,new_onshore_wind,WECC_N,0.0,0.0,0.0,0.0,0.0,0.0,0.0
nuc_opt_bat_opt,80,80,new_onshore_wind,WECC_N,0.0,0.0,0.0,0.0,0.0,0.0,0.0
nuc_opt_bat_opt,81,81,new_onshore_wind,WECC_N,0.0,0.0,0.0,0.0,0.0,0.0,0.0
nuc_opt_bat_opt,82,82,new_onshore_wind,WECC_N,0.0,0.0,0.0,0.0,0.0,0.0,0.0
nuc_opt_bat_opt,83,83,new_onshore_wind,WECC_N,0.0,0.0,0.0,0.0,0.0,0.0,0.0
nuc_opt_bat_opt,84,84,new_onshore_wind,WECC_N,0.0,0.0,0.0,0.0,0.0,0.0,0.0
nuc_opt_bat_opt,85,85,new_utility_pv,WECC_N,0.0,0.0,0.0,0.0,0.0,0.0,0.0
nuc_opt_bat_opt,86,86,new_utility_pv,WECC_N,23815.028268506267,0.0,23815.028268506267,0.0,173624.45642521227,0.8322536175086729,14.959617148151509
nuc_opt_bat_opt,87,87,new_utility_pv,WECC_N,0.0,0.0,0.0,0.0,0.0,0.0,0.0
nuc_opt_bat_opt,88,88,new_utility_pv,WECC_N,0.0,0.0,0.0,0.0,0.0,0.0,0.0
nuc_opt_bat_opt,89,89,new_utility_pv,WECC_N,0.0,0.0,0.0,0.0,0.0,0.0,0.0
nuc_opt_bat_opt,90,90,new_utility_pv,WECC_N,0.0,0.0,0.0,0.0,0.0,0.0,0.0
nuc_opt_bat_opt,91,91,new_utility_pv,WECC_N,0.0,0.0,0.0,0.0,0.0,0.0,0.0
nuc_opt_bat_opt,92,92,new_utility_pv,WECC_N,0.0,0.0,0.0,0.0,0.0,0.0,0.0
nuc_opt_bat_opt,93,93,battery,WECC_N,0.0,0.0,0.0,0.0,0.0,0.0,0.0
nuc_opt_bat_opt,94,94,nuclear,WECC_N,0.0,0.0,0.0,0.0,0.0,0.0,0.0
nuc_opt_bat_opt,95,95,naturalgas_ccs100,WECC_N,0.0,0.0,0.0,0.0,0.0,0.0,0.0
nuc_opt_bat_opt,96,96,naturalgas_ccccsavgcf,WECC_NMAZ,0.0,0.0,0.0,0.0,0.0,0.0,0.0
nuc_opt_bat_opt,97,97,new_onshore_wind,WECC_NMAZ,0.0,0.0,0.0,0.0,0.0,0.0,0.0
nuc_opt_bat_opt,98,98,new_onshore_wind,WECC_NMAZ,0.0,0.0,0.0,0.0,0.0,0.0,0.0
nuc_opt_bat_opt,99,99,new_onshore_wind,WECC_NMAZ,0.0,0.0,0.0,0.0,0.0,0.0,0.0
nuc_opt_bat_opt,100,100,new_onshore_wind,WECC_NMAZ,0.0,0.0,0.0,0.0,0.0,0.0,0.0
nuc_opt_bat_opt,101,101,new_onshore_wind,WECC_NMAZ,0.0,0.0,0.0,0.0,0.0,0.0,0.0
nuc_opt_bat_opt,102,102,new_onshore_wind,WECC_NMAZ,0.0,0.0,0.0,0.0,0.0,0.0,0.0
nuc_opt_bat_opt,103,103,new_onshore_wind,WECC_NMAZ,0.0,0.0,0.0,0.0,0.0,0.0,0.0
nuc_opt_bat_opt,104,104,new_utility_pv,WECC_NMAZ,36920.71,0.0,36920.71,0.0,188739.5995299368,0.5835645193360578,16.261949542111225
nuc_opt_bat_opt,105,105,new_utility_pv,WECC_NMAZ,0.0,0.0,0.0,0.0,0.0,0.0,0.0
nuc_opt_bat_opt,106,106,new_utility_pv,WECC_NMAZ,0.0,0.0,0.0,0.0,0.0,0.0,0.0
nuc_opt_bat_opt,107,107,new_utility_pv,WECC_NMAZ,0.0,0.0,0.0,0.0,0.0,0.0,0.0
nuc_opt_bat_opt,108,108,new_utility_pv,WECC_NMAZ,0.0,0.0,0.0,0.0,0.0,0.0,0.0
nuc_opt_bat_opt,109,109,new_utility_pv,WECC_NMAZ,0.0,0.0,0.0,0.0,0.0,0.0,0.0
nuc_opt_bat_opt,110,110,new_utility_pv,WECC_NMAZ,0.0,0.0,0.0,0.0,0.0,0.0,0.0
nuc_opt_bat_opt,111,111,new_utility_pv,WECC_NMAZ,0.0,0.0,0.0,0.0,0.0,0.0,0.0
nuc_opt_bat_opt,112,112,new_utility_pv,WECC_NMAZ,0.0,0.0,0.0,0.0,0.0,0.0,0.0
nuc_opt_bat_opt,113,113,new_utility_pv,WECC_NMAZ,0.0,0.0,0.0,0.0,0.0,0.0,0.0
nuc_opt_bat_opt,114,114,new_utility_pv,WECC_NMAZ,0.0,0.0,0.0,0.0,0.0,0.0,0.0
nuc_opt_bat_opt,115,115,new_utility_pv,WECC_NMAZ,0.0,0.0,0.0,0.0,0.0,0.0,0.0
nuc_opt_bat_opt,116,116,battery,WECC_NMAZ,0.0,0.0,0.0,0.0,0.0,0.0,0.0
nuc_opt_bat_opt,117,117,nuclear,WECC_NMAZ,0.0,0.0,0.0,0.0,0.0,0.0,0.0
nuc_opt_bat_opt,118,118,naturalgas_ccs100,WECC_NMAZ,0.0,0.0,0.0,0.0,0.0,0.0,0.0
nuc_opt_bat_opt,119,119,naturalgas_ccccsavgcf,WECC_PNW,0.0,0.0,0.0,0.0,0.0,0.0,0.0
nuc_opt_bat_opt,120,120,new_onshore_wind,WECC_PNW,0.0,0.0,0.0,0.0,0.0,0.0,0.0
nuc_opt_bat_opt,121,121,new_floating_offshore_wind,WECC_PNW,0.0,0.0,0.0,0.0,0.0,0.0,0.0
nuc_opt_bat_opt,122,122,new_floating_offshore_wind,WECC_PNW,0.0,0.0,0.0,0.0,0.0,0.0,0.0
nuc_opt_bat_opt,123,123,new_floating_offshore_wind,WECC_PNW,0.0,0.0,0.0,0.0,0.0,0.0,0.0
nuc_opt_bat_opt,124,124,new_utility_pv,WECC_PNW,0.0,0.0,0.0,0.0,0.0,0.0,0.0
nuc_opt_bat_opt,125,125,battery,WECC_PNW,0.0,0.0,0.0,0.0,0.0,0.0,0.0
nuc_opt_bat_opt,126,126,nuclear,WECC_PNW,0.0,0.0,0.0,0.0,0.0,0.0,0.0
nuc_opt_bat_opt,127,127,naturalgas_ccs100,WECC_PNW,0.0,0.0,0.0,0.0,0.0,0.0,0.0
nuc_opt_bat_opt,128,128,naturalgas_ccccsavgcf,WECC_WYCO,0.0,0.0,0.0,0.0,0.0,0.0,0.0
nuc_opt_bat_opt,129,129,new_onshore_wind,WECC_WYCO,0.0,0.0,0.0,0.0,0.0,0.0,0.0
nuc_opt_bat_opt,130,130,new_onshore_wind,WECC_WYCO,0.0,0.0,0.0,0.0,0.0,0.0,0.0
nuc_opt_bat_opt,131,131,new_onshore_wind,WECC_WYCO,0.0,0.0,0.0,0.0,0.0,0.0,0.0
nuc_opt_bat_opt,132,132,new_onshore_wind,WECC_WYCO,0.0,0.0,0.0,0.0,0.0,0.0,0.0
nuc_opt_bat_opt,133,133,new_onshore_wind,WECC_WYCO,0.0,0.0,0.0,0.0,0.0,0.0,0.0
nuc_opt_bat_opt,134,134,new_onshore_wind,WECC_WYCO,0.0,0.0,0.0,0.0,0.0,0.0,0.0
nuc_opt_bat_opt,135,135,new_onshore_wind,WECC_WYCO,0.0,0.0,0.0,0.0,0.0,0.0,0.0
nuc_opt_bat_opt,136,136,new_utility_pv,WECC_WYCO,0.0,0.0,0.0,0.0,0.0,0.0,0.0
nuc_opt_bat_opt,137,137,new_utility_pv,WECC_WYCO,11772.876207828394,0.0,11772.876207828394,0.0,71856.73548377435,0.6967561316841068,6.191231779701991
nuc_opt_bat_opt,138,138,new_utility_pv,WECC_WYCO,0.0,0.0,0.0,0.0,0.0,0.0,0.0
nuc_opt_bat_opt,139,139,new_utility_pv,WECC_WYCO,0.0,0.0,0.0,0.0,0.0,0.0,0.0
nuc_opt_bat_opt,140,140,new_utility_pv,WECC_WYCO,0.0,0.0,0.0,0.0,0.0,0.0,0.0
nuc_opt_bat_opt,141,141,battery,WECC_WYCO,15782.514740758219,0.0,15782.514740758219,0.0,8556.556579366325,0.06188974832394424,0.737239517803493
nuc_opt_bat_opt,142,142,nuclear,WECC_WYCO,0.0,0.0,0.0,0.0,0.0,0.0,0.0
nuc_opt_bat_opt,143,143,naturalgas_ccs100,WECC_WYCO,0.0,0.0,0.0,0.0,0.0,0.0,0.0
nuc_opt_bat_opt,144,156,new_biogas_CCGT,CA_N,0.0,0.0,0.0,0.0,0.0,0.0,0.0
nuc_opt_bat_opt,145,157,new_biogas_CCGT,CA_S,0.0,0.0,0.0,0.0,0.0,0.0,0.0
nuc_opt_bat_opt,146,158,new_biogas_CCGT,WECC_N,0.0,0.0,0.0,0.0,0.0,0.0,0.0
nuc_opt_bat_opt,147,159,new_biogas_CCGT,WECC_NMAZ,0.0,0.0,0.0,0.0,0.0,0.0,0.0
nuc_opt_bat_opt,148,160,new_biogas_CCGT,WECC_PNW,0.0,0.0,0.0,0.0,0.0,0.0,0.0
nuc_opt_bat_opt,149,161,new_biogas_CCGT,WECC_WYCO,0.0,0.0,0.0,0.0,0.0,0.0,0.0
nuc_opt_bat_opt,150,162,biomass,WECC_PNW,0.0,28.4,0.0,28.4,0.0,0.0,0.0
nuc_opt_bat_opt,151,163,biomass,WECC_PNW,0.0,74.43,0.0,74.43,0.0,0.0,0.0
nuc_opt_bat_opt,152,164,conventional_hydroelectric,WECC_PNW,29850.0,29850.0,0.0,0.0,237786.0356138113,0.9093643086582506,20.487828323261446
nuc_opt_bat_opt,153,165,geothermal,WECC_PNW,0.0,14.49,0.0,14.49,0.0,0.0,0.0
nuc_opt_bat_opt,154,166,geothermal,WECC_PNW,0.0,1.17,0.0,1.17,0.0,0.0,0.0
nuc_opt_bat_opt,155,167,hydroelectric_pumped_storage,WECC_PNW,214.0,214.0,0.0,0.0,467.99324485856056,0.24964432896906102,0.04032265911813426
nuc_opt_bat_opt,156,168,hydroelectric_pumped_storage,WECC_PNW,100.0,100.0,0.0,0.0,227.87313616204008,0.2601291508699088,0.01963372525690861
nuc_opt_bat_opt,157,169,nuclear,WECC_PNW,1163.0,1163.0,0.0,0.0,45.19005837912088,0.004435668498168498,0.003893610302218332
nuc_opt_bat_opt,158,170,onshore_wind_turbine,WECC_PNW,5254.0,5254.0,0.0,0.0,33431.387752747396,0.7263738989199661,2.880474167116695
nuc_opt_bat_opt,159,171,solar_photovoltaic,WECC_PNW,209.9,209.9,0.0,0.0,599.822714362317,0.3262168299115675,0.05168118794076928
geo_pessimistic,1,1,biomass,CA_N,36.72,36.72,0.0,0.0,135.93510061318204,0.42259546703295214,0.011712273167257361
geo_pessimistic,2,2,biomass,CA_N,0.0,33.06,0.0,33.06,0.0,0.0,0.0
geo_pessimistic,3,3,conventional_hydroelectric,CA_N,0.0,6607.44,0.0,6607.44,0.0,0.0,0.0
geo_pessimistic,4,4,geothermal,CA_N,542.55,542.55,0.0,0.0,4321.816889150062,0.9093320290641019,0.3723710782296897
geo_pessimistic,5,5,geothermal,CA_N,100.32,100.32,0.0,0.0,756.378565074856,0.8606916373027045,0.06517016084921179
geo_pessimistic,6,6,hydroelectric_pumped_storage,CA_N,615.15,615.15,0.0,0.0,1862.4277482749426,0.34561636566255743,0.1604682119899859
geo_pessimistic,7,7,hydroelectric_pumped_storage,CA_N,1175.8,1175.8,0.0,0.0,3401.537604508324,0.33024611286790495,0.29307910490365535
geo_pessimistic,8,8,onshore_wind_turbine,CA_N,1327.6,1327.6,0.0,0.0,2088.5175216127054,0.17958364130252424,0.17994828132976898
geo_pessimistic,9,9,small_hydroelectric,CA_N,231.4,231.4,0.0,0.0,1628.1262546563516,0.8031943020330644,0.14028061449398468
geo_pessimistic,10,10,small_hydroelectric,CA_N,1.95,1.95,0.0,0.0,14.297571428571434,0.8369963369963374,0.001231889787438491
geo_pessimistic,11,11,solar_photovoltaic,CA_N,2787.1,2787.1,0.0,0.0,5997.125210315027,0.24563285655729894,0.5167169359835231
geo_pessimistic,12,12,biomass,CA_S,0.0,67.2,0.0,67.2,0.0,0.0,0.0
geo_pessimistic,13,13,biomass,CA_S,0.0,38.1,0.0,38.1,0.0,0.0,0.0
geo_pessimistic,14,14,conventional_hydroelectric,CA_S,0.0,1396.0,0.0,1396.0,0.0,0.0,0.0
geo_pessimistic,15,15,geothermal,CA_S,0.0,535.15,0.0,535.15,0.0,0.0,0.0
geo_pessimistic,16,16,geothermal,CA_S,0.0,73.02,0.0,73.02,0.0,0.0,0.0
geo_pessimistic,17,17,hydroelectric_pumped_storage,CA_S,1623.0,1623.0,0.0,0.0,5192.663909995632,0.36523096287075013,0.4474039295611471
geo_pessimistic,18,18,hydroelectric_pumped_storage,CA_S,42.0,42.0,0.0,0.0,119.00163213434202,0.3234443143464395,0.010253272455898165
geo_pessimistic,19,19,onshore_wind_turbine,CA_S,4735.6,4735.6,0.0,0.0,6803.3154999822855,0.16399911088261143,0.5861789134623379
geo_pessimistic,20,20,small_hydroelectric,CA_S,126.44,126.44,0.0,0.0,783.846572628,0.7076890410850564,0.06753682557650822
geo_pessimistic,21,21,small_hydroelectric,CA_S,7.0,7.0,0.0,0.0,43.881387980768736,0.7156129807692226,0.003780854250821277
geo_pessimistic,22,22,solar_photovoltaic,CA_S,9520.0,9520.0,0.0,0.0,5559.7961956897525,0.06666805998054748,0.479036330605268
geo_pessimistic,23,23,biomass,WECC_N,6.24,6.24,0.0,0.0,20.46332245714287,0.37435828754578776,0.0017631356540481914
geo_pessimistic,24,24,biomass,WECC_N,0.0,13.8,0.0,13.8,0.0,0.0,0.0
geo_pessimistic,25,25,conventional_hydroelectric,WECC_N,0.0,4648.1,0.0,4648.1,0.0,0.0,0.0
geo_pessimistic,26,26,geothermal,WECC_N,0.0,165.24,0.0,165.24,0.0,0.0,0.0
geo_pessimistic,27,27,geothermal,WECC_N,0.0,215.16,0.0,215.16,0.0,0.0,0.0
geo_pessimistic,28,28,onshore_wind_turbine,WECC_N,3893.9,3893.9,0.0,0.0,5913.434131791731,0.17336078441246913,0.5095060480752076
geo_pessimistic,29,29,solar_photovoltaic,WECC_N,1185.7,1185.7,0.0,0.0,2301.3108667254537,0.2215625537200203,0.19828272015309448
geo_pessimistic,30,30,biomass,WECC_NMAZ,0.0,3.54,0.0,3.54,0.0,0.0,0.0
geo_pessimistic,31,31,biomass,WECC_NMAZ,0.0,11.4,0.0,11.4,0.0,0.0,0.0
geo_pessimistic,32,32,conventional_hydroelectric,WECC_NMAZ,0.0,3960.0,0.0,3960.0,0.0,0.0,0.0
geo_pessimistic,33,33,geothermal,WECC_NMAZ,0.0,0.68,0.0,0.68,0.0,0.0,0.0
geo_pessimistic,34,34,geothermal,WECC_NMAZ,0.0,2.66,0.0,2.66,0.0,0.0,0.0
geo_pessimistic,35,35,hydroelectric_pumped_storage,WECC_NMAZ,119.0,119.0,0.0,0.0,319.9823430094542,0.3069551657740054,0.027569925597732945
geo_pessimistic,36,36,hydroelectric_pumped_storage,WECC_NMAZ,97.3,97.3,0.0,0.0,314.6011606863297,0.36909942967699777,0.027106278776220696
geo_pessimistic,37,37,nuclear,WECC_NMAZ,4002.99,4002.99,0.0,0.0,37.68781764455568,0.0010747621873128056,0.003247211451197566
geo_pessimistic,38,38,onshore_wind_turbine,WECC_NMAZ,0.0,1235.1,0.0,1235.1,0.0,0.0,0.0
geo_pessimistic,39,39,solar_photovoltaic,WECC_NMAZ,6266.4,6266.4,0.0,0.0,3770.772296948528,0.06869230476122942,0.32489265093540454
geo_pessimistic,40,40,biomass,WECC_WYCO,0.0,4.8,0.0,4.8,0.0,0.0,0.0
geo_pessimistic,41,41,biomass,WECC_WYCO,0.0,8.04,0.0,8.04,0.0,0.0,0.0
geo_pessimistic,42,42,conventional_hydroelectric,WECC_WYCO,0.0,961.87,0.0,961.87,0.0,0.0,0.0
geo_pessimistic,43,43,hydroelectric_pumped_storage,WECC_WYCO,324.0,324.0,0.0,0.0,1167.5641955641986,0.4113690863225797,0.10059823207598302
geo_pessimistic,44,44,hydroelectric_pumped_storage,WECC_WYCO,238.5,238.5,0.0,0.0,710.5927107098294,0.3401169364798203,0.06122521630508385
geo_pessimistic,45,45,onshore_wind_turbine,WECC_WYCO,5751.7,5751.7,0.0,0.0,27713.675441115964,0.5500393935768675,2.387831662101152
geo_pessimistic,46,46,solar_photovoltaic,WECC_WYCO,593.1,593.1,0.0,0.0,4024.983409267958,0.7746973392776361,0.3467956765425286
geo_pessimistic,47,47,naturalgas_ccccsavgcf,CA_N,0.0,0.0,0.0,0.0,0.0,0.0,0.0
geo_pessimistic,48,48,new_onshore_wind,CA_N,0.0,0.0,0.0,0.0,0.0,0.0,0.0
geo_pessimistic,49,49,new_floating_offshore_wind,CA_N,0.0,0.0,0.0,0.0,0.0,0.0,0.0
geo_pessimistic,50,50,new_floating_offshore_wind,CA_N,0.0,0.0,0.0,0.0,0.0,0.0,0.0
geo_pessimistic,51,51,new_floating_offshore_wind,CA_N,0.0,0.0,0.0,0.0,0.0,0.0,0.0
geo_pessimistic,52,52,new_floating_offshore_wind,CA_N,0.0,0.0,0.0,0.0,0.0,0.0,0.0
geo_pessimistic,53,53,new_floating_offshore_wind,CA_N,0.0,0.0,0.0,0.0,0.0,0.0,0.0
geo_pessimistic,54,54,new_utility_pv,CA_N,0.0,0.0,0.0,0.0,0.0,0.0,0.0
geo_pessimistic,55,55,new_utility_pv,CA_N,0.0,0.0,0.0,0.0,0.0,0.0,0.0
geo_pessimistic,56,56,new_utility_pv,CA_N,0.0,0.0,0.0,0.0,0.0,0.0,0.0
geo_pessimistic,57,57,new_utility_pv,CA_N,21984.821159999996,0.0,21984.821159999996,0.0,153158.95767979513,0.7952713898044477,13.196293983426205
geo_pessimistic,58,58,battery,CA_N,23276.21139,0.0,23276.21139,0.0,26968.895074879656,0.13226555381799468,2.32366081101397
geo_pessimistic,59,59,nuclear,CA_N,0.0,0.0,0.0,0.0,0.0,0.0,0.0
geo_pessimistic,60,60,naturalgas_ccs100,CA_N,0.0,0.0,0.0,0.0,0.0,0.0,0.0
geo_pessimistic,61,61,naturalgas_ccccsavgcf,CA_S,0.0,0.0,0.0,0.0,0.0,0.0,0.0
geo_pessimistic,62,62,new_onshore_wind,CA_S,0.0,0.0,0.0,0.0,0.0,0.0,0.0
geo_pessimistic,63,63,new_onshore_wind,CA_S,0.0,0.0,0.0,0.0,0.0,0.0,0.0
geo_pessimistic,64,64,new_onshore_wind,CA_S,0.0,0.0,0.0,0.0,0.0,0.0,0.0
geo_pessimistic,65,65,new_utility_pv,CA_S,0.0,0.0,0.0,0.0,0.0,0.0,0.0
geo_pessimistic,66,66,new_utility_pv,CA_S,0.0,0.0,0.0,0.0,0.0,0.0,0.0
geo_pessimistic,67,67,new_utility_pv,CA_S,0.0,0.0,0.0,0.0,0.0,0.0,0.0
geo_pessimistic,68,68,new_utility_pv,CA_S,0.0,0.0,0.0,0.0,0.0,0.0,0.0
geo_pessimistic,69,69,new_utility_pv,CA_S,20451.59,0.0,20451.59,0.0,130215.73581322133,0.7268290643583376,11.219488282572174
geo_pessimistic,70,70,new_utility_pv,CA_S,20451.59,0.0,20451.59,0.0,103397.23076041315,0.5771354131779496,8.908785191912887
geo_pessimistic,71,71,new_utility_pv,CA_S,0.0,0.0,0.0,0.0,0.0,0.0,0.0
geo_pessimistic,72,72,new_utility_pv,CA_S,0.0,0.0,0.0,0.0,0.0,0.0,0.0
geo_pessimistic,73,73,new_utility_pv,CA_S,0.0,0.0,0.0,0.0,0.0,0.0,0.0
geo_pessimistic,74,74,new_utility_pv,CA_S,0.0,0.0,0.0,0.0,0.0,0.0,0.0
geo_pessimistic,75,75,battery,CA_S,0.0,0.0,0.0,0.0,0.0,0.0,0.0
geo_pessimistic,76,76,nuclear,CA_S,0.0,0.0,0.0,0.0,0.0,0.0,0.0
geo_pessimistic,77,77,naturalgas_ccs100,CA_S,0.0,0.0,0.0,0.0,0.0,0.0,0.0
geo_pessimistic,78,78,naturalgas_ccccsavgcf,WECC_N,0.0,0.0,0.0,0.0,0.0,0.0,0.0
geo_pessimistic,79,79,new_onshore_wind,WECC_N,0.0,0.0,0.0,0.0,0.0,0.0,0.0
geo_pessimistic,80,80,new_onshore_wind,WECC_N,0.0,0.0,0.0,0.0,0.0,0.0,0.0
geo_pessimistic,81,81,new_onshore_wind,WECC_N,0.0,0.0,0.0,0.0,0.0,0.0,0.0
geo_pessimistic,82,82,new_onshore_wind,WECC_N,0.0,0.0,0.0,0.0,0.0,0.0,0.0
geo_pessimistic,83,83,new_onshore_wind,WECC_N,0.0,0.0,0.0,0.0,0.0,0.0,0.0
geo_pessimistic,84,84,new_onshore_wind,WECC_N,0.0,0.0,0.0,0.0,0.0,0.0,0.0
geo_pessimistic,85,85,new_utility_pv,WECC_N,0.0,0.0,0.0,0.0,0.0,0.0,0.0
geo_pessimistic,86,86,new_utility_pv,WECC_N,27480.605069246205,0.0,27480.605069246205,0.0,144104.69748133377,0.5986152011648679,12.416171937733457
geo_pessimistic,87,87,new_utility_pv,WECC_N,0.0,0.0,0.0,0.0,0.0,0.0,0.0
geo_pessimistic,88,88,new_utility_pv,WECC_N,0.0,0.0,0.0,0.0,0.0,0.0,0.0
geo_pessimistic,89,89,new_utility_pv,WECC_N,0.0,0.0,0.0,0.0,0.0,0.0,0.0
geo_pessimistic,90,90,new_utility_pv,WECC_N,0.0,0.0,0.0,0.0,0.0,0.0,0.0
geo_pessimistic,91,91,new_utility_pv,WECC_N,0.0,0.0,0.0,0.0,0.0,0.0,0.0
geo_pessimistic,92,92,new_utility_pv,WECC_N,0.0,0.0,0.0,0.0,0.0,0.0,0.0
geo_pessimistic,93,93,battery,WECC_N,0.0,0.0,0.0,0.0,0.0,0.0,0.0
geo_pessimistic,94,94,nuclear,WECC_N,0.0,0.0,0.0,0.0,0.0,0.0,0.0
geo_pessimistic,95,95,naturalgas_ccs100,WECC_N,0.0,0.0,0.0,0.0,0.0,0.0,0.0
geo_pessimistic,96,96,naturalgas_ccccsavgcf,WECC_NMAZ,0.0,0.0,0.0,0.0,0.0,0.0,0.0
geo_pessimistic,97,97,new_onshore_wind,WECC_NMAZ,0.0,0.0,0.0,0.0,0.0,0.0,0.0
geo_pessimistic,98,98,new_onshore_wind,WECC_NMAZ,0.0,0.0,0.0,0.0,0.0,0.0,0.0
geo_pessimistic,99,99,new_onshore_wind,WECC_NMAZ,0.0,0.0,0.0,0.0,0.0,0.0,0.0
geo_pessimistic,100,100,new_onshore_wind,WECC_NMAZ,0.0,0.0,0.0,0.0,0.0,0.0,0.0
geo_pessimistic,101,101,new_onshore_wind,WECC_NMAZ,0.0,0.0,0.0,0.0,0.0,0.0,0.0
geo_pessimistic,102,102,new_onshore_wind,WECC_NMAZ,0.0,0.0,0.0,0.0,0.0,0.0,0.0
geo_pessimistic,103,103,new_onshore_wind,WECC_NMAZ,0.0,0.0,0.0,0.0,0.0,0.0,0.0
geo_pessimistic,104,104,new_utility_pv,WECC_NMAZ,41235.9608820632,0.0,41235.9608820632,0.0,207663.95901219425,0.5748849035405332,17.892486958656033
geo_pessimistic,105,105,new_utility_pv,WECC_NMAZ,0.0,0.0,0.0,0.0,0.0,0.0,0.0
geo_pessimistic,106,106,new_utility_pv,WECC_NMAZ,0.0,0.0,0.0,0.0,0.0,0.0,0.0
geo_pessimistic,107,107,new_utility_pv,WECC_NMAZ,0.0,0.0,0.0,0.0,0.0,0.0,0.0
geo_pessimistic,108,108,new_utility_pv,WECC_NMAZ,0.0,0.0,0.0,0.0,0.0,0.0,0.0
geo_pessimistic,109,109,new_utility_pv,WECC_NMAZ,0.0,0.0,0.0,0.0,0.0,0.0,0.0
geo_pessimistic,110,110,new_utility_pv,WECC_NMAZ,0.0,0.0,0.0,0.0,0.0,0.0,0.0
geo_pessimistic,111,111,new_utility_pv,WECC_NMAZ,0.0,0.0,0.0,0.0,0.0,0.0,0.0
geo_pessimistic,112,112,new_utility_pv,WECC_NMAZ,0.0,0.0,0.0,0.0,0.0,0.0,0.0
geo_pessimistic,113,113,new_utility_pv,WECC_NMAZ,0.0,0.0,0.0,0.0,0.0,0.0,0.0
geo_pessimistic,114,114,new_utility_pv,WECC_NMAZ,0.0,0.0,0.0,0.0,0.0,0.0,0.0
geo_pessimistic,115,115,new_utility_pv,WECC_NMAZ,0.0,0.0,0.0,0.0,0.0,0.0,0.0
geo_pessimistic,116,116,battery,WECC_NMAZ,0.0,0.0,0.0,0.0,0.0,0.0,0.0
geo_pessimistic,117,117,nuclear,WECC_NMAZ,0.0,0.0,0.0,0.0,0.0,0.0,0.0
geo_pessimistic,118,118,naturalgas_ccs100,WECC_NMAZ,0.0,0.0,0.0,0.0,0.0,0.0,0.0
geo_pessimistic,119,119,naturalgas_ccccsavgcf,WECC_PNW,0.0,0.0,0.0,0.0,0.0,0.0,0.0
geo_pessimistic,120,120,new_onshore_wind,WECC_PNW,0.0,0.0,0.0,0.0,0.0,0.0,0.0
geo_pessimistic,121,121,new_floating_offshore_wind,WECC_PNW,0.0,0.0,0.0,0.0,0.0,0.0,0.0
geo_pessimistic,122,122,new_floating_offshore_wind,WECC_PNW,0.0,0.0,0.0,0.0,0.0,0.0,0.0
geo_pessimistic,123,123,new_floating_offshore_wind,WECC_PNW,0.0,0.0,0.0,0.0,0.0,0.0,0.0
geo_pessimistic,124,124,new_utility_pv,WECC_PNW,0.0,0.0,0.0,0.0,0.0,0.0,0.0
geo_pessimistic,125,125,battery,WECC_PNW,0.0,0.0,0.0,0.0,0.0,0.0,0.0
geo_pessimistic,126,126,nuclear,WECC_PNW,0.0,0.0,0.0,0.0,0.0,0.0,0.0
geo_pessimistic,127,127,naturalgas_ccs100,WECC_PNW,0.0,0.0,0.0,0.0,0.0,0.0,0.0
geo_pessimistic,128,128,naturalgas_ccccsavgcf,WECC_WYCO,0.0,0.0,0.0,0.0,0.0,0.0,0.0
geo_pessimistic,129,129,new_onshore_wind,WECC_WYCO,0.0,0.0,0.0,0.0,0.0,0.0,0.0
geo_pessimistic,130,130,new_onshore_wind,WECC_WYCO,0.0,0.0,0.0,0.0,0.0,0.0,0.0
geo_pessimistic,131,131,new_onshore_wind,WECC_WYCO,0.0,0.0,0.0,0.0,0.0,0.0,0.0
geo_pessimistic,132,132,new_onshore_wind,WECC_WYCO,0.0,0.0,0.0,0.0,0.0,0.0,0.0
geo_pessimistic,133,133,new_onshore_wind,WECC_WYCO,0.0,0.0,0.0,0.0,0.0,0.0,0.0
geo_pessimistic,134,134,new_onshore_wind,WECC_WYCO,0.0,0.0,0.0,0.0,0.0,0.0,0.0
geo_pessimistic,135,135,new_onshore_wind,WECC_WYCO,0.0,0.0,0.0,0.0,0.0,0.0,0.0
geo_pessimistic,136,136,new_utility_pv,WECC_WYCO,0.0,0.0,0.0,0.0,0.0,0.0,0.0
geo_pessimistic,137,137,new_utility_pv,WECC_WYCO,14675.7,0.0,14675.7,0.0,104080.8535611343,0.8095951796029106,8.967686659961199
geo_pessimistic,138,138,new_utility_pv,WECC_WYCO,0.0,0.0,0.0,0.0,0.0,0.0,0.0
geo_pessimistic,139,139,new_utility_pv,WECC_WYCO,0.0,0.0,0.0,0.0,0.0,0.0,0.0
geo_pessimistic,140,140,new_utility_pv,WECC_WYCO,0.0,0.0,0.0,0.0,0.0,0.0,0.0
geo_pessimistic,141,141,battery,WECC_WYCO,0.0,0.0,0.0,0.0,0.0,0.0,0.0
geo_pessimistic,142,142,nuclear,WECC_WYCO,0.0,0.0,0.0,0.0,0.0,0.0,0.0
geo_pessimistic,143,143,naturalgas_ccs100,WECC_WYCO,0.0,0.0,0.0,0.0,0.0,0.0,0.0
geo_pessimistic,144,156,new_biogas_CCGT,CA_N,0.0,0.0,0.0,0.0,0.0,0.0,0.0
geo_pessimistic,145,157,new_biogas_CCGT,CA_S,0.0,0.0,0.0,0.0,0.0,0.0,0.0
geo_pessimistic,146,158,new_biogas_CCGT,WECC_N,0.0,0.0,0.0,0.0,0.0,0.0,0.0
geo_pessimistic,147,159,new_biogas_CCGT,WECC_NMAZ,0.0,0.0,0.0,0.0,0.0,0.0,0.0
geo_pessimistic,148,160,new_biogas_CCGT,WECC_PNW,0.0,0.0,0.0,0.0,0.0,0.0,0.0
geo_pessimistic,149,161,new_biogas_CCGT,WECC_WYCO,0.0,0.0,0.0,0.0,0.0,0.0,0.0
geo_pessimistic,150,162,biomass,WECC_PNW,0.0,28.4,0.0,28.4,0.0,0.0,0.0
geo_pessimistic,151,163,biomass,WECC_PNW,0.0,74.43,0.0,74.43,0.0,0.0,0.0
geo_pessimistic,152,164,conventional_hydroelectric,WECC_PNW,29850.0,29850.0,0.0,0.0,230574.41409363615,0.8817849295703638,19.86646944801762
geo_pessimistic,153,165,geothermal,WECC_PNW,14.49,14.49,0.0,0.0,68.20446442828973,0.5373290383565561,0.005876549287176177
geo_pessimistic,154,166,geothermal,WECC_PNW,1.17,1.17,0.0,0.0,8.076325017857327,0.7879956501831682,0.0006958623958786905
geo_pessimistic,155,167,hydroelectric_pumped_storage,WECC_PNW,214.0,214.0,0.0,0.0,725.4737014237659,0.38699361019916667,0.0625073739483625
geo_pessimistic,156,168,hydroelectric_pumped_storage,WECC_PNW,100.0,100.0,0.0,0.0,288.72863831813436,0.3295989021896511,0.024877082283663754
geo_pessimistic,157,169,nuclear,WECC_PNW,1163.0,1163.0,0.0,0.0,39.8754478021978,0.003914008390577608,0.0034356993537308883
geo_pessimistic,158,170,onshore_wind_turbine,WECC_PNW,5254.0,5254.0,0.0,0.0,23860.880553137893,0.5184325869817363,2.055871881427433
geo_pessimistic,159,171,solar_photovoltaic,WECC_PNW,209.9,209.9,0.0,0.0,1128.8665779059504,0.6139401986953726,0.09726401547636303
bat_pessimistic,1,1,biomass,CA_N,36.72,36.72,0.0,0.0,135.9563830813139,0.4226616300366151,0.011714106881134861
bat_pessimistic,2,2,biomass,CA_N,0.0,33.06,0.0,33.06,0.0,0.0,0.0
bat_pessimistic,3,3,conventional_hydroelectric,CA_N,0.0,6607.44,0.0,6607.44,0.0,0.0,0.0
bat_pessimistic,4,4,geothermal,CA_N,0.0,542.55,0.0,542.55,0.0,0.0,0.0
bat_pessimistic,5,5,geothermal,CA_N,0.0,100.32,0.0,100.32,0.0,0.0,0.0
bat_pessimistic,6,6,hydroelectric_pumped_storage,CA_N,615.15,615.15,0.0,0.0,1456.8885612900042,0.2703592288048696,0.12552664269280278
bat_pessimistic,7,7,hydroelectric_pumped_storage,CA_N,1175.8,1175.8,0.0,0.0,2151.885138876803,0.20892072500106829,0.1854080841327792
bat_pessimistic,8,8,onshore_wind_turbine,CA_N,1327.6,1327.6,0.0,0.0,1557.221690722019,0.133899542925162,0.13417142254975453
bat_pessimistic,9,9,small_hydroelectric,CA_N,231.4,231.4,0.0,0.0,1406.0101181136265,0.6936190066587076,0.12114291676683887
bat_pessimistic,10,10,small_hydroelectric,CA_N,1.95,1.95,0.0,0.0,13.650348214285811,0.7991071428571486,0.0011761245358463026
bat_pessimistic,11,11,solar_photovoltaic,CA_N,2787.1,2787.1,0.0,0.0,4536.540950522367,0.1858096126873159,0.3908718690558341
bat_pessimistic,12,12,biomass,CA_S,0.0,67.2,0.0,67.2,0.0,0.0,0.0
bat_pessimistic,13,13,biomass,CA_S,0.0,38.1,0.0,38.1,0.0,0.0,0.0
bat_pessimistic,14,14,conventional_hydroelectric,CA_S,0.0,1396.0,0.0,1396.0,0.0,0.0,0.0
bat_pessimistic,15,15,geothermal,CA_S,0.0,535.15,0.0,535.15,0.0,0.0,0.0
bat_pessimistic,16,16,geothermal,CA_S,0.0,73.02,0.0,73.02,0.0,0.0,0.0
bat_pessimistic,17,17,hydroelectric_pumped_storage,CA_S,1623.0,1623.0,0.0,0.0,2016.77545974852,0.14185182323087636,0.17376692991762216
bat_pessimistic,18,18,hydroelectric_pumped_storage,CA_S,42.0,42.0,0.0,0.0,92.40868793446772,0.2511651661623932,0.007962003862388505
bat_pessimistic,19,19,onshore_wind_turbine,CA_S,4735.6,4735.6,0.0,0.0,7108.884573564297,0.17136508654268537,0.6125069806437677
bat_pessimistic,20,20,small_hydroelectric,CA_S,126.44,126.44,0.0,0.0,695.4774442706868,0.6279057443372773,0.059922873284535494
bat_pessimistic,21,21,small_hydroelectric,CA_S,7.0,7.0,0.0,0.0,30.236950961537847,0.49310096153845157,0.0026052390281024592
bat_pessimistic,22,22,solar_photovoltaic,CA_S,9520.0,9520.0,0.0,0.0,9685.13209661553,0.11613536626347236,0.8344784552690653
bat_pessimistic,23,23,biomass,WECC_N,6.24,6.24,0.0,0.0,20.46332245714287,0.37435828754578776,0.0017631356540481914
bat_pessimistic,24,24,biomass,WECC_N,0.0,13.8,0.0,13.8,0.0,0.0,0.0
bat_pessimistic,25,25,conventional_hydroelectric,WECC_N,0.0,4648.1,0.0,4648.1,0.0,0.0,0.0
bat_pessimistic,26,26,geothermal,WECC_N,0.0,165.24,0.0,165.24,0.0,0.0,0.0
bat_pessimistic,27,27,geothermal,WECC_N,0.0,215.16,0.0,215.16,0.0,0.0,0.0
bat_pessimistic,28,28,onshore_wind_turbine,WECC_N,3893.9,3893.9,0.0,0.0,5407.096999997333,0.1585167867642802,0.4658796500694633
bat_pessimistic,29,29,solar_photovoltaic,WECC_N,1185.7,1185.7,0.0,0.0,1606.3986869122411,0.15465872104067394,0.13840855049041834
bat_pessimistic,30,30,biomass,WECC_NMAZ,0.0,3.54,0.0,3.54,0.0,0.0,0.0
bat_pessimistic,31,31,biomass,WECC_NMAZ,0.0,11.4,0.0,11.4,0.0,0.0,0.0
bat_pessimistic,32,32,conventional_hydroelectric,WECC_NMAZ,0.0,3960.0,0.0,3960.0,0.0,0.0,0.0
bat_pessimistic,33,33,geothermal,WECC_NMAZ,0.0,0.68,0.0,0.68,0.0,0.0,0.0
bat_pessimistic,34,34,geothermal,WECC_NMAZ,0.0,2.66,0.0,2.66,0.0,0.0,0.0
bat_pessimistic,35,35,hydroelectric_pumped_storage,WECC_NMAZ,119.0,119.0,0.0,0.0,424.9468592009949,0.40764634818406326,0.03661374931183492
bat_pessimistic,36,36,hydroelectric_pumped_storage,WECC_NMAZ,97.3,97.3,0.0,0.0,280.1213079515075,0.32864664192502063,0.024135468057168766
bat_pessimistic,37,37,nuclear,WECC_NMAZ,4002.99,4002.99,0.0,0.0,36.12588502747253,0.0010302197802197802,0.0031126341315972075
bat_pessimistic,38,38,onshore_wind_turbine,WECC_NMAZ,0.0,1235.1,0.0,1235.1,0.0,0.0,0.0
bat_pessimistic,39,39,solar_photovoltaic,WECC_NMAZ,6266.4,6266.4,0.0,0.0,5196.663767519807,0.09466782482436967,0.44774856037204086
bat_pessimistic,40,40,biomass,WECC_WYCO,0.0,4.8,0.0,4.8,0.0,0.0,0.0
bat_pessimistic,41,41,biomass,WECC_WYCO,0.0,8.04,0.0,8.04,0.0,0.0,0.0
bat_pessimistic,42,42,conventional_hydroelectric,WECC_WYCO,0.0,961.87,0.0,961.87,0.0,0.0,0.0
bat_pessimistic,43,43,hydroelectric_pumped_storage,WECC_WYCO,324.0,324.0,0.0,0.0,823.1235003320768,0.29001194413864817,0.07092095597671891
bat_pessimistic,44,44,hydroelectric_pumped_storage,WECC_WYCO,238.5,238.5,0.0,0.0,635.8714457290157,0.30435247203747534,0.054787174453416264
bat_pessimistic,45,45,onshore_wind_turbine,WECC_WYCO,5751.7,5751.7,0.0,0.0,29590.092546153905,0.5872810553241615,2.5495052078651477
bat_pessimistic,46,46,solar_photovoltaic,WECC_WYCO,593.1,593.1,0.0,0.0,4429.916643663086,0.8526357224641763,0.38168503649697205
bat_pessimistic,47,47,naturalgas_ccccsavgcf,CA_N,0.0,0.0,0.0,0.0,0.0,0.0,0.0
bat_pessimistic,48,48,new_onshore_wind,CA_N,0.0,0.0,0.0,0.0,0.0,0.0,0.0
bat_pessimistic,49,49,new_floating_offshore_wind,CA_N,0.0,0.0,0.0,0.0,0.0,0.0,0.0
bat_pessimistic,50,50,new_floating_offshore_wind,CA_N,0.0,0.0,0.0,0.0,0.0,0.0,0.0
bat_pessimistic,51,51,new_floating_offshore_wind,CA_N,0.0,0.0,0.0,0.0,0.0,0.0,0.0
bat_pessimistic,52,52,new_floating_offshore_wind,CA_N,0.0,0.0,0.0,0.0,0.0,0.0,0.0
bat_pessimistic,53,53,new_floating_offshore_wind,CA_N,0.0,0.0,0.0,0.0,0.0,0.0,0.0
bat_pessimistic,54,54,new_utility_pv,CA_N,0.0,0.0,0.0,0.0,0.0,0.0,0.0
bat_pessimistic,55,55,new_utility_pv,CA_N,0.0,0.0,0.0,0.0,0.0,0.0,0.0
bat_pessimistic,56,56,new_utility_pv,CA_N,0.0,0.0,0.0,0.0,0.0,0.0,0.0
bat_pessimistic,57,57,new_utility_pv,CA_N,20704.710479999994,0.0,20704.710479999994,0.0,149174.48254452573,0.8224722840356028,12.852988531030828
bat_pessimistic,58,58,battery,CA_N,26598.092070000006,0.0,26598.092070000006,0.0,14556.084713906685,0.06247265788014587,1.25416349159256
bat_pessimistic,59,59,nuclear,CA_N,0.0,0.0,0.0,0.0,0.0,0.0,0.0
bat_pessimistic,60,60,naturalgas_ccs100,CA_N,0.0,0.0,0.0,0.0,0.0,0.0,0.0
bat_pessimistic,61,61,naturalgas_ccccsavgcf,CA_S,0.0,0.0,0.0,0.0,0.0,0.0,0.0
bat_pessimistic,62,62,new_onshore_wind,CA_S,0.0,0.0,0.0,0.0,0.0,0.0,0.0
bat_pessimistic,63,63,new_onshore_wind,CA_S,0.0,0.0,0.0,0.0,0.0,0.0,0.0
bat_pessimistic,64,64,new_onshore_wind,CA_S,0.0,0.0,0.0,0.0,0.0,0.0,0.0
bat_pessimistic,65,65,new_utility_pv,CA_S,0.0,0.0,0.0,0.0,0.0,0.0,0.0
bat_pessimistic,66,66,new_utility_pv,CA_S,0.0,0.0,0.0,0.0,0.0,0.0,0.0
bat_pessimistic,67,67,new_utility_pv,CA_S,0.0,0.0,0.0,0.0,0.0,0.0,0.0
bat_pessimistic,68,68,new_utility_pv,CA_S,0.0,0.0,0.0,0.0,0.0,0.0,0.0
bat_pessimistic,69,69,new_utility_pv,CA_S,20451.59,0.0,20451.59,0.0,108861.83508300385,0.6076373584464864,9.379619717274256
bat_pessimistic,70,70,new_utility_pv,CA_S,19556.457043312214,0.0,19556.457043312214,0.0,121961.40803243218,0.7119150024304014,10.508289031278071
bat_pessimistic,71,71,new_utility_pv,CA_S,0.0,0.0,0.0,0.0,0.0,0.0,0.0
bat_pessimistic,72,72,new_utility_pv,CA_S,0.0,0.0,0.0,0.0,0.0,0.0,0.0
bat_pessimistic,73,73,new_utility_pv,CA_S,0.0,0.0,0.0,0.0,0.0,0.0,0.0
bat_pessimistic,74,74,new_utility_pv,CA_S,0.0,0.0,0.0,0.0,0.0,0.0,0.0
bat_pessimistic,75,75,battery,CA_S,0.0,0.0,0.0,0.0,0.0,0.0,0.0
bat_pessimistic,76,76,nuclear,CA_S,0.0,0.0,0.0,0.0,0.0,0.0,0.0
bat_pessimistic,77,77,naturalgas_ccs100,CA_S,0.0,0.0,0.0,0.0,0.0,0.0,0.0
bat_pessimistic,78,78,naturalgas_ccccsavgcf,WECC_N,0.0,0.0,0.0,0.0,0.0,0.0,0.0
bat_pessimistic,79,79,new_onshore_wind,WECC_N,0.0,0.0,0.0,0.0,0.0,0.0,0.0
bat_pessimistic,80,80,new_onshore_wind,WECC_N,0.0,0.0,0.0,0.0,0.0,0.0,0.0
bat_pessimistic,81,81,new_onshore_wind,WECC_N,0.0,0.0,0.0,0.0,0.0,0.0,0.0
bat_pessimistic,82,82,new_onshore_wind,WECC_N,0.0,0.0,0.0,0.0,0.0,0.0,0.0
bat_pessimistic,83,83,new_onshore_wind,WECC_N,0.0,0.0,0.0,0.0,0.0,0.0,0.0
bat_pessimistic,84,84,new_onshore_wind,WECC_N,0.0,0.0,0.0,0.0,0.0,0.0,0.0
bat_pessimistic,85,85,new_utility_pv,WECC_N,0.0,0.0,0.0,0.0,0.0,0.0,0.0
bat_pessimistic,86,86,new_utility_pv,WECC_N,26992.498025933994,0.0,26992.498025933994,0.0,138206.41977801445,0.5844953121410168,11.907971779231348
bat_pessimistic,87,87,new_utility_pv,WECC_N,0.0,0.0,0.0,0.0,0.0,0.0,0.0
bat_pessimistic,88,88,new_utility_pv,WECC_N,0.0,0.0,0.0,0.0,0.0,0.0,0.0
bat_pessimistic,89,89,new_utility_pv,WECC_N,0.0,0.0,0.0,0.0,0.0,0.0,0.0
bat_pessimistic,90,90,new_utility_pv,WECC_N,0.0,0.0,0.0,0.0,0.0,0.0,0.0
bat_pessimistic,91,91,new_utility_pv,WECC_N,0.0,0.0,0.0,0.0,0.0,0.0,0.0
bat_pessimistic,92,92,new_utility_pv,WECC_N,0.0,0.0,0.0,0.0,0.0,0.0,0.0
bat_pessimistic,93,93,battery,WECC_N,0.0,0.0,0.0,0.0,0.0,0.0,0.0
bat_pessimistic,94,94,nuclear,WECC_N,0.0,0.0,0.0,0.0,0.0,0.0,0.0
bat_pessimistic,95,95,naturalgas_ccs100,WECC_N,0.0,0.0,0.0,0.0,0.0,0.0,0.0
bat_pessimistic,96,96,naturalgas_ccccsavgcf,WECC_NMAZ,0.0,0.0,0.0,0.0,0.0,0.0,0.0
bat_pessimistic,97,97,new_onshore_wind,WECC_NMAZ,0.0,0.0,0.0,0.0,0.0,0.0,0.0
bat_pessimistic,98,98,new_onshore_wind,WECC_NMAZ,0.0,0.0,0.0,0.0,0.0,0.0,0.0
bat_pessimistic,99,99,new_onshore_wind,WECC_NMAZ,0.0,0.0,0.0,0.0,0.0,0.0,0.0
bat_pessimistic,100,100,new_onshore_wind,WECC_NMAZ,0.0,0.0,0.0,0.0,0.0,0.0,0.0
bat_pessimistic,101,101,new_onshore_wind,WECC_NMAZ,0.0,0.0,0.0,0.0,0.0,0.0,0.0
bat_pessimistic,102,102,new_onshore_wind,WECC_NMAZ,0.0,0.0,0.0,0.0,0.0,0.0,0.0
bat_pessimistic,103,103,new_onshore_wind,WECC_NMAZ,0.0,0.0,0.0,0.0,0.0,0.0,0.0
bat_pessimistic,104,104,new_utility_pv,WECC_NMAZ,41235.9608820632,0.0,41235.9608820632,0.0,209136.28931738832,0.5789608176736717,18.019344073919697
bat_pessimistic,105,105,new_utility_pv,WECC_NMAZ,0.0,0.0,0.0,0.0,0.0,0.0,0.0
bat_pessimistic,106,106,new_utility_pv,WECC_NMAZ,0.0,0.0,0.0,0.0,0.0,0.0,0.0
bat_pessimistic,107,107,new_utility_pv,WECC_NMAZ,0.0,0.0,0.0,0.0,0.0,0.0,0.0
bat_pessimistic,108,108,new_utility_pv,WECC_NMAZ,0.0,0.0,0.0,0.0,0.0,0.0,0.0
bat_pessimistic,109,109,new_utility_pv,WECC_NMAZ,0.0,0.0,0.0,0.0,0.0,0.0,0.0
bat_pessimistic,110,110,new_utility_pv,WECC_NMAZ,0.0,0.0,0.0,0.0,0.0,0.0,0.0
bat_pessimistic,111,111,new_utility_pv,WECC_NMAZ,0.0,0.0,0.0,0.0,0.0,0.0,0.0
bat_pessimistic,112,112,new_utility_pv,WECC_NMAZ,0.0,0.0,0.0,0.0,0.0,0.0,0.0
bat_pessimistic,113,113,new_utility_pv,WECC_NMAZ,0.0,0.0,0.0,0.0,0.0,0.0,0.0
bat_pessimistic,114,114,new_utility_pv,WECC_NMAZ,0.0,0.0,0.0,0.0,0.0,0.0,0.0
bat_pessimistic,115,115,new_utility_pv,WECC_NMAZ,0.0,0.0,0.0,0.0,0.0,0.0,0.0
bat_pessimistic,116,116,battery,WECC_NMAZ,0.0,0.0,0.0,0.0,0.0,0.0,0.0
bat_pessimistic,117,117,nuclear,WECC_NMAZ,0.0,0.0,0.0,0.0,0.0,0.0,0.0
bat_pessimistic,118,118,naturalgas_ccs100,WECC_NMAZ,0.0,0.0,0.0,0.0,0.0,0.0,0.0
bat_pessimistic,119,119,naturalgas_ccccsavgcf,WECC_PNW,0.0,0.0,0.0,0.0,0.0,0.0,0.0
bat_pessimistic,120,120,new_onshore_wind,WECC_PNW,0.0,0.0,0.0,0.0,0.0,0.0,0.0
bat_pessimistic,121,121,new_floating_offshore_wind,WECC_PNW,0.0,0.0,0.0,0.0,0.0,0.0,0.0
bat_pessimistic,122,122,new_floating_offshore_wind,WECC_PNW,0.0,0.0,0.0,0.0,0.0,0.0,0.0
bat_pessimistic,123,123,new_floating_offshore_wind,WECC_PNW,0.0,0.0,0.0,0.0,0.0,0.0,0.0
bat_pessimistic,124,124,new_utility_pv,WECC_PNW,0.0,0.0,0.0,0.0,0.0,0.0,0.0
bat_pessimistic,125,125,battery,WECC_PNW,0.0,0.0,0.0,0.0,0.0,0.0,0.0
bat_pessimistic,126,126,nuclear,WECC_PNW,0.0,0.0,0.0,0.0,0.0,0.0,0.0
bat_pessimistic,127,127,naturalgas_ccs100,WECC_PNW,0.0,0.0,0.0,0.0,0.0,0.0,0.0
bat_pessimistic,128,128,naturalgas_ccccsavgcf,WECC_WYCO,0.0,0.0,0.0,0.0,0.0,0.0,0.0
bat_pessimistic,129,129,new_onshore_wind,WECC_WYCO,0.0,0.0,0.0,0.0,0.0,0.0,0.0
bat_pessimistic,130,130,new_onshore_wind,WECC_WYCO,0.0,0.0,0.0,0.0,0.0,0.0,0.0
bat_pessimistic,131,131,new_onshore_wind,WECC_WYCO,0.0,0.0,0.0,0.0,0.0,0.0,0.0
bat_pessimistic,132,132,new_onshore_wind,WECC_WYCO,0.0,0.0,0.0,0.0,0.0,0.0,0.0
bat_pessimistic,133,133,new_onshore_wind,WECC_WYCO,0.0,0.0,0.0,0.0,0.0,0.0,0.0
bat_pessimistic,134,134,new_onshore_wind,WECC_WYCO,0.0,0.0,0.0,0.0,0.0,0.0,0.0
bat_pessimistic,135,135,new_onshore_wind,WECC_WYCO,0.0,0.0,0.0,0.0,0.0,0.0,0.0
bat_pessimistic,136,136,new_utility_pv,WECC_WYCO,0.0,0.0,0.0,0.0,0.0,0.0,0.0
bat_pessimistic,137,137,new_utility_pv,WECC_WYCO,14675.7,0.0,14675.7,0.0,100681.02718189616,0.7831495562827553,8.674754995547342
bat_pessimistic,138,138,new_utility_pv,WECC_WYCO,0.0,0.0,0.0,0.0,0.0,0.0,0.0
bat_pessimistic,139,139,new_utility_pv,WECC_WYCO,0.0,0.0,0.0,0.0,0.0,0.0,0.0
bat_pessimistic,140,140,new_utility_pv,WECC_WYCO,0.0,0.0,0.0,0.0,0.0,0.0,0.0
bat_pessimistic,141,141,battery,WECC_WYCO,0.0,0.0,0.0,0.0,0.0,0.0,0.0
bat_pessimistic,142,142,nuclear,WECC_WYCO,0.0,0.0,0.0,0.0,0.0,0.0,0.0
bat_pessimistic,143,143,naturalgas_ccs100,WECC_WYCO,0.0,0.0,0.0,0.0,0.0,0.0,0.0
bat_pessimistic,144,156,new_biogas_CCGT,CA_N,0.0,0.0,0.0,0.0,0.0,0.0,0.0
bat_pessimistic,145,157,new_biogas_CCGT,CA_S,0.0,0.0,0.0,0.0,0.0,0.0,0.0
bat_pessimistic,146,158,new_biogas_CCGT,WECC_N,0.0,0.0,0.0,0.0,0.0,0.0,0.0
bat_pessimistic,147,159,new_biogas_CCGT,WECC_NMAZ,0.0,0.0,0.0,0.0,0.0,0.0,0.0
bat_pessimistic,148,160,new_biogas_CCGT,WECC_PNW,0.0,0.0,0.0,0.0,0.0,0.0,0.0
bat_pessimistic,149,161,new_biogas_CCGT,WECC_WYCO,0.0,0.0,0.0,0.0,0.0,0.0,0.0
bat_pessimistic,150,162,biomass,WECC_PNW,0.0,28.4,0.0,28.4,0.0,0.0,0.0
bat_pessimistic,151,163,biomass,WECC_PNW,0.0,74.43,0.0,74.43,0.0,0.0,0.0
bat_pessimistic,152,164,conventional_hydroelectric,WECC_PNW,29850.0,29850.0,0.0,0.0,240893.0210442041,0.9212463422294275,20.755528585543225
bat_pessimistic,153,165,geothermal,WECC_PNW,0.0,14.49,0.0,14.49,0.0,0.0,0.0
bat_pessimistic,154,166,geothermal,WECC_PNW,0.0,1.17,0.0,1.17,0.0,0.0,0.0
bat_pessimistic,155,167,hydroelectric_pumped_storage,WECC_PNW,214.0,214.0,0.0,0.0,588.378984632681,0.3138623867156793,0.0506951873563642
bat_pessimistic,156,168,hydroelectric_pumped_storage,WECC_PNW,100.0,100.0,0.0,0.0,283.2427556893359,0.3233364790974154,0.024404414403019475
bat_pessimistic,157,169,nuclear,WECC_PNW,1163.0,1163.0,0.0,0.0,23.82417110309621,0.0023384817158325585,0.0020527089668838853
bat_pessimistic,158,170,onshore_wind_turbine,WECC_PNW,5254.0,5254.0,0.0,0.0,24501.399781147855,0.532349342469835,2.111059512388777
bat_pessimistic,159,171,solar_photovoltaic,WECC_PNW,209.9,209.9,0.0,0.0,1285.5367652184098,0.6991461280857865,0.11076283971448597
bat_moderate,1,1,biomass,CA_N,36.72,36.72,0.0,0.0,136.4245973802148,0.42411721611720066,0.011754448586439868
bat_moderate,2,2,biomass,CA_N,0.0,33.06,0.0,33.06,0.0,0.0,0.0
bat_moderate,3,3,conventional_hydroelectric,CA_N,0.0,6607.44,0.0,6607.44,0.0,0.0,0.0
bat_moderate,4,4,geothermal,CA_N,0.0,542.55,0.0,542.55,0.0,0.0,0.0
bat_moderate,5,5,geothermal,CA_N,0.0,100.32,0.0,100.32,0.0,0.0,0.0
bat_moderate,6,6,hydroelectric_pumped_storage,CA_N,615.15,615.15,0.0,0.0,1307.5098217062393,0.24263856306091572,0.11265605521765
bat_moderate,7,7,hydroelectric_pumped_storage,CA_N,1175.8,1175.8,0.0,0.0,2338.8247084112318,0.2270701836747342,0.20151494170142994
bat_moderate,8,8,onshore_wind_turbine,CA_N,1327.6,1327.6,0.0,0.0,1450.9151542926988,0.12475865006279561,0.12501196933635506
bat_moderate,9,9,small_hydroelectric,CA_N,231.4,231.4,0.0,0.0,1486.7421951278427,0.7334461048727828,0.12809885482172906
bat_moderate,10,10,small_hydroelectric,CA_N,1.95,1.95,0.0,0.0,13.884991071428654,0.8128434065934115,0.0011963415454869766
bat_moderate,11,11,solar_photovoltaic,CA_N,2787.1,2787.1,0.0,0.0,4605.057776904355,0.18861595459218403,0.3967753316899844
bat_moderate,12,12,biomass,CA_S,0.0,67.2,0.0,67.2,0.0,0.0,0.0
bat_moderate,13,13,biomass,CA_S,0.0,38.1,0.0,38.1,0.0,0.0,0.0
bat_moderate,14,14,conventional_hydroelectric,CA_S,0.0,1396.0,0.0,1396.0,0.0,0.0,0.0
bat_moderate,15,15,geothermal,CA_S,0.0,535.15,0.0,535.15,0.0,0.0,0.0
bat_moderate,16,16,geothermal,CA_S,0.0,73.02,0.0,73.02,0.0,0.0,0.0
bat_moderate,17,17,hydroelectric_pumped_storage,CA_S,1623.0,1623.0,0.0,0.0,2215.833869384652,0.15585278610447506,0.1909179561013046
bat_moderate,18,18,hydroelectric_pumped_storage,CA_S,42.0,42.0,0.0,0.0,126.5629400930764,0.34399581456043815,0.010904760584534358
bat_moderate,19,19,onshore_wind_turbine,CA_S,4735.6,4735.6,0.0,0.0,8253.373677833344,0.19895386961697448,0.7111170450471694
bat_moderate,20,20,small_hydroelectric,CA_S,126.44,126.44,0.0,0.0,762.3080115861939,0.6882431391160985,0.06568104653626512
bat_moderate,21,21,small_hydroelectric,CA_S,7.0,7.0,0.0,0.0,33.89846249999976,0.5528124999999962,0.0029207176877722933
bat_moderate,22,22,solar_photovoltaic,CA_S,9520.0,9520.0,0.0,0.0,12198.656800639283,0.1462752868347253,1.0510456834049975
bat_moderate,23,23,biomass,WECC_N,6.24,6.24,0.0,0.0,20.4868242857143,0.3747882326007328,0.0017651605897338013
bat_moderate,24,24,biomass,WECC_N,0.0,13.8,0.0,13.8,0.0,0.0,0.0
bat_moderate,25,25,conventional_hydroelectric,WECC_N,0.0,4648.1,0.0,4648.1,0.0,0.0,0.0
bat_moderate,26,26,geothermal,WECC_N,0.0,165.24,0.0,165.24,0.0,0.0,0.0
bat_moderate,27,27,geothermal,WECC_N,0.0,215.16,0.0,215.16,0.0,0.0,0.0
bat_moderate,28,28,onshore_wind_turbine,WECC_N,3893.9,3893.9,0.0,0.0,5008.810407051225,0.14684044529580997,0.431562969871349
bat_moderate,29,29,solar_photovoltaic,WECC_N,1185.7,1185.7,0.0,0.0,1351.9907069382202,0.1301651671515372,0.11648856261425586
bat_moderate,30,30,biomass,WECC_NMAZ,0.0,3.54,0.0,3.54,0.0,0.0,0.0
bat_moderate,31,31,biomass,WECC_NMAZ,0.0,11.4,0.0,11.4,0.0,0.0,0.0
bat_moderate,32,32,conventional_hydroelectric,WECC_NMAZ,0.0,3960.0,0.0,3960.0,0.0,0.0,0.0
bat_moderate,33,33,geothermal,WECC_NMAZ,0.0,0.68,0.0,0.68,0.0,0.0,0.0
bat_moderate,34,34,geothermal,WECC_NMAZ,0.0,2.66,0.0,2.66,0.0,0.0,0.0
bat_moderate,35,35,hydroelectric_pumped_storage,WECC_NMAZ,119.0,119.0,0.0,0.0,312.3064316857128,0.29959175749751815,0.02690856315473061
bat_moderate,36,36,hydroelectric_pumped_storage,WECC_NMAZ,97.3,97.3,0.0,0.0,294.97382034263455,0.3460720507851659,0.025415171986178004
bat_moderate,37,37,nuclear,WECC_NMAZ,4002.99,4002.99,0.0,0.0,52.181833928571415,0.0014880952380952378,0.004496027078973744
bat_moderate,38,38,onshore_wind_turbine,WECC_NMAZ,0.0,1235.1,0.0,1235.1,0.0,0.0,0.0
bat_moderate,39,39,solar_photovoltaic,WECC_NMAZ,6266.4,6266.4,0.0,0.0,8549.223367440538,0.15574153271023297,0.7366076826050729
bat_moderate,40,40,biomass,WECC_WYCO,0.0,4.8,0.0,4.8,0.0,0.0,0.0
bat_moderate,41,41,biomass,WECC_WYCO,0.0,8.04,0.0,8.04,0.0,0.0,0.0
bat_moderate,42,42,conventional_hydroelectric,WECC_WYCO,0.0,961.87,0.0,961.87,0.0,0.0,0.0
bat_moderate,43,43,hydroelectric_pumped_storage,WECC_WYCO,324.0,324.0,0.0,0.0,518.0547068669304,0.1825267443440056,0.04463599331621441
bat_moderate,44,44,hydroelectric_pumped_storage,WECC_WYCO,238.5,238.5,0.0,0.0,642.7605706502486,0.3076498715575125,0.055380746772830974
bat_moderate,45,45,onshore_wind_turbine,WECC_WYCO,5751.7,5751.7,0.0,0.0,32433.106417547908,0.6437069750501382,2.794461476921967
bat_moderate,46,46,solar_photovoltaic,WECC_WYCO,593.1,593.1,0.0,0.0,1198.0825536345435,0.23059756330882458,0.10322771735773659
bat_moderate,47,47,naturalgas_ccccsavgcf,CA_N,0.0,0.0,0.0,0.0,0.0,0.0,0.0
bat_moderate,48,48,new_onshore_wind,CA_N,0.0,0.0,0.0,0.0,0.0,0.0,0.0
bat_moderate,49,49,new_floating_offshore_wind,CA_N,0.0,0.0,0.0,0.0,0.0,0.0,0.0
bat_moderate,50,50,new_floating_offshore_wind,CA_N,0.0,0.0,0.0,0.0,0.0,0.0,0.0
bat_moderate,51,51,new_floating_offshore_wind,CA_N,0.0,0.0,0.0,0.0,0.0,0.0,0.0
bat_moderate,52,52,new_floating_offshore_wind,CA_N,0.0,0.0,0.0,0.0,0.0,0.0,0.0
bat_moderate,53,53,new_floating_offshore_wind,CA_N,0.0,0.0,0.0,0.0,0.0,0.0,0.0
bat_moderate,54,54,new_utility_pv,CA_N,0.0,0.0,0.0,0.0,0.0,0.0,0.0
bat_moderate,55,55,new_utility_pv,CA_N,0.0,0.0,0.0,0.0,0.0,0.0,0.0
bat_moderate,56,56,new_utility_pv,CA_N,0.0,0.0,0.0,0.0,0.0,0.0,0.0
bat_moderate,57,57,new_utility_pv,CA_N,15466.538178957337,0.0,15466.538178957337,0.0,125385.0804101679,0.9254407921159896,10.803275285323965
bat_moderate,58,58,battery,CA_N,35929.39730066763,0.0,35929.39730066763,0.0,24040.185960975607,0.0763807264257617,2.071320973733163
bat_moderate,59,59,nuclear,CA_N,0.0,0.0,0.0,0.0,0.0,0.0,0.0
bat_moderate,60,60,naturalgas_ccs100,CA_N,0.0,0.0,0.0,0.0,0.0,0.0,0.0
bat_moderate,61,61,naturalgas_ccccsavgcf,CA_S,0.0,0.0,0.0,0.0,0.0,0.0,0.0
bat_moderate,62,62,new_onshore_wind,CA_S,0.0,0.0,0.0,0.0,0.0,0.0,0.0
bat_moderate,63,63,new_onshore_wind,CA_S,0.0,0.0,0.0,0.0,0.0,0.0,0.0
bat_moderate,64,64,new_onshore_wind,CA_S,0.0,0.0,0.0,0.0,0.0,0.0,0.0
bat_moderate,65,65,new_utility_pv,CA_S,0.0,0.0,0.0,0.0,0.0,0.0,0.0
bat_moderate,66,66,new_utility_pv,CA_S,0.0,0.0,0.0,0.0,0.0,0.0,0.0
bat_moderate,67,67,new_utility_pv,CA_S,0.0,0.0,0.0,0.0,0.0,0.0,0.0
bat_moderate,68,68,new_utility_pv,CA_S,0.0,0.0,0.0,0.0,0.0,0.0,0.0
bat_moderate,69,69,new_utility_pv,CA_S,20451.59,0.0,20451.59,0.0,134343.40231094434,0.7498685838126267,11.5751312132545
bat_moderate,70,70,new_utility_pv,CA_S,17732.83314098217,0.0,17732.83314098217,0.0,128288.27950710802,0.8258567962164036,11.053417159857585
bat_moderate,71,71,new_utility_pv,CA_S,0.0,0.0,0.0,0.0,0.0,0.0,0.0
bat_moderate,72,72,new_utility_pv,CA_S,0.0,0.0,0.0,0.0,0.0,0.0,0.0
bat_moderate,73,73,new_utility_pv,CA_S,0.0,0.0,0.0,0.0,0.0,0.0,0.0
bat_moderate,74,74,new_utility_pv,CA_S,0.0,0.0,0.0,0.0,0.0,0.0,0.0
bat_moderate,75,75,battery,CA_S,0.0,0.0,0.0,0.0,0.0,0.0,0.0
bat_moderate,76,76,nuclear,CA_S,0.0,0.0,0.0,0.0,0.0,0.0,0.0
bat_moderate,77,77,naturalgas_ccs100,CA_S,0.0,0.0,0.0,0.0,0.0,0.0,0.0
bat_moderate,78,78,naturalgas_ccccsavgcf,WECC_N,0.0,0.0,0.0,0.0,0.0,0.0,0.0
bat_moderate,79,79,new_onshore_wind,WECC_N,0.0,0.0,0.0,0.0,0.0,0.0,0.0
bat_moderate,80,80,new_onshore_wind,WECC_N,0.0,0.0,0.0,0.0,0.0,0.0,0.0
bat_moderate,81,81,new_onshore_wind,WECC_N,0.0,0.0,0.0,0.0,0.0,0.0,0.0
bat_moderate,82,82,new_onshore_wind,WECC_N,0.0,0.0,0.0,0.0,0.0,0.0,0.0
bat_moderate,83,83,new_onshore_wind,WECC_N,0.0,0.0,0.0,0.0,0.0,0.0,0.0
bat_moderate,84,84,new_onshore_wind,WECC_N,0.0,0.0,0.0,0.0,0.0,0.0,0.0
bat_moderate,85,85,new_utility_pv,WECC_N,0.0,0.0,0.0,0.0,0.0,0.0,0.0
bat_moderate,86,86,new_utility_pv,WECC_N,26111.321628494796,0.0,26111.321628494796,0.0,148226.9366269161,0.6480285991392774,12.77134724356716
bat_moderate,87,87,new_utility_pv,WECC_N,0.0,0.0,0.0,0.0,0.0,0.0,0.0
bat_moderate,88,88,new_utility_pv,WECC_N,0.0,0.0,0.0,0.0,0.0,0.0,0.0
bat_moderate,89,89,new_utility_pv,WECC_N,0.0,0.0,0.0,0.0,0.0,0.0,0.0
bat_moderate,90,90,new_utility_pv,WECC_N,0.0,0.0,0.0,0.0,0.0,0.0,0.0
bat_moderate,91,91,new_utility_pv,WECC_N,0.0,0.0,0.0,0.0,0.0,0.0,0.0
bat_moderate,92,92,new_utility_pv,WECC_N,0.0,0.0,0.0,0.0,0.0,0.0,0.0
bat_moderate,93,93,battery,WECC_N,0.0,0.0,0.0,0.0,0.0,0.0,0.0
bat_moderate,94,94,nuclear,WECC_N,0.0,0.0,0.0,0.0,0.0,0.0,0.0
bat_moderate,95,95,naturalgas_ccs100,WECC_N,0.0,0.0,0.0,0.0,0.0,0.0,0.0
bat_moderate,96,96,naturalgas_ccccsavgcf,WECC_NMAZ,0.0,0.0,0.0,0.0,0.0,0.0,0.0
bat_moderate,97,97,new_onshore_wind,WECC_NMAZ,0.0,0.0,0.0,0.0,0.0,0.0,0.0
bat_moderate,98,98,new_onshore_wind,WECC_NMAZ,0.0,0.0,0.0,0.0,0.0,0.0,0.0
bat_moderate,99,99,new_onshore_wind,WECC_NMAZ,0.0,0.0,0.0,0.0,0.0,0.0,0.0
bat_moderate,100,100,new_onshore_wind,WECC_NMAZ,0.0,0.0,0.0,0.0,0.0,0.0,0.0
bat_moderate,101,101,new_onshore_wind,WECC_NMAZ,0.0,0.0,0.0,0.0,0.0,0.0,0.0
bat_moderate,102,102,new_onshore_wind,WECC_NMAZ,0.0,0.0,0.0,0.0,0.0,0.0,0.0
bat_moderate,103,103,new_onshore_wind,WECC_NMAZ,0.0,0.0,0.0,0.0,0.0,0.0,0.0
bat_moderate,104,104,new_utility_pv,WECC_NMAZ,39161.1053575032,0.0,39161.1053575032,0.0,177782.46673255926,0.5182387461525408,15.317874524886749
bat_moderate,105,105,new_utility_pv,WECC_NMAZ,0.0,0.0,0.0,0.0,0.0,0.0,0.0
bat_moderate,106,106,new_utility_pv,WECC_NMAZ,0.0,0.0,0.0,0.0,0.0,0.0,0.0
bat_moderate,107,107,new_utility_pv,WECC_NMAZ,0.0,0.0,0.0,0.0,0.0,0.0,0.0
bat_moderate,108,108,new_utility_pv,WECC_NMAZ,0.0,0.0,0.0,0.0,0.0,0.0,0.0
bat_moderate,109,109,new_utility_pv,WECC_NMAZ,0.0,0.0,0.0,0.0,0.0,0.0,0.0
bat_moderate,110,110,new_utility_pv,WECC_NMAZ,0.0,0.0,0.0,0.0,0.0,0.0,0.0
bat_moderate,111,111,new_utility_pv,WECC_NMAZ,0.0,0.0,0.0,0.0,0.0,0.0,0.0
bat_moderate,112,112,new_utility_pv,WECC_NMAZ,0.0,0.0,0.0,0.0,0.0,0.0,0.0
bat_moderate,113,113,new_utility_pv,WECC_NMAZ,0.0,0.0,0.0,0.0,0.0,0.0,0.0
bat_moderate,114,114,new_utility_pv,WECC_NMAZ,0.0,0.0,0.0,0.0,0.0,0.0,0.0
bat_moderate,115,115,new_utility_pv,WECC_NMAZ,0.0,0.0,0.0,0.0,0.0,0.0,0.0
bat_moderate,116,116,battery,WECC_NMAZ,0.0,0.0,0.0,0.0,0.0,0.0,0.0
bat_moderate,117,117,nuclear,WECC_NMAZ,0.0,0.0,0.0,0.0,0.0,0.0,0.0
bat_moderate,118,118,naturalgas_ccs100,WECC_NMAZ,0.0,0.0,0.0,0.0,0.0,0.0,0.0
bat_moderate,119,119,naturalgas_ccccsavgcf,WECC_PNW,0.0,0.0,0.0,0.0,0.0,0.0,0.0
bat_moderate,120,120,new_onshore_wind,WECC_PNW,0.0,0.0,0.0,0.0,0.0,0.0,0.0
bat_moderate,121,121,new_floating_offshore_wind,WECC_PNW,0.0,0.0,0.0,0.0,0.0,0.0,0.0
bat_moderate,122,122,new_floating_offshore_wind,WECC_PNW,0.0,0.0,0.0,0.0,0.0,0.0,0.0
bat_moderate,123,123,new_floating_offshore_wind,WECC_PNW,0.0,0.0,0.0,0.0,0.0,0.0,0.0
bat_moderate,124,124,new_utility_pv,WECC_PNW,0.0,0.0,0.0,0.0,0.0,0.0,0.0
bat_moderate,125,125,battery,WECC_PNW,0.0,0.0,0.0,0.0,0.0,0.0,0.0
bat_moderate,126,126,nuclear,WECC_PNW,0.0,0.0,0.0,0.0,0.0,0.0,0.0
bat_moderate,127,127,naturalgas_ccs100,WECC_PNW,0.0,0.0,0.0,0.0,0.0,0.0,0.0
bat_moderate,128,128,naturalgas_ccccsavgcf,WECC_WYCO,0.0,0.0,0.0,0.0,0.0,0.0,0.0
bat_moderate,129,129,new_onshore_wind,WECC_WYCO,0.0,0.0,0.0,0.0,0.0,0.0,0.0
bat_moderate,130,130,new_onshore_wind,WECC_WYCO,0.0,0.0,0.0,0.0,0.0,0.0,0.0
bat_moderate,131,131,new_onshore_wind,WECC_WYCO,0.0,0.0,0.0,0.0,0.0,0.0,0.0
bat_moderate,132,132,new_onshore_wind,WECC_WYCO,0.0,0.0,0.0,0.0,0.0,0.0,0.0
bat_moderate,133,133,new_onshore_wind,WECC_WYCO,0.0,0.0,0.0,0.0,0.0,0.0,0.0
bat_moderate,134,134,new_onshore_wind,WECC_WYCO,0.0,0.0,0.0,0.0,0.0,0.0,0.0
bat_moderate,135,135,new_onshore_wind,WECC_WYCO,0.0,0.0,0.0,0.0,0.0,0.0,0.0
bat_moderate,136,136,new_utility_pv,WECC_WYCO,0.0,0.0,0.0,0.0,0.0,0.0,0.0
bat_moderate,137,137,new_utility_pv,WECC_WYCO,13395.625497280515,0.0,13395.625497280515,0.0,103892.62829742087,0.8853553779519856,8.951469025989942
bat_moderate,138,138,new_utility_pv,WECC_WYCO,0.0,0.0,0.0,0.0,0.0,0.0,0.0
bat_moderate,139,139,new_utility_pv,WECC_WYCO,0.0,0.0,0.0,0.0,0.0,0.0,0.0
bat_moderate,140,140,new_utility_pv,WECC_WYCO,0.0,0.0,0.0,0.0,0.0,0.0,0.0
bat_moderate,141,141,battery,WECC_WYCO,5646.157058314514,0.0,5646.157058314514,0.0,4911.087457347891,0.0992934515071805,0.4231430851140445
bat_moderate,142,142,nuclear,WECC_WYCO,0.0,0.0,0.0,0.0,0.0,0.0,0.0
bat_moderate,143,143,naturalgas_ccs100,WECC_WYCO,0.0,0.0,0.0,0.0,0.0,0.0,0.0
bat_moderate,144,156,new_biogas_CCGT,CA_N,0.0,0.0,0.0,0.0,0.0,0.0,0.0
bat_moderate,145,157,new_biogas_CCGT,CA_S,0.0,0.0,0.0,0.0,0.0,0.0,0.0
bat_moderate,146,158,new_biogas_CCGT,WECC_N,0.0,0.0,0.0,0.0,0.0,0.0,0.0
bat_moderate,147,159,new_biogas_CCGT,WECC_NMAZ,0.0,0.0,0.0,0.0,0.0,0.0,0.0
bat_moderate,148,160,new_biogas_CCGT,WECC_PNW,0.0,0.0,0.0,0.0,0.0,0.0,0.0
bat_moderate,149,161,new_biogas_CCGT,WECC_WYCO,0.0,0.0,0.0,0.0,0.0,0.0,0.0
bat_moderate,150,162,biomass,WECC_PNW,0.0,28.4,0.0,28.4,0.0,0.0,0.0
bat_moderate,151,163,biomass,WECC_PNW,0.0,74.43,0.0,74.43,0.0,0.0,0.0
bat_moderate,152,164,conventional_hydroelectric,WECC_PNW,29850.0,29850.0,0.0,0.0,239770.32811713955,0.9169528315746907,20.658796496587442
bat_moderate,153,165,geothermal,WECC_PNW,0.0,14.49,0.0,14.49,0.0,0.0,0.0
bat_moderate,154,166,geothermal,WECC_PNW,0.0,1.17,0.0,1.17,0.0,0.0,0.0
bat_moderate,155,167,hydroelectric_pumped_storage,WECC_PNW,214.0,214.0,0.0,0.0,508.7007935733209,0.27135919087041827,0.04383005292860733
bat_moderate,156,168,hydroelectric_pumped_storage,WECC_PNW,100.0,100.0,0.0,0.0,287.46928620846796,0.32816128562610497,0.024768575534077807
bat_moderate,157,169,nuclear,WECC_PNW,1163.0,1163.0,0.0,0.0,28.318670153888338,0.002779643081179631,0.002439958473416061
bat_moderate,158,170,onshore_wind_turbine,WECC_PNW,5254.0,5254.0,0.0,0.0,31805.11408808491,0.6910393578818163,2.7403531732061888
bat_moderate,159,171,solar_photovoltaic,WECC_PNW,209.9,209.9,0.0,0.0,1648.8753415347774,0.8967497794855439,0.14206837183108936
bat_optimistic,1,1,biomass,CA_N,36.72,36.72,0.0,0.0,136.93537661537945,0.4257051282051121,0.011798457719499875
bat_optimistic,2,2,biomass,CA_N,0.0,33.06,0.0,33.06,0.0,0.0,0.0
bat_optimistic,3,3,conventional_hydroelectric,CA_N,0.0,6607.44,0.0,6607.44,0.0,0.0,0.0
bat_optimistic,4,4,geothermal,CA_N,0.0,542.55,0.0,542.55,0.0,0.0,0.0
bat_optimistic,5,5,geothermal,CA_N,0.0,100.32,0.0,100.32,0.0,0.0,0.0
bat_optimistic,6,6,hydroelectric_pumped_storage,CA_N,264.24598987500013,615.15,0.0,350.90401012499984,692.4580012777587,0.2991444338596512,0.05966271574622045
bat_optimistic,7,7,hydroelectric_pumped_storage,CA_N,505.08075225000016,1175.8,0.0,670.7192477499998,1439.4113853455538,0.32532692536420377,0.12402079572663831
bat_optimistic,8,8,onshore_wind_turbine,CA_N,1327.6,1327.6,0.0,0.0,1618.8924342282673,0.13920237451076162,0.13948502140034455
bat_optimistic,9,9,small_hydroelectric,CA_N,231.4,231.4,0.0,0.0,1254.0170725319754,0.6186371385077014,0.10804707866950004
bat_optimistic,10,10,small_hydroelectric,CA_N,1.95,1.95,0.0,0.0,11.603313095817922,0.6792713438600821,0.00099975041038264
bat_optimistic,11,11,solar_photovoltaic,CA_N,2787.1,2787.1,0.0,0.0,5183.151869394085,0.21229378327131757,0.44658436480266445
bat_optimistic,12,12,biomass,CA_S,0.0,67.2,0.0,67.2,0.0,0.0,0.0
bat_optimistic,13,13,biomass,CA_S,0.0,38.1,0.0,38.1,0.0,0.0,0.0
bat_optimistic,14,14,conventional_hydroelectric,CA_S,0.0,1396.0,0.0,1396.0,0.0,0.0,0.0
bat_optimistic,15,15,geothermal,CA_S,0.0,535.15,0.0,535.15,0.0,0.0,0.0
bat_optimistic,16,16,geothermal,CA_S,0.0,73.02,0.0,73.02,0.0,0.0,0.0
bat_optimistic,17,17,hydroelectric_pumped_storage,CA_S,1623.0,1623.0,0.0,0.0,4315.417257972055,0.30352898389672817,0.371819681068924
bat_optimistic,18,18,hydroelectric_pumped_storage,CA_S,42.0,42.0,0.0,0.0,111.00058448699177,0.3016976094993253,0.009563896016352422
bat_optimistic,19,19,onshore_wind_turbine,CA_S,4735.6,4735.6,0.0,0.0,12007.009903786324,0.2894381347719056,1.0345332388820307
bat_optimistic,20,20,small_hydroelectric,CA_S,126.44,126.44,0.0,0.0,798.7435601916914,0.7211386563696639,0.06882036152070622
bat_optimistic,21,21,small_hydroelectric,CA_S,7.0,7.0,0.0,0.0,32.80249048247198,0.5349395055849964,0.0028262878930021937
bat_optimistic,22,22,solar_photovoltaic,CA_S,9520.0,9520.0,0.0,0.0,15407.28352178372,0.18475024368049625,1.3275034377325114
bat_optimistic,23,23,biomass,WECC_N,6.24,6.24,0.0,0.0,20.533827942857148,0.3756481227106228,0.001769210461105021
bat_optimistic,24,24,biomass,WECC_N,0.0,13.8,0.0,13.8,0.0,0.0,0.0
bat_optimistic,25,25,conventional_hydroelectric,WECC_N,0.0,4648.1,0.0,4648.1,0.0,0.0,0.0
bat_optimistic,26,26,geothermal,WECC_N,0.0,165.24,0.0,165.24,0.0,0.0,0.0
bat_optimistic,27,27,geothermal,WECC_N,0.0,215.16,0.0,215.16,0.0,0.0,0.0
bat_optimistic,28,28,onshore_wind_turbine,WECC_N,3893.9,3893.9,0.0,0.0,7116.065099912271,0.20861763235319916,0.6131256603349791
bat_optimistic,29,29,solar_photovoltaic,WECC_N,1185.7,1185.7,0.0,0.0,1991.2875901806642,0.1917145441107621,0.17157087540717142
bat_optimistic,30,30,biomass,WECC_NMAZ,0.0,3.54,0.0,3.54,0.0,0.0,0.0
bat_optimistic,31,31,biomass,WECC_NMAZ,0.0,11.4,0.0,11.4,0.0,0.0,0.0
bat_optimistic,32,32,conventional_hydroelectric,WECC_NMAZ,0.0,3960.0,0.0,3960.0,0.0,0.0,0.0
bat_optimistic,33,33,geothermal,WECC_NMAZ,0.0,0.68,0.0,0.68,0.0,0.0,0.0
bat_optimistic,34,34,geothermal,WECC_NMAZ,0.0,2.66,0.0,2.66,0.0,0.0,0.0
bat_optimistic,35,35,hydroelectric_pumped_storage,WECC_NMAZ,119.0,119.0,0.0,0.0,422.76950648004237,0.40555764022873486,0.03642614692117766
bat_optimistic,36,36,hydroelectric_pumped_storage,WECC_NMAZ,97.3,97.3,0.0,0.0,183.46787839953313,0.21524996644508246,0.015807733981432828
bat_optimistic,37,37,nuclear,WECC_NMAZ,4002.99,4002.99,0.0,0.0,114.07347479822783,0.0032530898563776726,0.009828658616857132
bat_optimistic,38,38,onshore_wind_turbine,WECC_NMAZ,0.0,1235.1,0.0,1235.1,0.0,0.0,0.0
bat_optimistic,39,39,solar_photovoltaic,WECC_NMAZ,6266.4,6266.4,0.0,0.0,8830.256241706069,0.1608611194491603,0.7608216919192955
bat_optimistic,40,40,biomass,WECC_WYCO,0.0,4.8,0.0,4.8,0.0,0.0,0.0
bat_optimistic,41,41,biomass,WECC_WYCO,0.0,8.04,0.0,8.04,0.0,0.0,0.0
bat_optimistic,42,42,conventional_hydroelectric,WECC_WYCO,0.0,961.87,0.0,961.87,0.0,0.0,0.0
bat_optimistic,43,43,hydroelectric_pumped_storage,WECC_WYCO,324.0,324.0,0.0,0.0,747.7631877924889,0.26346016820018353,0.06442785329424698
bat_optimistic,44,44,hydroelectric_pumped_storage,WECC_WYCO,238.5,238.5,0.0,0.0,521.6112697196764,0.24966316768601154,0.04494242951613614
bat_optimistic,45,45,onshore_wind_turbine,WECC_WYCO,5751.7,5751.7,0.0,0.0,41603.226250453146,0.8257083542116781,3.5845660781249866
bat_optimistic,46,46,solar_photovoltaic,WECC_WYCO,593.1,593.1,0.0,0.0,4221.180310889834,0.8124597850335621,0.3637001529875336
bat_optimistic,47,47,naturalgas_ccccsavgcf,CA_N,0.0,0.0,0.0,0.0,0.0,0.0,0.0
bat_optimistic,48,48,new_onshore_wind,CA_N,0.0,0.0,0.0,0.0,0.0,0.0,0.0
bat_optimistic,49,49,new_floating_offshore_wind,CA_N,0.0,0.0,0.0,0.0,0.0,0.0,0.0
bat_optimistic,50,50,new_floating_offshore_wind,CA_N,0.0,0.0,0.0,0.0,0.0,0.0,0.0
bat_optimistic,51,51,new_floating_offshore_wind,CA_N,0.0,0.0,0.0,0.0,0.0,0.0,0.0
bat_optimistic,52,52,new_floating_offshore_wind,CA_N,0.0,0.0,0.0,0.0,0.0,0.0,0.0
bat_optimistic,53,53,new_floating_offshore_wind,CA_N,0.0,0.0,0.0,0.0,1.5860753279843226e-14,1.5860753279843227e-11,1.3665747420205517e-18
bat_optimistic,54,54,new_utility_pv,CA_N,0.0,0.0,0.0,0.0,0.0,0.0,0.0
bat_optimistic,55,55,new_utility_pv,CA_N,0.0,0.0,0.0,0.0,0.0,0.0,0.0
bat_optimistic,56,56,new_utility_pv,CA_N,0.0,0.0,0.0,0.0,0.0,0.0,0.0
bat_optimistic,57,57,new_utility_pv,CA_N,14612.853748747533,0.0,14612.853748747533,0.0,109153.82331128654,0.8527069611046063,9.404777648344627
bat_optimistic,58,58,battery,CA_N,39507.80980925492,0.0,39507.80980925492,0.0,15728.870888639929,0.04544755113317195,1.3552116534234457
bat_optimistic,59,59,nuclear,CA_N,0.0,0.0,0.0,0.0,0.0,0.0,0.0
bat_optimistic,60,60,naturalgas_ccs100,CA_N,0.0,0.0,0.0,0.0,0.0,0.0,0.0
bat_optimistic,61,61,naturalgas_ccccsavgcf,CA_S,0.0,0.0,0.0,0.0,0.0,0.0,0.0
bat_optimistic,62,62,new_onshore_wind,CA_S,0.0,0.0,0.0,0.0,0.0,0.0,0.0
bat_optimistic,63,63,new_onshore_wind,CA_S,0.0,0.0,0.0,0.0,0.0,0.0,0.0
bat_optimistic,64,64,new_onshore_wind,CA_S,0.0,0.0,0.0,0.0,0.0,0.0,0.0
bat_optimistic,65,65,new_utility_pv,CA_S,0.0,0.0,0.0,0.0,0.0,0.0,0.0
bat_optimistic,66,66,new_utility_pv,CA_S,0.0,0.0,0.0,0.0,0.0,0.0,0.0
bat_optimistic,67,67,new_utility_pv,CA_S,0.0,0.0,0.0,0.0,0.0,0.0,0.0
bat_optimistic,68,68,new_utility_pv,CA_S,0.0,0.0,0.0,0.0,0.0,0.0,0.0
bat_optimistic,69,69,new_utility_pv,CA_S,20451.59,0.0,20451.59,0.0,149405.10545266376,0.8339389423892698,12.872859178763129
bat_optimistic,70,70,new_utility_pv,CA_S,14233.743408282651,0.0,14233.743408282651,0.0,98836.42737262105,0.7926725152351659,8.51582285253905
bat_optimistic,71,71,new_utility_pv,CA_S,0.0,0.0,0.0,0.0,0.0,0.0,0.0
bat_optimistic,72,72,new_utility_pv,CA_S,0.0,0.0,0.0,0.0,0.0,0.0,0.0
bat_optimistic,73,73,new_utility_pv,CA_S,0.0,0.0,0.0,0.0,0.0,0.0,0.0
bat_optimistic,74,74,new_utility_pv,CA_S,0.0,0.0,0.0,0.0,0.0,0.0,0.0
bat_optimistic,75,75,battery,CA_S,18754.733994882426,0.0,18754.733994882426,0.0,11704.722432741713,0.07124364063048765,1.0084879171075711
bat_optimistic,76,76,nuclear,CA_S,0.0,0.0,0.0,0.0,0.0,0.0,0.0
bat_optimistic,77,77,naturalgas_ccs100,CA_S,0.0,0.0,0.0,0.0,0.0,0.0,0.0
bat_optimistic,78,78,naturalgas_ccccsavgcf,WECC_N,0.0,0.0,0.0,0.0,0.0,0.0,0.0
bat_optimistic,79,79,new_onshore_wind,WECC_N,0.0,0.0,0.0,0.0,0.0,0.0,0.0
bat_optimistic,80,80,new_onshore_wind,WECC_N,0.0,0.0,0.0,0.0,0.0,0.0,0.0
bat_optimistic,81,81,new_onshore_wind,WECC_N,0.0,0.0,0.0,0.0,0.0,0.0,0.0
bat_optimistic,82,82,new_onshore_wind,WECC_N,0.0,0.0,0.0,0.0,0.0,0.0,0.0
bat_optimistic,83,83,new_onshore_wind,WECC_N,0.0,0.0,0.0,0.0,0.0,0.0,0.0
bat_optimistic,84,84,new_onshore_wind,WECC_N,0.0,0.0,0.0,0.0,0.0,0.0,0.0
bat_optimistic,85,85,new_utility_pv,WECC_N,0.0,0.0,0.0,0.0,0.0,0.0,0.0
bat_optimistic,86,86,new_utility_pv,WECC_N,23815.028268506267,0.0,23815.028268506267,0.0,149084.9751864713,0.7146257645366725,12.845276507989803
bat_optimistic,87,87,new_utility_pv,WECC_N,0.0,0.0,0.0,0.0,0.0,0.0,0.0
bat_optimistic,88,88,new_utility_pv,WECC_N,0.0,0.0,0.0,0.0,0.0,0.0,0.0
bat_optimistic,89,89,new_utility_pv,WECC_N,0.0,0.0,0.0,0.0,0.0,0.0,0.0
bat_optimistic,90,90,new_utility_pv,WECC_N,0.0,0.0,0.0,0.0,0.0,0.0,0.0
bat_optimistic,91,91,new_utility_pv,WECC_N,0.0,0.0,0.0,0.0,0.0,0.0,0.0
bat_optimistic,92,92,new_utility_pv,WECC_N,0.0,0.0,0.0,0.0,0.0,0.0,0.0
bat_optimistic,93,93,battery,WECC_N,0.0,0.0,0.0,0.0,0.0,0.0,0.0
bat_optimistic,94,94,nuclear,WECC_N,0.0,0.0,0.0,0.0,0.0,0.0,0.0
bat_optimistic,95,95,naturalgas_ccs100,WECC_N,0.0,0.0,0.0,0.0,0.0,0.0,0.0
bat_optimistic,96,96,naturalgas_ccccsavgcf,WECC_NMAZ,0.0,0.0,0.0,0.0,0.0,0.0,0.0
bat_optimistic,97,97,new_onshore_wind,WECC_NMAZ,0.0,0.0,0.0,0.0,0.0,0.0,0.0
bat_optimistic,98,98,new_onshore_wind,WECC_NMAZ,0.0,0.0,0.0,0.0,0.0,0.0,0.0
bat_optimistic,99,99,new_onshore_wind,WECC_NMAZ,0.0,0.0,0.0,0.0,0.0,0.0,0.0
bat_optimistic,100,100,new_onshore_wind,WECC_NMAZ,0.0,0.0,0.0,0.0,0.0,0.0,0.0
bat_optimistic,101,101,new_onshore_wind,WECC_NMAZ,0.0,0.0,0.0,0.0,0.0,0.0,0.0
bat_optimistic,102,102,new_onshore_wind,WECC_NMAZ,0.0,0.0,0.0,0.0,0.0,0.0,0.0
bat_optimistic,103,103,new_onshore_wind,WECC_NMAZ,0.0,0.0,0.0,0.0,0.0,0.0,0.0
bat_optimistic,104,104,new_utility_pv,WECC_NMAZ,36920.71,0.0,36920.71,0.0,194710.10727469434,0.6020247496795529,16.776373096722143
bat_optimistic,105,105,new_utility_pv,WECC_NMAZ,0.0,0.0,0.0,0.0,0.0,0.0,0.0
bat_optimistic,106,106,new_utility_pv,WECC_NMAZ,0.0,0.0,0.0,0.0,0.0,0.0,0.0
bat_optimistic,107,107,new_utility_pv,WECC_NMAZ,0.0,0.0,0.0,0.0,0.0,0.0,0.0
bat_optimistic,108,108,new_utility_pv,WECC_NMAZ,0.0,0.0,0.0,0.0,0.0,0.0,0.0
bat_optimistic,109,109,new_utility_pv,WECC_NMAZ,0.0,0.0,0.0,0.0,0.0,0.0,0.0
bat_optimistic,110,110,new_utility_pv,WECC_NMAZ,0.0,0.0,0.0,0.0,0.0,0.0,0.0
bat_optimistic,111,111,new_utility_pv,WECC_NMAZ,0.0,0.0,0.0,0.0,0.0,0.0,0.0
bat_optimistic,112,112,new_utility_pv,WECC_NMAZ,0.0,0.0,0.0,0.0,0.0,0.0,0.0
bat_optimistic,113,113,new_utility_pv,WECC_NMAZ,0.0,0.0,0.0,0.0,0.0,0.0,0.0
bat_optimistic,114,114,new_utility_pv,WECC_NMAZ,0.0,0.0,0.0,0.0,0.0,0.0,0.0
bat_optimistic,115,115,new_utility_pv,WECC_NMAZ,0.0,0.0,0.0,0.0,0.0,0.0,0.0
bat_optimistic,116,116,battery,WECC_NMAZ,0.0,0.0,0.0,0.0,0.0,0.0,0.0
bat_optimistic,117,117,nuclear,WECC_NMAZ,0.0,0.0,0.0,0.0,0.0,0.0,0.0
bat_optimistic,118,118,naturalgas_ccs100,WECC_NMAZ,0.0,0.0,0.0,0.0,0.0,0.0,0.0
bat_optimistic,119,119,naturalgas_ccccsavgcf,WECC_PNW,0.0,0.0,0.0,0.0,0.0,0.0,0.0
bat_optimistic,120,120,new_onshore_wind,WECC_PNW,0.0,0.0,0.0,0.0,0.0,0.0,0.0
bat_optimistic,121,121,new_floating_offshore_wind,WECC_PNW,0.0,0.0,0.0,0.0,0.0,0.0,0.0
bat_optimistic,122,122,new_floating_offshore_wind,WECC_PNW,0.0,0.0,0.0,0.0,0.0,0.0,0.0
bat_optimistic,123,123,new_floating_offshore_wind,WECC_PNW,0.0,0.0,0.0,0.0,0.0,0.0,0.0
bat_optimistic,124,124,new_utility_pv,WECC_PNW,0.0,0.0,0.0,0.0,0.0,0.0,0.0
bat_optimistic,125,125,battery,WECC_PNW,0.0,0.0,0.0,0.0,0.0,0.0,0.0
bat_optimistic,126,126,nuclear,WECC_PNW,0.0,0.0,0.0,0.0,0.0,0.0,0.0
bat_optimistic,127,127,naturalgas_ccs100,WECC_PNW,0.0,0.0,0.0,0.0,0.0,0.0,0.0
bat_optimistic,128,128,naturalgas_ccccsavgcf,WECC_WYCO,0.0,0.0,0.0,0.0,0.0,0.0,0.0
bat_optimistic,129,129,new_onshore_wind,WECC_WYCO,0.0,0.0,0.0,0.0,0.0,0.0,0.0
bat_optimistic,130,130,new_onshore_wind,WECC_WYCO,0.0,0.0,0.0,0.0,0.0,0.0,0.0
bat_optimistic,131,131,new_onshore_wind,WECC_WYCO,0.0,0.0,0.0,0.0,0.0,0.0,0.0
bat_optimistic,132,132,new_onshore_wind,WECC_WYCO,0.0,0.0,0.0,0.0,0.0,0.0,0.0
bat_optimistic,133,133,new_onshore_wind,WECC_WYCO,0.0,0.0,0.0,0.0,0.0,0.0,0.0
bat_optimistic,134,134,new_onshore_wind,WECC_WYCO,0.0,0.0,0.0,0.0,0.0,0.0,0.0
bat_optimistic,135,135,new_onshore_wind,WECC_WYCO,0.0,0.0,0.0,0.0,0.0,0.0,0.0
bat_optimistic,136,136,new_utility_pv,WECC_WYCO,0.0,0.0,0.0,0.0,0.0,0.0,0.0
bat_optimistic,137,137,new_utility_pv,WECC_WYCO,11772.876207828394,0.0,11772.876207828394,0.0,88308.78904381473,0.8562828499461952,7.608753410159048
bat_optimistic,138,138,new_utility_pv,WECC_WYCO,0.0,0.0,0.0,0.0,0.0,0.0,0.0
bat_optimistic,139,139,new_utility_pv,WECC_WYCO,0.0,0.0,0.0,0.0,0.0,0.0,0.0
bat_optimistic,140,140,new_utility_pv,WECC_WYCO,0.0,0.0,0.0,0.0,0.0,0.0,0.0
bat_optimistic,141,141,battery,WECC_WYCO,15782.514740758219,0.0,15782.514740758219,0.0,13148.159166733438,0.09510090352403841,1.1328555399798454
bat_optimistic,142,142,nuclear,WECC_WYCO,0.0,0.0,0.0,0.0,0.0,0.0,0.0
bat_optimistic,143,143,naturalgas_ccs100,WECC_WYCO,0.0,0.0,0.0,0.0,0.0,0.0,0.0
bat_optimistic,144,156,new_biogas_CCGT,CA_N,0.0,0.0,0.0,0.0,0.0,0.0,0.0
bat_optimistic,145,157,new_biogas_CCGT,CA_S,0.0,0.0,0.0,0.0,0.0,0.0,0.0
bat_optimistic,146,158,new_biogas_CCGT,WECC_N,0.0,0.0,0.0,0.0,0.0,0.0,0.0
bat_optimistic,147,159,new_biogas_CCGT,WECC_NMAZ,0.0,0.0,0.0,0.0,0.0,0.0,0.0
bat_optimistic,148,160,new_biogas_CCGT,WECC_PNW,0.0,0.0,0.0,0.0,0.0,0.0,0.0
bat_optimistic,149,161,new_biogas_CCGT,WECC_WYCO,0.0,0.0,0.0,0.0,0.0,0.0,0.0
bat_optimistic,150,162,biomass,WECC_PNW,0.0,28.4,0.0,28.4,0.0,0.0,0.0
bat_optimistic,151,163,biomass,WECC_PNW,0.0,74.43,0.0,74.43,0.0,0.0,0.0
bat_optimistic,152,164,conventional_hydroelectric,WECC_PNW,29850.0,29850.0,0.0,0.0,241833.19935294252,0.9248418628643312,20.836535074141118
bat_optimistic,153,165,geothermal,WECC_PNW,0.0,14.49,0.0,14.49,0.0,0.0,0.0
bat_optimistic,154,166,geothermal,WECC_PNW,0.0,1.17,0.0,1.17,0.0,0.0,0.0
bat_optimistic,155,167,hydroelectric_pumped_storage,WECC_PNW,214.0,214.0,0.0,0.0,589.2889293357855,0.31434778375356626,0.05077358889416998
bat_optimistic,156,168,hydroelectric_pumped_storage,WECC_PNW,100.0,100.0,0.0,0.0,261.55736794378004,0.29858147025545667,0.02253598466067803
bat_optimistic,157,169,nuclear,WECC_PNW,1163.0,1163.0,0.0,0.0,47.07953984669346,0.00462113215376442,0.004056409483539822
bat_optimistic,158,170,onshore_wind_turbine,WECC_PNW,5254.0,5254.0,0.0,0.0,38171.45926935035,0.8293628700670407,3.28888238680654
bat_optimistic,159,171,solar_photovoltaic,WECC_PNW,209.9,209.9,0.0,0.0,1183.1542638897838,0.6434648505647307,0.10194148439346248
