Scenario,idx,R_ID,Resource,Zone,Total_MW,Start_MW,New_MW,Retired_MW,GWh_yr,CF_realized,Pct_demand
geo_opt_nuc_pess,1,1,biomass,CA_N,36.72,36.72,0.0,0.0,136.4245973802148,0.42411721611720066,0.011754448586439868
geo_opt_nuc_pess,2,2,biomass,CA_N,0.0,33.06,0.0,33.06,0.0,0.0,0.0
geo_opt_nuc_pess,3,3,conventional_hydroelectric,CA_N,0.0,6607.44,0.0,6607.44,0.0,0.0,0.0
geo_opt_nuc_pess,4,4,geothermal,CA_N,542.55,542.55,0.0,0.0,4501.512059426006,0.9471407974573827,0.38785375276786993
geo_opt_nuc_pess,5,5,geothermal,CA_N,100.32,100.32,0.0,0.0,833.3154772219947,0.94823901098903,0.071799104570501
geo_opt_nuc_pess,6,6,hydroelectric_pumped_storage,CA_N,615.15,615.15,0.0,0.0,1413.4755824933966,0.2623029506656684,0.12178614693875091
geo_opt_nuc_pess,7,7,hydroelectric_pumped_storage,CA_N,1175.8,1175.8,0.0,0.0,2549.067661150156,0.24748210497993356,0.2196296367497394
geo_opt_nuc_pess,8,8,onshore_wind_turbine,CA_N,1327.6,1327.6,0.0,0.0,1497.9803180158,0.12880560365185023,0.1290671401619924
geo_opt_nuc_pess,9,9,small_hydroelectric,CA_N,231.4,231.4,0.0,0.0,1528.7855541407719,0.7541871170031,0.13172134307831074
geo_opt_nuc_pess,10,10,small_hydroelectric,CA_N,1.95,1.95,0.0,0.0,13.134133928571458,0.7688873626373643,0.0011316471146368106
geo_opt_nuc_pess,11,11,solar_photovoltaic,CA_N,2787.1,2787.1,0.0,0.0,4885.255061698586,0.20009239656228436,0.42091734597055214
geo_opt_nuc_pess,12,12,biomass,CA_S,0.0,67.2,0.0,67.2,0.0,0.0,0.0
geo_opt_nuc_pess,13,13,biomass,CA_S,0.0,38.1,0.0,38.1,0.0,0.0,0.0
geo_opt_nuc_pess,14,14,conventional_hydroelectric,CA_S,0.0,1396.0,0.0,1396.0,0.0,0.0,0.0
geo_opt_nuc_pess,15,15,geothermal,CA_S,535.15,535.15,0.0,0.0,4319.670424228593,0.9214483081875207,0.37218613715567145
geo_opt_nuc_pess,16,16,geothermal,CA_S,73.02,73.02,0.0,0.0,626.8005906923124,0.9799038461538536,0.05400562258365468
geo_opt_nuc_pess,17,17,hydroelectric_pumped_storage,CA_S,1623.0,1623.0,0.0,0.0,2548.935331389506,0.1792817947617655,0.21961823511544554
geo_opt_nuc_pess,18,18,hydroelectric_pumped_storage,CA_S,42.0,42.0,0.0,0.0,85.065733237049,0.23120714621941998,0.007329329219246159
geo_opt_nuc_pess,19,19,onshore_wind_turbine,CA_S,4735.6,4735.6,0.0,0.0,11282.727212673046,0.2719787478934708,0.972128483301099
geo_opt_nuc_pess,20,20,small_hydroelectric,CA_S,126.44,126.44,0.0,0.0,927.7346437328675,0.8375971310348327,0.07993433281847907
geo_opt_nuc_pess,21,21,small_hydroelectric,CA_S,7.0,7.0,0.0,0.0,30.92617590334485,0.5043407681563087,0.0026646231809497913
geo_opt_nuc_pess,22,22,solar_photovoltaic,CA_S,9520.0,9520.0,0.0,0.0,15047.161908517388,0.1804319901926896,1.2964750816347657
geo_opt_nuc_pess,23,23,biomass,WECC_N,6.24,6.24,0.0,0.0,20.4868242857143,0.3747882326007328,0.0017651605897338013
geo_opt_nuc_pess,24,24,biomass,WECC_N,0.0,13.8,0.0,13.8,0.0,0.0,0.0
geo_opt_nuc_pess,25,25,conventional_hydroelectric,WECC_N,0.0,4648.1,0.0,4648.1,0.0,0.0,0.0
geo_opt_nuc_pess,26,26,geothermal,WECC_N,165.24,165.24,0.0,0.0,1197.53995615083,0.8273146601697032,0.1031809667398281
geo_opt_nuc_pess,27,27,geothermal,WECC_N,215.16,215.16,0.0,0.0,1796.7770175785665,0.9532976932843046,0.15481169437181716
geo_opt_nuc_pess,28,28,onshore_wind_turbine,WECC_N,3893.9,3893.9,0.0,0.0,6294.595914840541,0.18453508757112724,0.542347241437694
geo_opt_nuc_pess,29,29,solar_photovoltaic,WECC_N,1185.7,1185.7,0.0,0.0,1756.4322846192044,0.16910345666174928,0.15133556104680693
geo_opt_nuc_pess,30,30,biomass,WECC_NMAZ,0.0,3.54,0.0,3.54,0.0,0.0,0.0
geo_opt_nuc_pess,31,31,biomass,WECC_NMAZ,0.0,11.4,0.0,11.4,0.0,0.0,0.0
geo_opt_nuc_pess,32,32,conventional_hydroelectric,WECC_NMAZ,0.0,3960.0,0.0,3960.0,0.0,0.0,0.0
geo_opt_nuc_pess,33,33,geothermal,WECC_NMAZ,0.68,0.68,0.0,0.0,4.834313454395701,0.8115621565934228,0.00041652817777470587
geo_opt_nuc_pess,34,34,geothermal,WECC_NMAZ,2.66,2.66,0.0,0.0,18.597461469231032,0.7981195054945167,0.0016023716314817276
geo_opt_nuc_pess,35,35,hydroelectric_pumped_storage,WECC_NMAZ,119.0,119.0,0.0,0.0,223.67506747127334,0.2145687689183774,0.01927201641894566
geo_opt_nuc_pess,36,36,hydroelectric_pumped_storage,WECC_NMAZ,97.3,97.3,0.0,0.0,174.25667701246445,0.20444311127903678,0.015014089761821264
geo_opt_nuc_pess,37,37,nuclear,WECC_NMAZ,4002.99,4002.99,0.0,0.0,54.844212873668155,0.0015640196188984625,0.004725419703388394
geo_opt_nuc_pess,38,38,onshore_wind_turbine,WECC_NMAZ,0.0,1235.1,0.0,1235.1,0.0,0.0,0.0
geo_opt_nuc_pess,39,39,solar_photovoltaic,WECC_NMAZ,6266.4,6266.4,0.0,0.0,11111.944554758877,0.20242672368816328,0.9574137177056186
geo_opt_nuc_pess,40,40,biomass,WECC_WYCO,0.0,4.8,0.0,4.8,0.0,0.0,0.0
geo_opt_nuc_pess,41,41,biomass,WECC_WYCO,0.0,8.04,0.0,8.04,0.0,0.0,0.0
geo_opt_nuc_pess,42,42,conventional_hydroelectric,WECC_WYCO,0.0,961.87,0.0,961.87,0.0,0.0,0.0
geo_opt_nuc_pess,43,43,hydroelectric_pumped_storage,WECC_WYCO,324.0,324.0,0.0,0.0,615.4071659185831,0.21682703573995968,0.05302395631306986
geo_opt_nuc_pess,44,44,hydroelectric_pumped_storage,WECC_WYCO,238.5,238.5,0.0,0.0,471.0814835748811,0.225477673231135,0.040588744149065104
geo_opt_nuc_pess,45,45,onshore_wind_turbine,WECC_WYCO,5751.7,5751.7,0.0,0.0,41647.62311996112,0.8265895086162162,3.5883913466619797
geo_opt_nuc_pess,46,46,solar_photovoltaic,WECC_WYCO,593.1,593.1,0.0,0.0,1585.385825216054,0.3051426690841277,0.13659806611146552
geo_opt_nuc_pess,47,47,naturalgas_ccccsavgcf,CA_N,0.0,0.0,0.0,0.0,0.0,0.0,0.0
geo_opt_nuc_pess,48,48,new_onshore_wind,CA_N,0.0,0.0,0.0,0.0,0.0,0.0,0.0
geo_opt_nuc_pess,49,49,new_floating_offshore_wind,CA_N,0.0,0.0,0.0,0.0,0.0,0.0,0.0
geo_opt_nuc_pess,50,50,new_floating_offshore_wind,CA_N,0.0,0.0,0.0,0.0,0.0,0.0,0.0
geo_opt_nuc_pess,51,51,new_floating_offshore_wind,CA_N,0.0,0.0,0.0,0.0,0.0,0.0,0.0
geo_opt_nuc_pess,52,52,new_floating_offshore_wind,CA_N,0.0,0.0,0.0,0.0,0.0,0.0,0.0
geo_opt_nuc_pess,53,53,new_floating_offshore_wind,CA_N,0.0,0.0,0.0,0.0,0.0,0.0,0.0
geo_opt_nuc_pess,54,54,new_utility_pv,CA_N,0.0,0.0,0.0,0.0,0.0,0.0,0.0
geo_opt_nuc_pess,55,55,new_utility_pv,CA_N,0.0,0.0,0.0,0.0,0.0,0.0,0.0
geo_opt_nuc_pess,56,56,new_utility_pv,CA_N,0.0,0.0,0.0,0.0,0.0,0.0,0.0
geo_opt_nuc_pess,57,57,new_utility_pv,CA_N,14825.834709930776,0.0,14825.834709930776,0.0,116286.82434893325,0.8953797137043666,10.019362522143933
geo_opt_nuc_pess,58,58,battery,CA_N,35919.4007696942,0.0,35919.4007696942,0.0,30332.84857514503,0.09640066016512903,2.613501640493144
geo_opt_nuc_pess,59,59,nuclear,CA_N,0.0,0.0,0.0,0.0,0.0,0.0,0.0
geo_opt_nuc_pess,60,60,naturalgas_ccs100,CA_N,0.0,0.0,0.0,0.0,0.0,0.0,0.0
geo_opt_nuc_pess,61,61,naturalgas_ccccsavgcf,CA_S,0.0,0.0,0.0,0.0,0.0,0.0,0.0
geo_opt_nuc_pess,62,62,new_onshore_wind,CA_S,0.0,0.0,0.0,0.0,0.0,0.0,0.0
geo_opt_nuc_pess,63,63,new_onshore_wind,CA_S,0.0,0.0,0.0,0.0,0.0,0.0,0.0
geo_opt_nuc_pess,64,64,new_onshore_wind,CA_S,0.0,0.0,0.0,0.0,0.0,0.0,0.0
geo_opt_nuc_pess,65,65,new_utility_pv,CA_S,0.0,0.0,0.0,0.0,0.0,0.0,0.0
geo_opt_nuc_pess,66,66,new_utility_pv,CA_S,0.0,0.0,0.0,0.0,0.0,0.0,0.0
geo_opt_nuc_pess,67,67,new_utility_pv,CA_S,0.0,0.0,0.0,0.0,0.0,0.0,0.0
geo_opt_nuc_pess,68,68,new_utility_pv,CA_S,0.0,0.0,0.0,0.0,0.0,0.0,0.0
geo_opt_nuc_pess,69,69,new_utility_pv,CA_S,20451.59,0.0,20451.59,0.0,151739.0645492587,0.8469664716339842,13.073954895595774
geo_opt_nuc_pess,70,70,new_utility_pv,CA_S,17116.833140982184,0.0,17116.833140982184,0.0,81685.78124982015,0.5447772258141012,7.0381099477844975
geo_opt_nuc_pess,71,71,new_utility_pv,CA_S,0.0,0.0,0.0,0.0,0.0,0.0,0.0
geo_opt_nuc_pess,72,72,new_utility_pv,CA_S,0.0,0.0,0.0,0.0,0.0,0.0,0.0
geo_opt_nuc_pess,73,73,new_utility_pv,CA_S,0.0,0.0,0.0,0.0,0.0,0.0,0.0
geo_opt_nuc_pess,74,74,new_utility_pv,CA_S,0.0,0.0,0.0,0.0,0.0,0.0,0.0
geo_opt_nuc_pess,75,75,battery,CA_S,0.0,0.0,0.0,0.0,0.0,0.0,0.0
geo_opt_nuc_pess,76,76,nuclear,CA_S,0.0,0.0,0.0,0.0,0.0,0.0,0.0
geo_opt_nuc_pess,77,77,naturalgas_ccs100,CA_S,0.0,0.0,0.0,0.0,0.0,0.0,0.0
geo_opt_nuc_pess,78,78,naturalgas_ccccsavgcf,WECC_N,0.0,0.0,0.0,0.0,0.0,0.0,0.0
geo_opt_nuc_pess,79,79,new_onshore_wind,WECC_N,0.0,0.0,0.0,0.0,0.0,0.0,0.0
geo_opt_nuc_pess,80,80,new_onshore_wind,WECC_N,0.0,0.0,0.0,0.0,0.0,0.0,0.0
geo_opt_nuc_pess,81,81,new_onshore_wind,WECC_N,0.0,0.0,0.0,0.0,0.0,0.0,0.0
geo_opt_nuc_pess,82,82,new_onshore_wind,WECC_N,0.0,0.0,0.0,0.0,0.0,0.0,0.0
geo_opt_nuc_pess,83,83,new_onshore_wind,WECC_N,0.0,0.0,0.0,0.0,0.0,0.0,0.0
geo_opt_nuc_pess,84,84,new_onshore_wind,WECC_N,0.0,0.0,0.0,0.0,0.0,0.0,0.0
geo_opt_nuc_pess,85,85,new_utility_pv,WECC_N,0.0,0.0,0.0,0.0,0.0,0.0,0.0
geo_opt_nuc_pess,86,86,new_utility_pv,WECC_N,25730.921628494794,0.0,25730.921628494794,0.0,143440.91062246283,0.6363756966228072,12.358979549741962
geo_opt_nuc_pess,87,87,new_utility_pv,WECC_N,0.0,0.0,0.0,0.0,0.0,0.0,0.0
geo_opt_nuc_pess,88,88,new_utility_pv,WECC_N,0.0,0.0,0.0,0.0,0.0,0.0,0.0
geo_opt_nuc_pess,89,89,new_utility_pv,WECC_N,0.0,0.0,0.0,0.0,0.0,0.0,0.0
geo_opt_nuc_pess,90,90,new_utility_pv,WECC_N,0.0,0.0,0.0,0.0,0.0,0.0,0.0
geo_opt_nuc_pess,91,91,new_utility_pv,WECC_N,0.0,0.0,0.0,0.0,0.0,0.0,0.0
geo_opt_nuc_pess,92,92,new_utility_pv,WECC_N,0.0,0.0,0.0,0.0,0.0,0.0,0.0
geo_opt_nuc_pess,93,93,battery,WECC_N,0.0,0.0,0.0,0.0,0.0,0.0,0.0
geo_opt_nuc_pess,94,94,nuclear,WECC_N,0.0,0.0,0.0,0.0,0.0,0.0,0.0
geo_opt_nuc_pess,95,95,naturalgas_ccs100,WECC_N,0.0,0.0,0.0,0.0,0.0,0.0,0.0
geo_opt_nuc_pess,96,96,naturalgas_ccccsavgcf,WECC_NMAZ,0.0,0.0,0.0,0.0,0.0,0.0,0.0
geo_opt_nuc_pess,97,97,new_onshore_wind,WECC_NMAZ,0.0,0.0,0.0,0.0,0.0,0.0,0.0
geo_opt_nuc_pess,98,98,new_onshore_wind,WECC_NMAZ,0.0,0.0,0.0,0.0,0.0,0.0,0.0
geo_opt_nuc_pess,99,99,new_onshore_wind,WECC_NMAZ,0.0,0.0,0.0,0.0,0.0,0.0,0.0
geo_opt_nuc_pess,100,100,new_onshore_wind,WECC_NMAZ,0.0,0.0,0.0,0.0,0.0,0.0,0.0
geo_opt_nuc_pess,101,101,new_onshore_wind,WECC_NMAZ,0.0,0.0,0.0,0.0,0.0,0.0,0.0
geo_opt_nuc_pess,102,102,new_onshore_wind,WECC_NMAZ,0.0,0.0,0.0,0.0,0.0,0.0,0.0
geo_opt_nuc_pess,103,103,new_onshore_wind,WECC_NMAZ,0.0,0.0,0.0,0.0,0.0,0.0,0.0
geo_opt_nuc_pess,104,104,new_utility_pv,WECC_NMAZ,39157.765357503195,0.0,39157.765357503195,0.0,195190.74041829718,0.5690326756270512,16.81778481927004
geo_opt_nuc_pess,105,105,new_utility_pv,WECC_NMAZ,0.0,0.0,0.0,0.0,0.0,0.0,0.0
geo_opt_nuc_pess,106,106,new_utility_pv,WECC_NMAZ,0.0,0.0,0.0,0.0,0.0,0.0,0.0
geo_opt_nuc_pess,107,107,new_utility_pv,WECC_NMAZ,0.0,0.0,0.0,0.0,0.0,0.0,0.0
geo_opt_nuc_pess,108,108,new_utility_pv,WECC_NMAZ,0.0,0.0,0.0,0.0,0.0,0.0,0.0
geo_opt_nuc_pess,109,109,new_utility_pv,WECC_NMAZ,0.0,0.0,0.0,0.0,0.0,0.0,0.0
geo_opt_nuc_pess,110,110,new_utility_pv,WECC_NMAZ,0.0,0.0,0.0,0.0,0.0,0.0,0.0
geo_opt_nuc_pess,111,111,new_utility_pv,WECC_NMAZ,0.0,0.0,0.0,0.0,0.0,0.0,0.0
geo_opt_nuc_pess,112,112,new_utility_pv,WECC_NMAZ,0.0,0.0,0.0,0.0,0.0,0.0,0.0
geo_opt_nuc_pess,113,113,new_utility_pv,WECC_NMAZ,0.0,0.0,0.0,0.0,0.0,0.0,0.0
geo_opt_nuc_pess,114,114,new_utility_pv,WECC_NMAZ,0.0,0.0,0.0,0.0,0.0,0.0,0.0
geo_opt_nuc_pess,115,115,new_utility_pv,WECC_NMAZ,0.0,0.0,0.0,0.0,0.0,0.0,0.0
geo_opt_nuc_pess,116,116,battery,WECC_NMAZ,0.0,0.0,0.0,0.0,0.0,0.0,0.0
geo_opt_nuc_pess,117,117,nuclear,WECC_NMAZ,0.0,0.0,0.0,0.0,0.0,0.0,0.0
geo_opt_nuc_pess,118,118,naturalgas_ccs100,WECC_NMAZ,0.0,0.0,0.0,0.0,0.0,0.0,0.0
geo_opt_nuc_pess,119,119,naturalgas_ccccsavgcf,WECC_PNW,0.0,0.0,0.0,0.0,0.0,0.0,0.0
geo_opt_nuc_pess,120,120,new_onshore_wind,WECC_PNW,0.0,0.0,0.0,0.0,0.0,0.0,0.0
geo_opt_nuc_pess,121,121,new_floating_offshore_wind,WECC_PNW,0.0,0.0,0.0,0.0,0.0,0.0,0.0
geo_opt_nuc_pess,122,122,new_floating_offshore_wind,WECC_PNW,0.0,0.0,0.0,0.0,0.0,0.0,0.0
geo_opt_nuc_pess,123,123,new_floating_offshore_wind,WECC_PNW,0.0,0.0,0.0,0.0,0.0,0.0,0.0
geo_opt_nuc_pess,124,124,new_utility_pv,WECC_PNW,0.0,0.0,0.0,0.0,0.0,0.0,0.0
geo_opt_nuc_pess,125,125,battery,WECC_PNW,0.0,0.0,0.0,0.0,0.0,0.0,0.0
geo_opt_nuc_pess,126,126,nuclear,WECC_PNW,0.0,0.0,0.0,0.0,0.0,0.0,0.0
geo_opt_nuc_pess,127,127,naturalgas_ccs100,WECC_PNW,0.0,0.0,0.0,0.0,0.0,0.0,0.0
geo_opt_nuc_pess,128,128,naturalgas_ccccsavgcf,WECC_WYCO,0.0,0.0,0.0,0.0,0.0,0.0,0.0
geo_opt_nuc_pess,129,129,new_onshore_wind,WECC_WYCO,0.0,0.0,0.0,0.0,0.0,0.0,0.0
geo_opt_nuc_pess,130,130,new_onshore_wind,WECC_WYCO,0.0,0.0,0.0,0.0,0.0,0.0,0.0
geo_opt_nuc_pess,131,131,new_onshore_wind,WECC_WYCO,0.0,0.0,0.0,0.0,0.0,0.0,0.0
geo_opt_nuc_pess,132,132,new_onshore_wind,WECC_WYCO,0.0,0.0,0.0,0.0,0.0,0.0,0.0
geo_opt_nuc_pess,133,133,new_onshore_wind,WECC_WYCO,0.0,0.0,0.0,0.0,0.0,0.0,0.0
geo_opt_nuc_pess,134,134,new_onshore_wind,WECC_WYCO,0.0,0.0,0.0,0.0,0.0,0.0,0.0
geo_opt_nuc_pess,135,135,new_onshore_wind,WECC_WYCO,0.0,0.0,0.0,0.0,0.0,0.0,0.0
geo_opt_nuc_pess,136,136,new_utility_pv,WECC_WYCO,0.0,0.0,0.0,0.0,0.0,0.0,0.0
geo_opt_nuc_pess,137,137,new_utility_pv,WECC_WYCO,13395.625497280515,0.0,13395.625497280515,0.0,84626.92991377982,0.7211763601190051,7.291521586297452
geo_opt_nuc_pess,138,138,new_utility_pv,WECC_WYCO,0.0,0.0,0.0,0.0,0.0,0.0,0.0
geo_opt_nuc_pess,139,139,new_utility_pv,WECC_WYCO,0.0,0.0,0.0,0.0,0.0,0.0,0.0
geo_opt_nuc_pess,140,140,new_utility_pv,WECC_WYCO,0.0,0.0,0.0,0.0,0.0,0.0,0.0
geo_opt_nuc_pess,141,141,battery,WECC_WYCO,5646.157058314514,0.0,5646.157058314514,0.0,5300.140947432543,0.10715942094611228,0.45666423404461304
geo_opt_nuc_pess,142,142,nuclear,WECC_WYCO,0.0,0.0,0.0,0.0,0.0,0.0,0.0
geo_opt_nuc_pess,143,143,naturalgas_ccs100,WECC_WYCO,0.0,0.0,0.0,0.0,0.0,0.0,0.0
geo_opt_nuc_pess,144,156,new_biogas_CCGT,CA_N,0.0,0.0,0.0,0.0,0.0,0.0,0.0
geo_opt_nuc_pess,145,157,new_biogas_CCGT,CA_S,0.0,0.0,0.0,0.0,0.0,0.0,0.0
geo_opt_nuc_pess,146,158,new_biogas_CCGT,WECC_N,0.0,0.0,0.0,0.0,0.0,0.0,0.0
geo_opt_nuc_pess,147,159,new_biogas_CCGT,WECC_NMAZ,0.0,0.0,0.0,0.0,0.0,0.0,0.0
geo_opt_nuc_pess,148,160,new_biogas_CCGT,WECC_PNW,0.0,0.0,0.0,0.0,0.0,0.0,0.0
geo_opt_nuc_pess,149,161,new_biogas_CCGT,WECC_WYCO,0.0,0.0,0.0,0.0,0.0,0.0,0.0
geo_opt_nuc_pess,150,162,biomass,WECC_PNW,0.0,28.4,0.0,28.4,0.0,0.0,0.0
geo_opt_nuc_pess,151,163,biomass,WECC_PNW,0.0,74.43,0.0,74.43,0.0,0.0,0.0
geo_opt_nuc_pess,152,164,conventional_hydroelectric,WECC_PNW,29850.0,29850.0,0.0,0.0,246796.57435347734,0.9438232806095826,21.264183294325406
geo_opt_nuc_pess,153,165,geothermal,WECC_PNW,14.49,14.49,0.0,0.0,73.88106823557571,0.5820505106306642,0.006365649851734699
geo_opt_nuc_pess,154,166,geothermal,WECC_PNW,1.17,1.17,0.0,0.0,8.759739937500301,0.8546754807692601,0.0007547459527328908
geo_opt_nuc_pess,155,167,hydroelectric_pumped_storage,WECC_PNW,214.0,214.0,0.0,0.0,501.95043739581246,0.26775830953986496,0.04324843703123701
geo_opt_nuc_pess,156,168,hydroelectric_pumped_storage,WECC_PNW,100.0,100.0,0.0,0.0,216.27949576841723,0.2468944015621201,0.01863480825401133
geo_opt_nuc_pess,157,169,nuclear,WECC_PNW,1163.0,1163.0,0.0,0.0,25.65629120879122,0.0025183150183150193,0.002210565849001377
geo_opt_nuc_pess,158,170,onshore_wind_turbine,WECC_PNW,5254.0,5254.0,0.0,0.0,38485.77434761132,0.8361920890804508,3.315964016500228
geo_opt_nuc_pess,159,171,solar_photovoltaic,WECC_PNW,209.9,209.9,0.0,0.0,539.8334456861314,0.29359134143358734,0.0465124662590983
moderate_all,1,1,biomass,CA_N,36.72,36.72,0.0,0.0,136.4245973802148,0.42411721611720066,0.011754448586439868
moderate_all,2,2,biomass,CA_N,0.0,33.06,0.0,33.06,0.0,0.0,0.0
moderate_all,3,3,conventional_hydroelectric,CA_N,0.0,6607.44,0.0,6607.44,0.0,0.0,0.0
moderate_all,4,4,geothermal,CA_N,542.55,542.55,0.0,0.0,4355.190805239672,0.9163540690102572,0.3752466005939607
moderate_all,5,5,geothermal,CA_N,100.32,100.32,0.0,0.0,824.2619885129875,0.9379369448279063,0.07101904899693495
moderate_all,6,6,hydroelectric_pumped_storage,CA_N,615.15,615.15,0.0,0.0,1285.0472858866915,0.23847012216396926,0.11072066579754362
moderate_all,7,7,hydroelectric_pumped_storage,CA_N,1175.8,1175.8,0.0,0.0,2357.609995469516,0.22889399653568387,0.20313349653060578
moderate_all,8,8,onshore_wind_turbine,CA_N,1327.6,1327.6,0.0,0.0,1280.112999818387,0.11007202544729898,0.11029552390220765
moderate_all,9,9,small_hydroelectric,CA_N,231.4,231.4,0.0,0.0,738.2789313455343,0.3642109629224999,0.06361068243996446
moderate_all,10,10,small_hydroelectric,CA_N,1.95,1.95,0.0,0.0,4.659616071428524,0.2727793040293013,0.0004014761164477425
moderate_all,11,11,solar_photovoltaic,CA_N,2787.1,2787.1,0.0,0.0,4315.339825558181,0.1767495610303676,0.3718130094323915
moderate_all,12,12,biomass,CA_S,0.0,67.2,0.0,67.2,0.0,0.0,0.0
moderate_all,13,13,biomass,CA_S,0.0,38.1,0.0,38.1,0.0,0.0,0.0
moderate_all,14,14,conventional_hydroelectric,CA_S,0.0,1396.0,0.0,1396.0,0.0,0.0,0.0
moderate_all,15,15,geothermal,CA_S,535.15,535.15,0.0,0.0,4327.1308833246085,0.9230397322400983,0.37282893606847267
moderate_all,16,16,geothermal,CA_S,73.02,73.02,0.0,0.0,636.5768593500048,0.9951875000000076,0.05484795343535441
moderate_all,17,17,hydroelectric_pumped_storage,CA_S,1623.0,1623.0,0.0,0.0,2476.159026192535,0.17416300400581078,0.2133477724996408
moderate_all,18,18,hydroelectric_pumped_storage,CA_S,42.0,42.0,0.0,0.0,103.25441247640636,0.2806436520885148,0.008896479858352818
moderate_all,19,19,onshore_wind_turbine,CA_S,4735.6,4735.6,0.0,0.0,5575.335001880445,0.134397704058187,0.48037516613764714
moderate_all,20,20,small_hydroelectric,CA_S,126.44,126.44,0.0,0.0,365.6454759788809,0.3301198286866629,0.03150429637171432
moderate_all,21,21,small_hydroelectric,CA_S,7.0,7.0,0.0,0.0,7.637730288461482,0.12455528846153754,0.000658072735539076
moderate_all,22,22,solar_photovoltaic,CA_S,9520.0,9520.0,0.0,0.0,7278.465974193097,0.08727679739593043,0.6271182449845542
moderate_all,23,23,biomass,WECC_N,6.24,6.24,0.0,0.0,20.4868242857143,0.3747882326007328,0.0017651605897338013
moderate_all,24,24,biomass,WECC_N,0.0,13.8,0.0,13.8,0.0,0.0,0.0
moderate_all,25,25,conventional_hydroelectric,WECC_N,0.0,4648.1,0.0,4648.1,0.0,0.0,0.0
moderate_all,26,26,geothermal,WECC_N,165.24,165.24,0.0,0.0,449.156957898578,0.31029790202667573,0.03869971009807248
moderate_all,27,27,geothermal,WECC_N,215.16,215.16,0.0,0.0,1697.946385795175,0.9008621309506397,0.14629637087171846
moderate_all,28,28,onshore_wind_turbine,WECC_N,3893.9,3893.9,0.0,0.0,2501.4797196432014,0.07333445790117106,0.21552942298682798
moderate_all,29,29,solar_photovoltaic,WECC_N,1185.7,1185.7,0.0,0.0,669.8710540627658,0.06449295640464833,0.05771660694427672
moderate_all,30,30,biomass,WECC_NMAZ,0.0,3.54,0.0,3.54,0.0,0.0,0.0
moderate_all,31,31,biomass,WECC_NMAZ,0.0,11.4,0.0,11.4,0.0,0.0,0.0
moderate_all,32,32,conventional_hydroelectric,WECC_NMAZ,0.0,3960.0,0.0,3960.0,0.0,0.0,0.0
moderate_all,33,33,geothermal,WECC_NMAZ,0.68,0.68,0.0,0.0,5.906184928571644,0.9915029761905124,0.0005088814511316985
moderate_all,34,34,geothermal,WECC_NMAZ,2.66,2.66,0.0,0.0,23.089549038461993,0.9908997252747447,0.0019894133629016998
moderate_all,35,35,hydroelectric_pumped_storage,WECC_NMAZ,119.0,119.0,0.0,0.0,289.7704686645113,0.27797328255296355,0.02496684719026744
moderate_all,36,36,hydroelectric_pumped_storage,WECC_NMAZ,97.3,97.3,0.0,0.0,245.98925683409007,0.28860190536505054,0.021194624193864055
moderate_all,37,37,nuclear,WECC_NMAZ,4002.99,4002.99,0.0,0.0,54.84421287366833,0.0015640196188984675,0.00472541970338841
moderate_all,38,38,onshore_wind_turbine,WECC_NMAZ,0.0,1235.1,0.0,1235.1,0.0,0.0,0.0
moderate_all,39,39,solar_photovoltaic,WECC_NMAZ,6266.4,6266.4,0.0,0.0,2756.123114853956,0.050208401371312286,0.2374696944214527
moderate_all,40,40,biomass,WECC_WYCO,0.0,4.8,0.0,4.8,0.0,0.0,0.0
moderate_all,41,41,biomass,WECC_WYCO,0.0,8.04,0.0,8.04,0.0,0.0,0.0
moderate_all,42,42,conventional_hydroelectric,WECC_WYCO,0.0,961.87,0.0,961.87,0.0,0.0,0.0
moderate_all,43,43,hydroelectric_pumped_storage,WECC_WYCO,324.0,324.0,0.0,0.0,722.1572325894841,0.25443839583315153,0.06222162443434746
moderate_all,44,44,hydroelectric_pumped_storage,WECC_WYCO,238.5,238.5,0.0,0.0,561.6325225631931,0.2688188748950313,0.048390691544741925
moderate_all,45,45,onshore_wind_turbine,WECC_WYCO,5751.7,5751.7,0.0,0.0,24732.688651619912,0.4908750950904075,2.130987539949691
moderate_all,46,46,solar_photovoltaic,WECC_WYCO,593.1,593.1,0.0,0.0,1219.1482410917217,0.23465212213894368,0.10504275324502096
moderate_all,47,47,naturalgas_ccccsavgcf,CA_N,0.0,0.0,0.0,0.0,0.0,0.0,0.0
moderate_all,48,48,new_onshore_wind,CA_N,0.0,0.0,0.0,0.0,0.0,0.0,0.0
moderate_all,49,49,new_floating_offshore_wind,CA_N,0.0,0.0,0.0,0.0,0.0,0.0,0.0
moderate_all,50,50,new_floating_offshore_wind,CA_N,0.0,0.0,0.0,0.0,0.0,0.0,0.0
moderate_all,51,51,new_floating_offshore_wind,CA_N,0.0,0.0,0.0,0.0,0.0,0.0,0.0
moderate_all,52,52,new_floating_offshore_wind,CA_N,0.0,0.0,0.0,0.0,-5.471959881545914e-15,-5.471959881545914e-12,-4.714682859970905e-19
moderate_all,53,53,new_floating_offshore_wind,CA_N,0.0,0.0,0.0,0.0,0.0,0.0,0.0
moderate_all,54,54,new_utility_pv,CA_N,0.0,0.0,0.0,0.0,0.0,0.0,0.0
moderate_all,55,55,new_utility_pv,CA_N,0.0,0.0,0.0,0.0,0.0,0.0,0.0
moderate_all,56,56,new_utility_pv,CA_N,0.0,0.0,0.0,0.0,0.0,0.0,0.0
moderate_all,57,57,new_utility_pv,CA_N,14825.834709930787,0.0,14825.834709930787,0.0,121074.91752456476,0.9322468439299072,10.431908325033042
moderate_all,58,58,battery,CA_N,35919.400769694184,0.0,35919.400769694184,0.0,26677.300518618424,0.08478298287901764,2.298536799028757
moderate_all,59,59,nuclear,CA_N,0.0,0.0,0.0,0.0,0.0,0.0,0.0
moderate_all,60,60,naturalgas_ccs100,CA_N,0.0,0.0,0.0,0.0,0.0,0.0,0.0
moderate_all,61,61,naturalgas_ccccsavgcf,CA_S,0.0,0.0,0.0,0.0,0.0,0.0,0.0
moderate_all,62,62,new_onshore_wind,CA_S,0.0,0.0,0.0,0.0,0.0,0.0,0.0
moderate_all,63,63,new_onshore_wind,CA_S,0.0,0.0,0.0,0.0,0.0,0.0,0.0
moderate_all,64,64,new_onshore_wind,CA_S,0.0,0.0,0.0,0.0,0.0,0.0,0.0
moderate_all,65,65,new_utility_pv,CA_S,0.0,0.0,0.0,0.0,0.0,0.0,0.0
moderate_all,66,66,new_utility_pv,CA_S,0.0,0.0,0.0,0.0,0.0,0.0,0.0
moderate_all,67,67,new_utility_pv,CA_S,0.0,0.0,0.0,0.0,0.0,0.0,0.0
moderate_all,68,68,new_utility_pv,CA_S,0.0,0.0,0.0,0.0,0.0,0.0,0.0
moderate_all,69,69,new_utility_pv,CA_S,20451.59,0.0,20451.59,0.0,141213.75024928388,0.7882170102347775,12.167085693333302
moderate_all,70,70,new_utility_pv,CA_S,17116.833140982177,0.0,17116.833140982177,0.0,93519.06610487502,0.6236955393439606,8.057674902407646
moderate_all,71,71,new_utility_pv,CA_S,0.0,0.0,0.0,0.0,0.0,0.0,0.0
moderate_all,72,72,new_utility_pv,CA_S,0.0,0.0,0.0,0.0,0.0,0.0,0.0
moderate_all,73,73,new_utility_pv,CA_S,0.0,0.0,0.0,0.0,0.0,0.0,0.0
moderate_all,74,74,new_utility_pv,CA_S,0.0,0.0,0.0,0.0,0.0,0.0,0.0
moderate_all,75,75,battery,CA_S,0.0,0.0,0.0,0.0,0.0,0.0,0.0
moderate_all,76,76,nuclear,CA_S,0.0,0.0,0.0,0.0,0.0,0.0,0.0
moderate_all,77,77,naturalgas_ccs100,CA_S,0.0,0.0,0.0,0.0,0.0,0.0,0.0
moderate_all,78,78,naturalgas_ccccsavgcf,WECC_N,0.0,0.0,0.0,0.0,0.0,0.0,0.0
moderate_all,79,79,new_onshore_wind,WECC_N,0.0,0.0,0.0,0.0,0.0,0.0,0.0
moderate_all,80,80,new_onshore_wind,WECC_N,0.0,0.0,0.0,0.0,0.0,0.0,0.0
moderate_all,81,81,new_onshore_wind,WECC_N,0.0,0.0,0.0,0.0,0.0,0.0,0.0
moderate_all,82,82,new_onshore_wind,WECC_N,0.0,0.0,0.0,0.0,0.0,0.0,0.0
moderate_all,83,83,new_onshore_wind,WECC_N,0.0,0.0,0.0,0.0,0.0,0.0,0.0
moderate_all,84,84,new_onshore_wind,WECC_N,0.0,0.0,0.0,0.0,0.0,0.0,0.0
moderate_all,85,85,new_utility_pv,WECC_N,0.0,0.0,0.0,0.0,0.0,0.0,0.0
moderate_all,86,86,new_utility_pv,WECC_N,25730.921628494794,0.0,25730.921628494794,0.0,186685.46324483212,0.8282301834688515,16.084963574650306
moderate_all,87,87,new_utility_pv,WECC_N,0.0,0.0,0.0,0.0,0.0,0.0,0.0
moderate_all,88,88,new_utility_pv,WECC_N,0.0,0.0,0.0,0.0,0.0,0.0,0.0
moderate_all,89,89,new_utility_pv,WECC_N,0.0,0.0,0.0,0.0,0.0,0.0,0.0
moderate_all,90,90,new_utility_pv,WECC_N,0.0,0.0,0.0,0.0,0.0,0.0,0.0
moderate_all,91,91,new_utility_pv,WECC_N,0.0,0.0,0.0,0.0,0.0,0.0,0.0
moderate_all,92,92,new_utility_pv,WECC_N,0.0,0.0,0.0,0.0,0.0,0.0,0.0
moderate_all,93,93,battery,WECC_N,0.0,0.0,0.0,0.0,0.0,0.0,0.0
moderate_all,94,94,nuclear,WECC_N,0.0,0.0,0.0,0.0,0.0,0.0,0.0
moderate_all,95,95,naturalgas_ccs100,WECC_N,0.0,0.0,0.0,0.0,0.0,0.0,0.0
moderate_all,96,96,naturalgas_ccccsavgcf,WECC_NMAZ,0.0,0.0,0.0,0.0,0.0,0.0,0.0
moderate_all,97,97,new_onshore_wind,WECC_NMAZ,0.0,0.0,0.0,0.0,0.0,0.0,0.0
moderate_all,98,98,new_onshore_wind,WECC_NMAZ,0.0,0.0,0.0,0.0,0.0,0.0,0.0
moderate_all,99,99,new_onshore_wind,WECC_NMAZ,0.0,0.0,0.0,0.0,0.0,0.0,0.0
moderate_all,100,100,new_onshore_wind,WECC_NMAZ,0.0,0.0,0.0,0.0,0.0,0.0,0.0
moderate_all,101,101,new_onshore_wind,WECC_NMAZ,0.0,0.0,0.0,0.0,0.0,0.0,0.0
moderate_all,102,102,new_onshore_wind,WECC_NMAZ,0.0,0.0,0.0,0.0,0.0,0.0,0.0
moderate_all,103,103,new_onshore_wind,WECC_NMAZ,0.0,0.0,0.0,0.0,0.0,0.0,0.0
moderate_all,104,104,new_utility_pv,WECC_NMAZ,39157.765357503195,0.0,39157.765357503195,0.0,214087.3796441511,0.6241213809416748,18.445933837131953
moderate_all,105,105,new_utility_pv,WECC_NMAZ,0.0,0.0,0.0,0.0,0.0,0.0,0.0
moderate_all,106,106,new_utility_pv,WECC_NMAZ,0.0,0.0,0.0,0.0,0.0,0.0,0.0
moderate_all,107,107,new_utility_pv,WECC_NMAZ,0.0,0.0,0.0,0.0,0.0,0.0,0.0
moderate_all,108,108,new_utility_pv,WECC_NMAZ,0.0,0.0,0.0,0.0,0.0,0.0,0.0
moderate_all,109,109,new_utility_pv,WECC_NMAZ,0.0,0.0,0.0,0.0,0.0,0.0,0.0
moderate_all,110,110,new_utility_pv,WECC_NMAZ,0.0,0.0,0.0,0.0,0.0,0.0,0.0
moderate_all,111,111,new_utility_pv,WECC_NMAZ,0.0,0.0,0.0,0.0,0.0,0.0,0.0
moderate_all,112,112,new_utility_pv,WECC_NMAZ,0.0,0.0,0.0,0.0,0.0,0.0,0.0
moderate_all,113,113,new_utility_pv,WECC_NMAZ,0.0,0.0,0.0,0.0,0.0,0.0,0.0
moderate_all,114,114,new_utility_pv,WECC_NMAZ,0.0,0.0,0.0,0.0,0.0,0.0,0.0
moderate_all,115,115,new_utility_pv,WECC_NMAZ,0.0,0.0,0.0,0.0,0.0,0.0,0.0
moderate_all,116,116,battery,WECC_NMAZ,0.0,0.0,0.0,0.0,0.0,0.0,0.0
moderate_all,117,117,nuclear,WECC_NMAZ,0.0,0.0,0.0,0.0,0.0,0.0,0.0
moderate_all,118,118,naturalgas_ccs100,WECC_NMAZ,0.0,0.0,0.0,0.0,0.0,0.0,0.0
moderate_all,119,119,naturalgas_ccccsavgcf,WECC_PNW,0.0,0.0,0.0,0.0,0.0,0.0,0.0
moderate_all,120,120,new_onshore_wind,WECC_PNW,0.0,0.0,0.0,0.0,0.0,0.0,0.0
moderate_all,121,121,new_floating_offshore_wind,WECC_PNW,0.0,0.0,0.0,0.0,0.0,0.0,0.0
moderate_all,122,122,new_floating_offshore_wind,WECC_PNW,0.0,0.0,0.0,0.0,0.0,0.0,0.0
moderate_all,123,123,new_floating_offshore_wind,WECC_PNW,0.0,0.0,0.0,0.0,0.0,0.0,0.0
moderate_all,124,124,new_utility_pv,WECC_PNW,0.0,0.0,0.0,0.0,0.0,0.0,0.0
moderate_all,125,125,battery,WECC_PNW,0.0,0.0,0.0,0.0,6.839949851932393e-16,6.839949851932393e-13,5.893353574963631e-20
moderate_all,126,126,nuclear,WECC_PNW,0.0,0.0,0.0,0.0,0.0,0.0,0.0
moderate_all,127,127,naturalgas_ccs100,WECC_PNW,0.0,0.0,0.0,0.0,0.0,0.0,0.0
moderate_all,128,128,naturalgas_ccccsavgcf,WECC_WYCO,0.0,0.0,0.0,0.0,0.0,0.0,0.0
moderate_all,129,129,new_onshore_wind,WECC_WYCO,0.0,0.0,0.0,0.0,0.0,0.0,0.0
moderate_all,130,130,new_onshore_wind,WECC_WYCO,0.0,0.0,0.0,0.0,0.0,0.0,0.0
moderate_all,131,131,new_onshore_wind,WECC_WYCO,0.0,0.0,0.0,0.0,0.0,0.0,0.0
moderate_all,132,132,new_onshore_wind,WECC_WYCO,0.0,0.0,0.0,0.0,0.0,0.0,0.0
moderate_all,133,133,new_onshore_wind,WECC_WYCO,0.0,0.0,0.0,0.0,0.0,0.0,0.0
moderate_all,134,134,new_onshore_wind,WECC_WYCO,0.0,0.0,0.0,0.0,0.0,0.0,0.0
moderate_all,135,135,new_onshore_wind,WECC_WYCO,0.0,0.0,0.0,0.0,0.0,0.0,0.0
moderate_all,136,136,new_utility_pv,WECC_WYCO,0.0,0.0,0.0,0.0,0.0,0.0,0.0
moderate_all,137,137,new_utility_pv,WECC_WYCO,13395.625497280515,0.0,13395.625497280515,0.0,78000.12519382099,0.664703852939217,6.720550977851808
moderate_all,138,138,new_utility_pv,WECC_WYCO,0.0,0.0,0.0,0.0,0.0,0.0,0.0
moderate_all,139,139,new_utility_pv,WECC_WYCO,0.0,0.0,0.0,0.0,0.0,0.0,0.0
moderate_all,140,140,new_utility_pv,WECC_WYCO,0.0,0.0,0.0,0.0,0.0,0.0,0.0
moderate_all,141,141,battery,WECC_WYCO,5646.157058314514,0.0,5646.157058314514,0.0,4548.589621217094,0.09196439014838549,0.39190999182061237
moderate_all,142,142,nuclear,WECC_WYCO,0.0,0.0,0.0,0.0,0.0,0.0,0.0
moderate_all,143,143,naturalgas_ccs100,WECC_WYCO,0.0,0.0,0.0,0.0,0.0,0.0,0.0
moderate_all,144,156,new_biogas_CCGT,CA_N,0.0,0.0,0.0,0.0,0.0,0.0,0.0
moderate_all,145,157,new_biogas_CCGT,CA_S,0.0,0.0,0.0,0.0,0.0,0.0,0.0
moderate_all,146,158,new_biogas_CCGT,WECC_N,0.0,0.0,0.0,0.0,0.0,0.0,0.0
moderate_all,147,159,new_biogas_CCGT,WECC_NMAZ,0.0,0.0,0.0,0.0,0.0,0.0,0.0
moderate_all,148,160,new_biogas_CCGT,WECC_PNW,0.0,0.0,0.0,0.0,0.0,0.0,0.0
moderate_all,149,161,new_biogas_CCGT,WECC_WYCO,0.0,0.0,0.0,0.0,0.0,0.0,0.0
moderate_all,150,162,biomass,WECC_PNW,0.0,28.4,0.0,28.4,0.0,0.0,0.0
moderate_all,151,163,biomass,WECC_PNW,0.0,74.43,0.0,74.43,0.0,0.0,0.0
moderate_all,152,164,conventional_hydroelectric,WECC_PNW,29850.0,29850.0,0.0,0.0,236985.01365148695,0.9063009631547653,20.418811652854792
moderate_all,153,165,geothermal,WECC_PNW,14.49,14.49,0.0,0.0,27.701077584132477,0.2182348839550223,0.002386746221021938
moderate_all,154,166,geothermal,WECC_PNW,1.17,1.17,0.0,0.0,9.793148142857635,0.9555036630037111,0.0008437852011671291
moderate_all,155,167,hydroelectric_pumped_storage,WECC_PNW,214.0,214.0,0.0,0.0,444.458840610952,0.23709023631788076,0.038294916687126535
moderate_all,156,168,hydroelectric_pumped_storage,WECC_PNW,100.0,100.0,0.0,0.0,214.9489855899814,0.2453755543264628,0.01852017047030894
moderate_all,157,169,nuclear,WECC_PNW,1163.0,1163.0,0.0,0.0,25.65629120879122,0.0025183150183150193,0.002210565849001377
moderate_all,158,170,onshore_wind_turbine,WECC_PNW,5254.0,5254.0,0.0,0.0,33160.85026240383,0.7204958488336747,2.8571644481802694
moderate_all,159,171,solar_photovoltaic,WECC_PNW,209.9,209.9,0.0,0.0,423.19606252279686,0.2301574692682517,0.03646289931898625
nuc_optimistic,1,1,biomass,CA_N,36.72,36.72,0.0,0.0,136.4245973802148,0.42411721611720066,0.011754448586439868
nuc_optimistic,2,2,biomass,CA_N,0.0,33.06,0.0,33.06,0.0,0.0,0.0
nuc_optimistic,3,3,conventional_hydroelectric,CA_N,0.0,6607.44,0.0,6607.44,0.0,0.0,0.0
nuc_optimistic,4,4,geothermal,CA_N,542.55,542.55,0.0,0.0,4458.474972792403,0.938085577785353,0.38414564417265107
nuc_optimistic,5,5,geothermal,CA_N,100.32,100.32,0.0,0.0,831.5731734868389,0.9462564240626785,0.07164898633617868
nuc_optimistic,6,6,hydroelectric_pumped_storage,CA_N,615.15,615.15,0.0,0.0,1346.663236297064,0.24990438095194215,0.11602954363271024
nuc_optimistic,7,7,hydroelectric_pumped_storage,CA_N,1175.8,1175.8,0.0,0.0,2467.096349256775,0.23952373136572078,0.21256692526136736
nuc_optimistic,8,8,onshore_wind_turbine,CA_N,1327.6,1327.6,0.0,0.0,1420.5530628101797,0.12214792983202596,0.12239594810439636
nuc_optimistic,9,9,small_hydroelectric,CA_N,231.4,231.4,0.0,0.0,833.2151085770381,0.41104528943192625,0.07179045673059906
nuc_optimistic,10,10,small_hydroelectric,CA_N,1.95,1.95,0.0,0.0,5.47891071428571,0.32074175824175793,0.0004720671751097712
nuc_optimistic,11,11,solar_photovoltaic,CA_N,2787.1,2787.1,0.0,0.0,4569.998490969366,0.1871799811463973,0.393754596559269
nuc_optimistic,12,12,biomass,CA_S,0.0,67.2,0.0,67.2,0.0,0.0,0.0
nuc_optimistic,13,13,biomass,CA_S,0.0,38.1,0.0,38.1,0.0,0.0,0.0
nuc_optimistic,14,14,conventional_hydroelectric,CA_S,0.0,1396.0,0.0,1396.0,0.0,0.0,0.0
nuc_optimistic,15,15,geothermal,CA_S,535.15,535.15,0.0,0.0,4460.736481607275,0.9515397427528054,0.38434049751730204
nuc_optimistic,16,16,geothermal,CA_S,73.02,73.02,0.0,0.0,638.35282510962,0.9979639423076996,0.05500097201568046
nuc_optimistic,17,17,hydroelectric_pumped_storage,CA_S,1623.0,1623.0,0.0,0.0,2485.327423480907,0.17480787196330905,0.21413772868507758
nuc_optimistic,18,18,hydroelectric_pumped_storage,CA_S,42.0,42.0,0.0,0.0,98.28225716398264,0.2671294226026925,0.008468075119720586
nuc_optimistic,19,19,onshore_wind_turbine,CA_S,4735.6,4735.6,0.0,0.0,8639.893478940861,0.20827122432738318,0.7444198893802704
nuc_optimistic,20,20,small_hydroelectric,CA_S,126.44,126.44,0.0,0.0,507.0154114526926,0.4577544418460907,0.04368483910451799
nuc_optimistic,21,21,small_hydroelectric,CA_S,7.0,7.0,0.0,0.0,11.093613461538267,0.18091346153845836,0.0009558342965679893
nuc_optimistic,22,22,solar_photovoltaic,CA_S,9520.0,9520.0,0.0,0.0,11335.065852732108,0.1359198833114149,0.97663802091728
nuc_optimistic,23,23,biomass,WECC_N,6.24,6.24,0.0,0.0,20.4868242857143,0.3747882326007328,0.0017651605897338013
nuc_optimistic,24,24,biomass,WECC_N,0.0,13.8,0.0,13.8,0.0,0.0,0.0
nuc_optimistic,25,25,conventional_hydroelectric,WECC_N,0.0,4648.1,0.0,4648.1,0.0,0.0,0.0
nuc_optimistic,26,26,geothermal,WECC_N,165.24,165.24,0.0,0.0,607.1337092864255,0.4194353731547702,0.052311108905180495
nuc_optimistic,27,27,geothermal,WECC_N,215.16,215.16,0.0,0.0,1795.9018879456096,0.9528333846626668,0.15473629252732138
nuc_optimistic,28,28,onshore_wind_turbine,WECC_N,3893.9,3893.9,0.0,0.0,3793.502633450987,0.11121195866040172,0.3268511142690071
nuc_optimistic,29,29,solar_photovoltaic,WECC_N,1185.7,1185.7,0.0,0.0,1144.3988721030323,0.11017891595768838,0.0986022899303475
nuc_optimistic,30,30,biomass,WECC_NMAZ,0.0,3.54,0.0,3.54,0.0,0.0,0.0
nuc_optimistic,31,31,biomass,WECC_NMAZ,0.0,11.4,0.0,11.4,0.0,0.0,0.0
nuc_optimistic,32,32,conventional_hydroelectric,WECC_NMAZ,0.0,3960.0,0.0,3960.0,0.0,0.0,0.0
nuc_optimistic,33,33,geothermal,WECC_NMAZ,0.68,0.68,0.0,0.0,5.796389158241963,0.973070970696005,0.0004994213628328711
nuc_optimistic,34,34,geothermal,WECC_NMAZ,2.66,2.66,0.0,0.0,22.65866148461579,0.9724079670329844,0.0019522877587549174
nuc_optimistic,35,35,hydroelectric_pumped_storage,WECC_NMAZ,119.0,119.0,0.0,0.0,257.8502174412643,0.24735257419253318,0.022216573712646636
nuc_optimistic,36,36,hydroelectric_pumped_storage,WECC_NMAZ,97.3,97.3,0.0,0.0,215.17950462766055,0.2524549886051948,0.01854003216848235
nuc_optimistic,37,37,nuclear,WECC_NMAZ,4002.99,4002.99,0.0,0.0,52.181833928571415,0.0014880952380952378,0.004496027078973744
nuc_optimistic,38,38,onshore_wind_turbine,WECC_NMAZ,0.0,1235.1,0.0,1235.1,0.0,0.0,0.0
nuc_optimistic,39,39,solar_photovoltaic,WECC_NMAZ,6266.4,6266.4,0.0,0.0,8204.724541320396,0.14946578427194068,0.7069253979036384
nuc_optimistic,40,40,biomass,WECC_WYCO,0.0,4.8,0.0,4.8,0.0,0.0,0.0
nuc_optimistic,41,41,biomass,WECC_WYCO,0.0,8.04,0.0,8.04,0.0,0.0,0.0
nuc_optimistic,42,42,conventional_hydroelectric,WECC_WYCO,0.0,961.87,0.0,961.87,0.0,0.0,0.0
nuc_optimistic,43,43,hydroelectric_pumped_storage,WECC_WYCO,324.0,324.0,0.0,0.0,692.7711092510134,0.24408475296346094,0.0596896933708153
nuc_optimistic,44,44,hydroelectric_pumped_storage,WECC_WYCO,238.5,238.5,0.0,0.0,542.9464334468812,0.25987499566683,0.04678068368679551
nuc_optimistic,45,45,onshore_wind_turbine,WECC_WYCO,5751.7,5751.7,0.0,0.0,26765.755875343173,0.5312258260937262,2.3061581808234086
nuc_optimistic,46,46,solar_photovoltaic,WECC_WYCO,593.1,593.1,0.0,0.0,1349.3947583580086,0.25972095351450525,0.11626489368134273
nuc_optimistic,47,47,naturalgas_ccccsavgcf,CA_N,0.0,0.0,0.0,0.0,0.0,0.0,0.0
nuc_optimistic,48,48,new_onshore_wind,CA_N,0.0,0.0,0.0,0.0,0.0,0.0,0.0
nuc_optimistic,49,49,new_floating_offshore_wind,CA_N,0.0,0.0,0.0,0.0,0.0,0.0,0.0
nuc_optimistic,50,50,new_floating_offshore_wind,CA_N,0.0,0.0,0.0,0.0,0.0,0.0,0.0
nuc_optimistic,51,51,new_floating_offshore_wind,CA_N,0.0,0.0,0.0,0.0,0.0,0.0,0.0
nuc_optimistic,52,52,new_floating_offshore_wind,CA_N,0.0,0.0,0.0,0.0,0.0,0.0,0.0
nuc_optimistic,53,53,new_floating_offshore_wind,CA_N,0.0,0.0,0.0,0.0,0.0,0.0,0.0
nuc_optimistic,54,54,new_utility_pv,CA_N,0.0,0.0,0.0,0.0,0.0,0.0,0.0
nuc_optimistic,55,55,new_utility_pv,CA_N,0.0,0.0,0.0,0.0,0.0,0.0,0.0
nuc_optimistic,56,56,new_utility_pv,CA_N,0.0,0.0,0.0,0.0,0.0,0.0,0.0
nuc_optimistic,57,57,new_utility_pv,CA_N,14825.834709930776,0.0,14825.834709930776,0.0,122938.57738294288,0.9465965627375162,10.592482696580314
nuc_optimistic,58,58,battery,CA_N,35919.400769694206,0.0,35919.400769694206,0.0,23818.518859524123,0.0756975045230391,2.05222196521599
nuc_optimistic,59,59,nuclear,CA_N,0.0,0.0,0.0,0.0,0.0,0.0,0.0
nuc_optimistic,60,60,naturalgas_ccs100,CA_N,0.0,0.0,0.0,0.0,0.0,0.0,0.0
nuc_optimistic,61,61,naturalgas_ccccsavgcf,CA_S,0.0,0.0,0.0,0.0,0.0,0.0,0.0
nuc_optimistic,62,62,new_onshore_wind,CA_S,0.0,0.0,0.0,0.0,0.0,0.0,0.0
nuc_optimistic,63,63,new_onshore_wind,CA_S,0.0,0.0,0.0,0.0,0.0,0.0,0.0
nuc_optimistic,64,64,new_onshore_wind,CA_S,0.0,0.0,0.0,0.0,0.0,0.0,0.0
nuc_optimistic,65,65,new_utility_pv,CA_S,0.0,0.0,0.0,0.0,0.0,0.0,0.0
nuc_optimistic,66,66,new_utility_pv,CA_S,0.0,0.0,0.0,0.0,0.0,0.0,0.0
nuc_optimistic,67,67,new_utility_pv,CA_S,0.0,0.0,0.0,0.0,0.0,0.0,0.0
nuc_optimistic,68,68,new_utility_pv,CA_S,0.0,0.0,0.0,0.0,0.0,0.0,0.0
nuc_optimistic,69,69,new_utility_pv,CA_S,20451.59,0.0,20451.59,0.0,144508.52859112842,0.8066075729767946,12.450966337781836
nuc_optimistic,70,70,new_utility_pv,CA_S,17116.833140982184,0.0,17116.833140982184,0.0,95553.79306742035,0.6372655008842014,8.23298854765906
nuc_optimistic,71,71,new_utility_pv,CA_S,0.0,0.0,0.0,0.0,0.0,0.0,0.0
nuc_optimistic,72,72,new_utility_pv,CA_S,0.0,0.0,0.0,0.0,0.0,0.0,0.0
nuc_optimistic,73,73,new_utility_pv,CA_S,0.0,0.0,0.0,0.0,0.0,0.0,0.0
nuc_optimistic,74,74,new_utility_pv,CA_S,0.0,0.0,0.0,0.0,0.0,0.0,0.0
nuc_optimistic,75,75,battery,CA_S,0.0,0.0,0.0,0.0,0.0,0.0,0.0
nuc_optimistic,76,76,nuclear,CA_S,0.0,0.0,0.0,0.0,0.0,0.0,0.0
nuc_optimistic,77,77,naturalgas_ccs100,CA_S,0.0,0.0,0.0,0.0,0.0,0.0,0.0
nuc_optimistic,78,78,naturalgas_ccccsavgcf,WECC_N,0.0,0.0,0.0,0.0,0.0,0.0,0.0
nuc_optimistic,79,79,new_onshore_wind,WECC_N,0.0,0.0,0.0,0.0,0.0,0.0,0.0
nuc_optimistic,80,80,new_onshore_wind,WECC_N,0.0,0.0,0.0,0.0,0.0,0.0,0.0
nuc_optimistic,81,81,new_onshore_wind,WECC_N,0.0,0.0,0.0,0.0,0.0,0.0,0.0
nuc_optimistic,82,82,new_onshore_wind,WECC_N,0.0,0.0,0.0,0.0,0.0,0.0,0.0
nuc_optimistic,83,83,new_onshore_wind,WECC_N,0.0,0.0,0.0,0.0,0.0,0.0,0.0
nuc_optimistic,84,84,new_onshore_wind,WECC_N,0.0,0.0,0.0,0.0,0.0,0.0,0.0
nuc_optimistic,85,85,new_utility_pv,WECC_N,0.0,0.0,0.0,0.0,0.0,0.0,0.0
nuc_optimistic,86,86,new_utility_pv,WECC_N,25730.921628494794,0.0,25730.921628494794,0.0,177973.2448652175,0.7895784207576556,15.33431211601629
nuc_optimistic,87,87,new_utility_pv,WECC_N,0.0,0.0,0.0,0.0,0.0,0.0,0.0
nuc_optimistic,88,88,new_utility_pv,WECC_N,0.0,0.0,0.0,0.0,0.0,0.0,0.0
nuc_optimistic,89,89,new_utility_pv,WECC_N,0.0,0.0,0.0,0.0,0.0,0.0,0.0
nuc_optimistic,90,90,new_utility_pv,WECC_N,0.0,0.0,0.0,0.0,0.0,0.0,0.0
nuc_optimistic,91,91,new_utility_pv,WECC_N,0.0,0.0,0.0,0.0,0.0,0.0,0.0
nuc_optimistic,92,92,new_utility_pv,WECC_N,0.0,0.0,0.0,0.0,0.0,0.0,0.0
nuc_optimistic,93,93,battery,WECC_N,0.0,0.0,0.0,0.0,0.0,0.0,0.0
nuc_optimistic,94,94,nuclear,WECC_N,0.0,0.0,0.0,0.0,0.0,0.0,0.0
nuc_optimistic,95,95,naturalgas_ccs100,WECC_N,0.0,0.0,0.0,0.0,0.0,0.0,0.0
nuc_optimistic,96,96,naturalgas_ccccsavgcf,WECC_NMAZ,0.0,0.0,0.0,0.0,0.0,0.0,0.0
nuc_optimistic,97,97,new_onshore_wind,WECC_NMAZ,0.0,0.0,0.0,0.0,0.0,0.0,0.0
nuc_optimistic,98,98,new_onshore_wind,WECC_NMAZ,0.0,0.0,0.0,0.0,0.0,0.0,0.0
nuc_optimistic,99,99,new_onshore_wind,WECC_NMAZ,0.0,0.0,0.0,0.0,0.0,0.0,0.0
nuc_optimistic,100,100,new_onshore_wind,WECC_NMAZ,0.0,0.0,0.0,0.0,0.0,0.0,0.0
nuc_optimistic,101,101,new_onshore_wind,WECC_NMAZ,0.0,0.0,0.0,0.0,0.0,0.0,0.0
nuc_optimistic,102,102,new_onshore_wind,WECC_NMAZ,0.0,0.0,0.0,0.0,0.0,0.0,0.0
nuc_optimistic,103,103,new_onshore_wind,WECC_NMAZ,0.0,0.0,0.0,0.0,0.0,0.0,0.0
nuc_optimistic,104,104,new_utility_pv,WECC_NMAZ,39157.765357503195,0.0,39157.765357503195,0.0,187715.3246353977,0.547239859865135,16.17369722678508
nuc_optimistic,105,105,new_utility_pv,WECC_NMAZ,0.0,0.0,0.0,0.0,0.0,0.0,0.0
nuc_optimistic,106,106,new_utility_pv,WECC_NMAZ,0.0,0.0,0.0,0.0,0.0,0.0,0.0
nuc_optimistic,107,107,new_utility_pv,WECC_NMAZ,0.0,0.0,0.0,0.0,0.0,0.0,0.0
nuc_optimistic,108,108,new_utility_pv,WECC_NMAZ,0.0,0.0,0.0,0.0,0.0,0.0,0.0
nuc_optimistic,109,109,new_utility_pv,WECC_NMAZ,0.0,0.0,0.0,0.0,0.0,0.0,0.0
nuc_optimistic,110,110,new_utility_pv,WECC_NMAZ,0.0,0.0,0.0,0.0,0.0,0.0,0.0
nuc_optimistic,111,111,new_utility_pv,WECC_NMAZ,0.0,0.0,0.0,0.0,0.0,0.0,0.0
nuc_optimistic,112,112,new_utility_pv,WECC_NMAZ,0.0,0.0,0.0,0.0,0.0,0.0,0.0
nuc_optimistic,113,113,new_utility_pv,WECC_NMAZ,0.0,0.0,0.0,0.0,0.0,0.0,0.0
nuc_optimistic,114,114,new_utility_pv,WECC_NMAZ,0.0,0.0,0.0,0.0,0.0,0.0,0.0
nuc_optimistic,115,115,new_utility_pv,WECC_NMAZ,0.0,0.0,0.0,0.0,0.0,0.0,0.0
nuc_optimistic,116,116,battery,WECC_NMAZ,0.0,0.0,0.0,0.0,0.0,0.0,0.0
nuc_optimistic,117,117,nuclear,WECC_NMAZ,0.0,0.0,0.0,0.0,0.0,0.0,0.0
nuc_optimistic,118,118,naturalgas_ccs100,WECC_NMAZ,0.0,0.0,0.0,0.0,0.0,0.0,0.0
nuc_optimistic,119,119,naturalgas_ccccsavgcf,WECC_PNW,0.0,0.0,0.0,0.0,0.0,0.0,0.0
nuc_optimistic,120,120,new_onshore_wind,WECC_PNW,0.0,0.0,0.0,0.0,0.0,0.0,0.0
nuc_optimistic,121,121,new_floating_offshore_wind,WECC_PNW,0.0,0.0,0.0,0.0,0.0,0.0,0.0
nuc_optimistic,122,122,new_floating_offshore_wind,WECC_PNW,0.0,0.0,0.0,0.0,0.0,0.0,0.0
nuc_optimistic,123,123,new_floating_offshore_wind,WECC_PNW,0.0,0.0,0.0,0.0,0.0,0.0,0.0
nuc_optimistic,124,124,new_utility_pv,WECC_PNW,0.0,0.0,0.0,0.0,0.0,0.0,0.0
nuc_optimistic,125,125,battery,WECC_PNW,0.0,0.0,0.0,0.0,0.0,0.0,0.0
nuc_optimistic,126,126,nuclear,WECC_PNW,0.0,0.0,0.0,0.0,0.0,0.0,0.0
nuc_optimistic,127,127,naturalgas_ccs100,WECC_PNW,0.0,0.0,0.0,0.0,0.0,0.0,0.0
nuc_optimistic,128,128,naturalgas_ccccsavgcf,WECC_WYCO,0.0,0.0,0.0,0.0,0.0,0.0,0.0
nuc_optimistic,129,129,new_onshore_wind,WECC_WYCO,0.0,0.0,0.0,0.0,0.0,0.0,0.0
nuc_optimistic,130,130,new_onshore_wind,WECC_WYCO,0.0,0.0,0.0,0.0,0.0,0.0,0.0
nuc_optimistic,131,131,new_onshore_wind,WECC_WYCO,0.0,0.0,0.0,0.0,0.0,0.0,0.0
nuc_optimistic,132,132,new_onshore_wind,WECC_WYCO,0.0,0.0,0.0,0.0,0.0,0.0,0.0
nuc_optimistic,133,133,new_onshore_wind,WECC_WYCO,0.0,0.0,0.0,0.0,0.0,0.0,0.0
nuc_optimistic,134,134,new_onshore_wind,WECC_WYCO,0.0,0.0,0.0,0.0,0.0,0.0,0.0
nuc_optimistic,135,135,new_onshore_wind,WECC_WYCO,0.0,0.0,0.0,0.0,0.0,0.0,0.0
nuc_optimistic,136,136,new_utility_pv,WECC_WYCO,0.0,0.0,0.0,0.0,0.0,0.0,0.0
nuc_optimistic,137,137,new_utility_pv,WECC_WYCO,13395.625497280515,0.0,13395.625497280515,0.0,81030.72464777573,0.6905301080734688,6.98166976545814
nuc_optimistic,138,138,new_utility_pv,WECC_WYCO,0.0,0.0,0.0,0.0,0.0,0.0,0.0
nuc_optimistic,139,139,new_utility_pv,WECC_WYCO,0.0,0.0,0.0,0.0,0.0,0.0,0.0
nuc_optimistic,140,140,new_utility_pv,WECC_WYCO,0.0,0.0,0.0,0.0,0.0,0.0,0.0
nuc_optimistic,141,141,battery,WECC_WYCO,5646.157058314514,0.0,5646.157058314514,0.0,5224.684241965958,0.10563382059991441,0.4501628260731665
nuc_optimistic,142,142,nuclear,WECC_WYCO,0.0,0.0,0.0,0.0,0.0,0.0,0.0
nuc_optimistic,143,143,naturalgas_ccs100,WECC_WYCO,0.0,0.0,0.0,0.0,0.0,0.0,0.0
nuc_optimistic,144,156,new_biogas_CCGT,CA_N,0.0,0.0,0.0,0.0,0.0,0.0,0.0
nuc_optimistic,145,157,new_biogas_CCGT,CA_S,0.0,0.0,0.0,0.0,0.0,0.0,0.0
nuc_optimistic,146,158,new_biogas_CCGT,WECC_N,0.0,0.0,0.0,0.0,0.0,0.0,0.0
nuc_optimistic,147,159,new_biogas_CCGT,WECC_NMAZ,0.0,0.0,0.0,0.0,0.0,0.0,0.0
nuc_optimistic,148,160,new_biogas_CCGT,WECC_PNW,0.0,0.0,0.0,0.0,0.0,0.0,0.0
nuc_optimistic,149,161,new_biogas_CCGT,WECC_WYCO,0.0,0.0,0.0,0.0,0.0,0.0,0.0
nuc_optimistic,150,162,biomass,WECC_PNW,0.0,28.4,0.0,28.4,0.0,0.0,0.0
nuc_optimistic,151,163,biomass,WECC_PNW,0.0,74.43,0.0,74.43,0.0,0.0,0.0
nuc_optimistic,152,164,conventional_hydroelectric,WECC_PNW,29850.0,29850.0,0.0,0.0,242574.45671056223,0.9276766507979862,20.900402380087254
nuc_optimistic,153,165,geothermal,WECC_PNW,14.49,14.49,0.0,0.0,32.39380404807687,0.2552051647024469,0.0027910751544394825
nuc_optimistic,154,166,geothermal,WECC_PNW,1.17,1.17,0.0,0.0,9.876669267857629,0.9636527014652491,0.000850981445748727
nuc_optimistic,155,167,hydroelectric_pumped_storage,WECC_PNW,214.0,214.0,0.0,0.0,464.0528839073245,0.24754239955795485,0.03998315457787723
nuc_optimistic,156,168,hydroelectric_pumped_storage,WECC_PNW,100.0,100.0,0.0,0.0,232.67048492806413,0.2656055764018997,0.020047068528608297
nuc_optimistic,157,169,nuclear,WECC_PNW,1163.0,1163.0,0.0,0.0,28.318670153887975,0.002779643081179595,0.0024399584734160294
nuc_optimistic,158,170,onshore_wind_turbine,WECC_PNW,5254.0,5254.0,0.0,0.0,34380.67975252391,0.7469994540477076,2.962265898367279
nuc_optimistic,159,171,solar_photovoltaic,WECC_PNW,209.9,209.9,0.0,0.0,470.8265365501262,0.256061560381072,0.040566777716674655
optimistic_all,1,1,biomass,CA_N,36.72,36.72,0.0,0.0,136.93537661537945,0.4257051282051121,0.011798457719499875
optimistic_all,2,2,biomass,CA_N,0.0,33.06,0.0,33.06,0.0,0.0,0.0
optimistic_all,3,3,conventional_hydroelectric,CA_N,0.0,6607.44,0.0,6607.44,0.0,0.0,0.0
optimistic_all,4,4,geothermal,CA_N,542.55,542.55,0.0,0.0,4380.443194459568,0.9216672988200839,0.3774223659359157
optimistic_all,5,5,geothermal,CA_N,100.32,100.32,0.0,0.0,829.937571935204,0.9443952547455494,0.07150806164432848
optimistic_all,6,6,hydroelectric_pumped_storage,CA_N,264.24598987500013,615.15,0.0,350.90401012499984,609.9559729893228,0.2635032505690022,0.05255427732370714
optimistic_all,7,7,hydroelectric_pumped_storage,CA_N,505.0807522500002,1175.8,0.0,670.7192477499998,1087.5019357027168,0.24579051178259995,0.09370000598385707
optimistic_all,8,8,onshore_wind_turbine,CA_N,1327.6,1327.6,0.0,0.0,1363.2178205546732,0.11721789143270457,0.11745589938719073
optimistic_all,9,9,small_hydroelectric,CA_N,231.4,231.4,0.0,0.0,772.0120207700348,0.3808523168336248,0.06651715145593662
optimistic_all,10,10,small_hydroelectric,CA_N,1.95,1.95,0.0,0.0,5.168008928571417,0.3025412087912081,0.0004452796373358757
optimistic_all,11,11,solar_photovoltaic,CA_N,2787.1,2787.1,0.0,0.0,4598.262438101305,0.1883376281569452,0.3961898400548852
optimistic_all,12,12,biomass,CA_S,0.0,67.2,0.0,67.2,0.0,0.0,0.0
optimistic_all,13,13,biomass,CA_S,0.0,38.1,0.0,38.1,0.0,0.0,0.0
optimistic_all,14,14,conventional_hydroelectric,CA_S,0.0,1396.0,0.0,1396.0,0.0,0.0,0.0
optimistic_all,15,15,geothermal,CA_S,535.15,535.15,0.0,0.0,4511.652502567051,0.9624008679696451,0.3887274611740816
optimistic_all,16,16,geothermal,CA_S,73.02,73.02,0.0,0.0,638.7982260461587,0.9986602564102641,0.05503934810407972
optimistic_all,17,17,hydroelectric_pumped_storage,CA_S,1623.0,1623.0,0.0,0.0,2846.822941184089,0.20023400357757415,0.2452844614493171
optimistic_all,18,18,hydroelectric_pumped_storage,CA_S,42.0,42.0,0.0,0.0,99.84408411714203,0.27137444041406295,0.008602643335235733
optimistic_all,19,19,onshore_wind_turbine,CA_S,4735.6,4735.6,0.0,0.0,9467.983526298818,0.22823296673045093,0.8157687668813249
optimistic_all,20,20,small_hydroelectric,CA_S,126.44,126.44,0.0,0.0,475.44871332099115,0.4292547237748003,0.04096502803409467
optimistic_all,21,21,small_hydroelectric,CA_S,7.0,7.0,0.0,0.0,10.688989903845977,0.17431490384615098,0.0009209716185972338
optimistic_all,22,22,solar_photovoltaic,CA_S,9520.0,9520.0,0.0,0.0,14895.715834921322,0.1786159855114122,1.2834263710657923
optimistic_all,23,23,biomass,WECC_N,6.24,6.24,0.0,0.0,20.533827942857148,0.3756481227106228,0.001769210461105021
optimistic_all,24,24,biomass,WECC_N,0.0,13.8,0.0,13.8,0.0,0.0,0.0
optimistic_all,25,25,conventional_hydroelectric,WECC_N,0.0,4648.1,0.0,4648.1,0.0,0.0,0.0
optimistic_all,26,26,geothermal,WECC_N,165.24,165.24,0.0,0.0,598.9621598220538,0.41379009791075555,0.0516070418975073
optimistic_all,27,27,geothermal,WECC_N,215.16,215.16,0.0,0.0,1841.741931376948,0.9771542699119887,0.15868590604321936
optimistic_all,28,28,onshore_wind_turbine,WECC_N,3893.9,3893.9,0.0,0.0,4095.1064311198697,0.12005390562055408,0.3528375302178368
optimistic_all,29,29,solar_photovoltaic,WECC_N,1185.7,1185.7,0.0,0.0,1062.0037346055424,0.10224618625045322,0.0915030613008676
optimistic_all,30,30,biomass,WECC_NMAZ,0.0,3.54,0.0,3.54,0.0,0.0,0.0
optimistic_all,31,31,biomass,WECC_NMAZ,0.0,11.4,0.0,11.4,0.0,0.0,0.0
optimistic_all,32,32,conventional_hydroelectric,WECC_NMAZ,0.0,3960.0,0.0,3960.0,0.0,0.0,0.0
optimistic_all,33,33,geothermal,WECC_NMAZ,0.68,0.68,0.0,0.0,5.8793200060441695,0.9869930173993032,0.0005065667486756024
optimistic_all,34,34,geothermal,WECC_NMAZ,2.66,2.66,0.0,0.0,22.90633700769273,0.983037087912106,0.0019736276729495237
optimistic_all,35,35,hydroelectric_pumped_storage,WECC_NMAZ,119.0,119.0,0.0,0.0,266.2896727405236,0.25544844090837227,0.022943723693791367
optimistic_all,36,36,hydroelectric_pumped_storage,WECC_NMAZ,97.3,97.3,0.0,0.0,223.63222772527809,0.2623719745048714,0.019268325313372126
optimistic_all,37,37,nuclear,WECC_NMAZ,4002.99,4002.99,0.0,0.0,117.36576263085264,0.003346977661334358,0.010112324677109416
optimistic_all,38,38,onshore_wind_turbine,WECC_NMAZ,0.0,1235.1,0.0,1235.1,0.0,0.0,0.0
optimistic_all,39,39,solar_photovoltaic,WECC_NMAZ,6266.4,6266.4,0.0,0.0,5824.172145271264,0.10609916920960612,0.5018151664348967
optimistic_all,40,40,biomass,WECC_WYCO,0.0,4.8,0.0,4.8,0.0,0.0,0.0
optimistic_all,41,41,biomass,WECC_WYCO,0.0,8.04,0.0,8.04,0.0,0.0,0.0
optimistic_all,42,42,conventional_hydroelectric,WECC_WYCO,0.0,961.87,0.0,961.87,0.0,0.0,0.0
optimistic_all,43,43,hydroelectric_pumped_storage,WECC_WYCO,324.0,324.0,0.0,0.0,677.8476060056153,0.23882673981256525,0.05840387281501982
optimistic_all,44,44,hydroelectric_pumped_storage,WECC_WYCO,238.5,238.5,0.0,0.0,533.1883217274201,0.2552043889833817,0.04593991725090514
optimistic_all,45,45,onshore_wind_turbine,WECC_WYCO,5751.7,5751.7,0.0,0.0,34475.99791239823,0.6842526905167967,2.9704785845771875
optimistic_all,46,46,solar_photovoltaic,WECC_WYCO,593.1,593.1,0.0,0.0,1489.0961721733156,0.2866095894593987,0.1283016753004845
optimistic_all,47,47,naturalgas_ccccsavgcf,CA_N,0.0,0.0,0.0,0.0,0.0,0.0,0.0
optimistic_all,48,48,new_onshore_wind,CA_N,0.0,0.0,0.0,0.0,0.0,0.0,0.0
optimistic_all,49,49,new_floating_offshore_wind,CA_N,0.0,0.0,0.0,0.0,0.0,0.0,0.0
optimistic_all,50,50,new_floating_offshore_wind,CA_N,0.0,0.0,0.0,0.0,0.0,0.0,0.0
optimistic_all,51,51,new_floating_offshore_wind,CA_N,0.0,0.0,0.0,0.0,0.0,0.0,0.0
optimistic_all,52,52,new_floating_offshore_wind,CA_N,0.0,0.0,0.0,0.0,0.0,0.0,0.0
optimistic_all,53,53,new_floating_offshore_wind,CA_N,0.0,0.0,0.0,0.0,0.0,0.0,0.0
optimistic_all,54,54,new_utility_pv,CA_N,0.0,0.0,0.0,0.0,0.0,0.0,0.0
optimistic_all,55,55,new_utility_pv,CA_N,0.0,0.0,0.0,0.0,0.0,0.0,0.0
optimistic_all,56,56,new_utility_pv,CA_N,0.0,0.0,0.0,0.0,0.0,0.0,0.0
optimistic_all,57,57,new_utility_pv,CA_N,13968.012191296912,0.0,13968.012191296912,0.0,113992.7602312436,0.9316194741456741,9.821704187479936
optimistic_all,58,58,battery,CA_N,39509.78136670552,0.0,39509.78136670552,0.0,25810.288257884622,0.07457343058338375,2.223834353587738
optimistic_all,59,59,nuclear,CA_N,0.0,0.0,0.0,0.0,0.0,0.0,0.0
optimistic_all,60,60,naturalgas_ccs100,CA_N,0.0,0.0,0.0,0.0,0.0,0.0,0.0
optimistic_all,61,61,naturalgas_ccccsavgcf,CA_S,0.0,0.0,0.0,0.0,0.0,0.0,0.0
optimistic_all,62,62,new_onshore_wind,CA_S,0.0,0.0,0.0,0.0,0.0,0.0,0.0
optimistic_all,63,63,new_onshore_wind,CA_S,0.0,0.0,0.0,0.0,0.0,0.0,0.0
optimistic_all,64,64,new_onshore_wind,CA_S,0.0,0.0,0.0,0.0,0.0,0.0,0.0
optimistic_all,65,65,new_utility_pv,CA_S,0.0,0.0,0.0,0.0,0.0,0.0,0.0
optimistic_all,66,66,new_utility_pv,CA_S,0.0,0.0,0.0,0.0,0.0,0.0,0.0
optimistic_all,67,67,new_utility_pv,CA_S,0.0,0.0,0.0,0.0,0.0,0.0,0.0
optimistic_all,68,68,new_utility_pv,CA_S,0.0,0.0,0.0,0.0,0.0,0.0,0.0
optimistic_all,69,69,new_utility_pv,CA_S,20451.59,0.0,20451.59,0.0,160947.0655084331,0.89836304578818,13.867323363870259
optimistic_all,70,70,new_utility_pv,CA_S,13609.913408282642,0.0,13609.913408282642,0.0,85858.42021653829,0.7201507627867145,7.397627741099804
optimistic_all,71,71,new_utility_pv,CA_S,0.0,0.0,0.0,0.0,0.0,0.0,0.0
optimistic_all,72,72,new_utility_pv,CA_S,0.0,0.0,0.0,0.0,0.0,0.0,0.0
optimistic_all,73,73,new_utility_pv,CA_S,0.0,0.0,0.0,0.0,0.0,0.0,0.0
optimistic_all,74,74,new_utility_pv,CA_S,0.0,0.0,0.0,0.0,0.0,0.0,0.0
optimistic_all,75,75,battery,CA_S,18754.733994882507,0.0,18754.733994882507,0.0,8928.502447324849,0.05434550228600667,0.769286660810061
optimistic_all,76,76,nuclear,CA_S,0.0,0.0,0.0,0.0,0.0,0.0,0.0
optimistic_all,77,77,naturalgas_ccs100,CA_S,0.0,0.0,0.0,0.0,0.0,0.0,0.0
optimistic_all,78,78,naturalgas_ccccsavgcf,WECC_N,0.0,0.0,0.0,0.0,0.0,0.0,0.0
optimistic_all,79,79,new_onshore_wind,WECC_N,0.0,0.0,0.0,0.0,0.0,0.0,0.0
optimistic_all,80,80,new_onshore_wind,WECC_N,0.0,0.0,0.0,0.0,0.0,0.0,0.0
optimistic_all,81,81,new_onshore_wind,WECC_N,0.0,0.0,0.0,0.0,0.0,0.0,0.0
optimistic_all,82,82,new_onshore_wind,WECC_N,0.0,0.0,0.0,0.0,0.0,0.0,0.0
optimistic_all,83,83,new_onshore_wind,WECC_N,0.0,0.0,0.0,0.0,0.0,0.0,0.0
optimistic_all,84,84,new_onshore_wind,WECC_N,0.0,0.0,0.0,0.0,0.0,0.0,0.0
optimistic_all,85,85,new_utility_pv,WECC_N,0.0,0.0,0.0,0.0,0.0,0.0,0.0
optimistic_all,86,86,new_utility_pv,WECC_N,23434.628268506265,0.0,23434.628268506265,0.0,172812.16831753502,0.8418062470876091,14.889629777967386
optimistic_all,87,87,new_utility_pv,WECC_N,0.0,0.0,0.0,0.0,0.0,0.0,0.0
optimistic_all,88,88,new_utility_pv,WECC_N,0.0,0.0,0.0,0.0,0.0,0.0,0.0
optimistic_all,89,89,new_utility_pv,WECC_N,0.0,0.0,0.0,0.0,0.0,0.0,0.0
optimistic_all,90,90,new_utility_pv,WECC_N,0.0,0.0,0.0,0.0,0.0,0.0,0.0
optimistic_all,91,91,new_utility_pv,WECC_N,0.0,0.0,0.0,0.0,0.0,0.0,0.0
optimistic_all,92,92,new_utility_pv,WECC_N,0.0,0.0,0.0,0.0,0.0,0.0,0.0
optimistic_all,93,93,battery,WECC_N,0.0,0.0,0.0,0.0,0.0,0.0,0.0
optimistic_all,94,94,nuclear,WECC_N,0.0,0.0,0.0,0.0,0.0,0.0,0.0
optimistic_all,95,95,naturalgas_ccs100,WECC_N,0.0,0.0,0.0,0.0,0.0,0.0,0.0
optimistic_all,96,96,naturalgas_ccccsavgcf,WECC_NMAZ,0.0,0.0,0.0,0.0,0.0,0.0,0.0
optimistic_all,97,97,new_onshore_wind,WECC_NMAZ,0.0,0.0,0.0,0.0,0.0,0.0,0.0
optimistic_all,98,98,new_onshore_wind,WECC_NMAZ,0.0,0.0,0.0,0.0,0.0,0.0,0.0
optimistic_all,99,99,new_onshore_wind,WECC_NMAZ,0.0,0.0,0.0,0.0,0.0,0.0,0.0
optimistic_all,100,100,new_onshore_wind,WECC_NMAZ,0.0,0.0,0.0,0.0,0.0,0.0,0.0
optimistic_all,101,101,new_onshore_wind,WECC_NMAZ,0.0,0.0,0.0,0.0,0.0,0.0,0.0
optimistic_all,102,102,new_onshore_wind,WECC_NMAZ,0.0,0.0,0.0,0.0,0.0,0.0,0.0
optimistic_all,103,103,new_onshore_wind,WECC_NMAZ,0.0,0.0,0.0,0.0,0.0,0.0,0.0
optimistic_all,104,104,new_utility_pv,WECC_NMAZ,36917.369999999995,0.0,36917.369999999995,0.0,196283.62974028662,0.6069448351271481,16.911949006613707
optimistic_all,105,105,new_utility_pv,WECC_NMAZ,0.0,0.0,0.0,0.0,0.0,0.0,0.0
optimistic_all,106,106,new_utility_pv,WECC_NMAZ,0.0,0.0,0.0,0.0,0.0,0.0,0.0
optimistic_all,107,107,new_utility_pv,WECC_NMAZ,0.0,0.0,0.0,0.0,0.0,0.0,0.0
optimistic_all,108,108,new_utility_pv,WECC_NMAZ,0.0,0.0,0.0,0.0,0.0,0.0,0.0
optimistic_all,109,109,new_utility_pv,WECC_NMAZ,0.0,0.0,0.0,0.0,0.0,0.0,0.0
optimistic_all,110,110,new_utility_pv,WECC_NMAZ,0.0,0.0,0.0,0.0,0.0,0.0,0.0
optimistic_all,111,111,new_utility_pv,WECC_NMAZ,0.0,0.0,0.0,0.0,0.0,0.0,0.0
optimistic_all,112,112,new_utility_pv,WECC_NMAZ,0.0,0.0,0.0,0.0,0.0,0.0,0.0
optimistic_all,113,113,new_utility_pv,WECC_NMAZ,0.0,0.0,0.0,0.0,0.0,0.0,0.0
optimistic_all,114,114,new_utility_pv,WECC_NMAZ,0.0,0.0,0.0,0.0,0.0,0.0,0.0
optimistic_all,115,115,new_utility_pv,WECC_NMAZ,0.0,0.0,0.0,0.0,0.0,0.0,0.0
optimistic_all,116,116,battery,WECC_NMAZ,0.0,0.0,0.0,0.0,0.0,0.0,0.0
optimistic_all,117,117,nuclear,WECC_NMAZ,0.0,0.0,0.0,0.0,0.0,0.0,0.0
optimistic_all,118,118,naturalgas_ccs100,WECC_NMAZ,0.0,0.0,0.0,0.0,0.0,0.0,0.0
optimistic_all,119,119,naturalgas_ccccsavgcf,WECC_PNW,0.0,0.0,0.0,0.0,0.0,0.0,0.0
optimistic_all,120,120,new_onshore_wind,WECC_PNW,0.0,0.0,0.0,0.0,0.0,0.0,0.0
optimistic_all,121,121,new_floating_offshore_wind,WECC_PNW,0.0,0.0,0.0,0.0,0.0,0.0,0.0
optimistic_all,122,122,new_floating_offshore_wind,WECC_PNW,0.0,0.0,0.0,0.0,0.0,0.0,0.0
optimistic_all,123,123,new_floating_offshore_wind,WECC_PNW,0.0,0.0,0.0,0.0,0.0,0.0,0.0
optimistic_all,124,124,new_utility_pv,WECC_PNW,0.0,0.0,0.0,0.0,0.0,0.0,0.0
optimistic_all,125,125,battery,WECC_PNW,0.0,0.0,0.0,0.0,0.0,0.0,0.0
optimistic_all,126,126,nuclear,WECC_PNW,0.0,0.0,0.0,0.0,0.0,0.0,0.0
optimistic_all,127,127,naturalgas_ccs100,WECC_PNW,0.0,0.0,0.0,0.0,0.0,0.0,0.0
optimistic_all,128,128,naturalgas_ccccsavgcf,WECC_WYCO,0.0,0.0,0.0,0.0,0.0,0.0,0.0
optimistic_all,129,129,new_onshore_wind,WECC_WYCO,0.0,0.0,0.0,0.0,0.0,0.0,0.0
optimistic_all,130,130,new_onshore_wind,WECC_WYCO,0.0,0.0,0.0,0.0,0.0,0.0,0.0
optimistic_all,131,131,new_onshore_wind,WECC_WYCO,0.0,0.0,0.0,0.0,0.0,0.0,0.0
optimistic_all,132,132,new_onshore_wind,WECC_WYCO,0.0,0.0,0.0,0.0,0.0,0.0,0.0
optimistic_all,133,133,new_onshore_wind,WECC_WYCO,0.0,0.0,0.0,0.0,0.0,0.0,0.0
optimistic_all,134,134,new_onshore_wind,WECC_WYCO,0.0,0.0,0.0,0.0,0.0,0.0,0.0
optimistic_all,135,135,new_onshore_wind,WECC_WYCO,0.0,0.0,0.0,0.0,0.0,0.0,0.0
optimistic_all,136,136,new_utility_pv,WECC_WYCO,0.0,0.0,0.0,0.0,0.0,0.0,0.0
optimistic_all,137,137,new_utility_pv,WECC_WYCO,11772.87620782839,0.0,11772.87620782839,0.0,74089.76597202748,0.7184086277855929,6.383631409755294
optimistic_all,138,138,new_utility_pv,WECC_WYCO,0.0,0.0,0.0,0.0,0.0,0.0,0.0
optimistic_all,139,139,new_utility_pv,WECC_WYCO,0.0,0.0,0.0,0.0,0.0,0.0,0.0
optimistic_all,140,140,new_utility_pv,WECC_WYCO,0.0,0.0,0.0,0.0,0.0,0.0,0.0
optimistic_all,141,141,battery,WECC_WYCO,15782.51474075826,0.0,15782.51474075826,0.0,10202.931296081266,0.07379801024207405,0.8790924338704227
optimistic_all,142,142,nuclear,WECC_WYCO,0.0,0.0,0.0,0.0,0.0,0.0,0.0
optimistic_all,143,143,naturalgas_ccs100,WECC_WYCO,0.0,0.0,0.0,0.0,0.0,0.0,0.0
optimistic_all,144,156,new_biogas_CCGT,CA_N,0.0,0.0,0.0,0.0,0.0,0.0,0.0
optimistic_all,145,157,new_biogas_CCGT,CA_S,0.0,0.0,0.0,0.0,0.0,0.0,0.0
optimistic_all,146,158,new_biogas_CCGT,WECC_N,0.0,0.0,0.0,0.0,0.0,0.0,0.0
optimistic_all,147,159,new_biogas_CCGT,WECC_NMAZ,0.0,0.0,0.0,0.0,0.0,0.0,0.0
optimistic_all,148,160,new_biogas_CCGT,WECC_PNW,0.0,0.0,0.0,0.0,0.0,0.0,0.0
optimistic_all,149,161,new_biogas_CCGT,WECC_WYCO,0.0,0.0,0.0,0.0,0.0,0.0,0.0
optimistic_all,150,162,biomass,WECC_PNW,0.0,28.4,0.0,28.4,0.0,0.0,0.0
optimistic_all,151,163,biomass,WECC_PNW,0.0,74.43,0.0,74.43,0.0,0.0,0.0
optimistic_all,152,164,conventional_hydroelectric,WECC_PNW,29850.0,29850.0,0.0,0.0,242440.78935364116,0.9271654671899878,20.888885497466482
optimistic_all,153,165,geothermal,WECC_PNW,14.49,14.49,0.0,0.0,30.77916449645135,0.2424846965506943,0.0026519565646860557
optimistic_all,154,166,geothermal,WECC_PNW,1.17,1.17,0.0,0.0,9.983390705357651,0.9740653617216615,0.0008601766471585491
optimistic_all,155,167,hydroelectric_pumped_storage,WECC_PNW,214.0,214.0,0.0,0.0,435.7046819083339,0.2324204550784865,0.037540651617898026
optimistic_all,156,168,hydroelectric_pumped_storage,WECC_PNW,100.0,100.0,0.0,0.0,219.2855788677804,0.2503260032737219,0.018893814693587266
optimistic_all,157,169,nuclear,WECC_PNW,1163.0,1163.0,0.0,0.0,43.79917340441032,0.004299145004103927,0.003773770579478876
optimistic_all,158,170,onshore_wind_turbine,WECC_PNW,5254.0,5254.0,0.0,0.0,32463.10856484208,0.7053358033983693,2.797046485084896
optimistic_all,159,171,solar_photovoltaic,WECC_PNW,209.9,209.9,0.0,0.0,498.3698432893593,0.27104113683693654,0.042939930279951424
geo_moderate,1,1,biomass,CA_N,36.72,36.72,0.0,0.0,136.4245973802148,0.42411721611720066,0.011754448586439868
geo_moderate,2,2,biomass,CA_N,0.0,33.06,0.0,33.06,0.0,0.0,0.0
geo_moderate,3,3,conventional_hydroelectric,CA_N,0.0,6607.44,0.0,6607.44,0.0,0.0,0.0
geo_moderate,4,4,geothermal,CA_N,542.55,542.55,0.0,0.0,4355.190805239672,0.9163540690102572,0.3752466005939607
geo_moderate,5,5,geothermal,CA_N,100.32,100.32,0.0,0.0,824.2619885129875,0.9379369448279063,0.07101904899693495
geo_moderate,6,6,hydroelectric_pumped_storage,CA_N,615.15,615.15,0.0,0.0,1285.0472858866915,0.23847012216396926,0.11072066579754362
geo_moderate,7,7,hydroelectric_pumped_storage,CA_N,1175.8,1175.8,0.0,0.0,2357.609995469516,0.22889399653568387,0.20313349653060578
geo_moderate,8,8,onshore_wind_turbine,CA_N,1327.6,1327.6,0.0,0.0,1280.112999818387,0.11007202544729898,0.11029552390220765
geo_moderate,9,9,small_hydroelectric,CA_N,231.4,231.4,0.0,0.0,738.2789313455343,0.3642109629224999,0.06361068243996446
geo_moderate,10,10,small_hydroelectric,CA_N,1.95,1.95,0.0,0.0,4.659616071428524,0.2727793040293013,0.0004014761164477425
geo_moderate,11,11,solar_photovoltaic,CA_N,2787.1,2787.1,0.0,0.0,4315.339825558181,0.1767495610303676,0.3718130094323915
geo_moderate,12,12,biomass,CA_S,0.0,67.2,0.0,67.2,0.0,0.0,0.0
geo_moderate,13,13,biomass,CA_S,0.0,38.1,0.0,38.1,0.0,0.0,0.0
geo_moderate,14,14,conventional_hydroelectric,CA_S,0.0,1396.0,0.0,1396.0,0.0,0.0,0.0
geo_moderate,15,15,geothermal,CA_S,535.15,535.15,0.0,0.0,4327.1308833246085,0.9230397322400983,0.37282893606847267
geo_moderate,16,16,geothermal,CA_S,73.02,73.02,0.0,0.0,636.5768593500048,0.9951875000000076,0.05484795343535441
geo_moderate,17,17,hydroelectric_pumped_storage,CA_S,1623.0,1623.0,0.0,0.0,2476.159026192535,0.17416300400581078,0.2133477724996408
geo_moderate,18,18,hydroelectric_pumped_storage,CA_S,42.0,42.0,0.0,0.0,103.25441247640636,0.2806436520885148,0.008896479858352818
geo_moderate,19,19,onshore_wind_turbine,CA_S,4735.6,4735.6,0.0,0.0,5575.335001880445,0.134397704058187,0.48037516613764714
geo_moderate,20,20,small_hydroelectric,CA_S,126.44,126.44,0.0,0.0,365.6454759788809,0.3301198286866629,0.03150429637171432
geo_moderate,21,21,small_hydroelectric,CA_S,7.0,7.0,0.0,0.0,7.637730288461482,0.12455528846153754,0.000658072735539076
geo_moderate,22,22,solar_photovoltaic,CA_S,9520.0,9520.0,0.0,0.0,7278.465974193097,0.08727679739593043,0.6271182449845542
geo_moderate,23,23,biomass,WECC_N,6.24,6.24,0.0,0.0,20.4868242857143,0.3747882326007328,0.0017651605897338013
geo_moderate,24,24,biomass,WECC_N,0.0,13.8,0.0,13.8,0.0,0.0,0.0
geo_moderate,25,25,conventional_hydroelectric,WECC_N,0.0,4648.1,0.0,4648.1,0.0,0.0,0.0
geo_moderate,26,26,geothermal,WECC_N,165.24,165.24,0.0,0.0,449.156957898578,0.31029790202667573,0.03869971009807248
geo_moderate,27,27,geothermal,WECC_N,215.16,215.16,0.0,0.0,1697.946385795175,0.9008621309506397,0.14629637087171846
geo_moderate,28,28,onshore_wind_turbine,WECC_N,3893.9,3893.9,0.0,0.0,2501.4797196432014,0.07333445790117106,0.21552942298682798
geo_moderate,29,29,solar_photovoltaic,WECC_N,1185.7,1185.7,0.0,0.0,669.8710540627658,0.06449295640464833,0.05771660694427672
geo_moderate,30,30,biomass,WECC_NMAZ,0.0,3.54,0.0,3.54,0.0,0.0,0.0
geo_moderate,31,31,biomass,WECC_NMAZ,0.0,11.4,0.0,11.4,0.0,0.0,0.0
geo_moderate,32,32,conventional_hydroelectric,WECC_NMAZ,0.0,3960.0,0.0,3960.0,0.0,0.0,0.0
geo_moderate,33,33,geothermal,WECC_NMAZ,0.68,0.68,0.0,0.0,5.906184928571644,0.9915029761905124,0.0005088814511316985
geo_moderate,34,34,geothermal,WECC_NMAZ,2.66,2.66,0.0,0.0,23.089549038461993,0.9908997252747447,0.0019894133629016998
geo_moderate,35,35,hydroelectric_pumped_storage,WECC_NMAZ,119.0,119.0,0.0,0.0,289.7704686645113,0.27797328255296355,0.02496684719026744
geo_moderate,36,36,hydroelectric_pumped_storage,WECC_NMAZ,97.3,97.3,0.0,0.0,245.98925683409007,0.28860190536505054,0.021194624193864055
geo_moderate,37,37,nuclear,WECC_NMAZ,4002.99,4002.99,0.0,0.0,54.84421287366833,0.0015640196188984675,0.00472541970338841
geo_moderate,38,38,onshore_wind_turbine,WECC_NMAZ,0.0,1235.1,0.0,1235.1,0.0,0.0,0.0
geo_moderate,39,39,solar_photovoltaic,WECC_NMAZ,6266.4,6266.4,0.0,0.0,2756.123114853956,0.050208401371312286,0.2374696944214527
geo_moderate,40,40,biomass,WECC_WYCO,0.0,4.8,0.0,4.8,0.0,0.0,0.0
geo_moderate,41,41,biomass,WECC_WYCO,0.0,8.04,0.0,8.04,0.0,0.0,0.0
geo_moderate,42,42,conventional_hydroelectric,WECC_WYCO,0.0,961.87,0.0,961.87,0.0,0.0,0.0
geo_moderate,43,43,hydroelectric_pumped_storage,WECC_WYCO,324.0,324.0,0.0,0.0,722.1572325894841,0.25443839583315153,0.06222162443434746
geo_moderate,44,44,hydroelectric_pumped_storage,WECC_WYCO,238.5,238.5,0.0,0.0,561.6325225631931,0.2688188748950313,0.048390691544741925
geo_moderate,45,45,onshore_wind_turbine,WECC_WYCO,5751.7,5751.7,0.0,0.0,24732.688651619912,0.4908750950904075,2.130987539949691
geo_moderate,46,46,solar_photovoltaic,WECC_WYCO,593.1,593.1,0.0,0.0,1219.1482410917217,0.23465212213894368,0.10504275324502096
geo_moderate,47,47,naturalgas_ccccsavgcf,CA_N,0.0,0.0,0.0,0.0,0.0,0.0,0.0
geo_moderate,48,48,new_onshore_wind,CA_N,0.0,0.0,0.0,0.0,0.0,0.0,0.0
geo_moderate,49,49,new_floating_offshore_wind,CA_N,0.0,0.0,0.0,0.0,0.0,0.0,0.0
geo_moderate,50,50,new_floating_offshore_wind,CA_N,0.0,0.0,0.0,0.0,0.0,0.0,0.0
geo_moderate,51,51,new_floating_offshore_wind,CA_N,0.0,0.0,0.0,0.0,0.0,0.0,0.0
geo_moderate,52,52,new_floating_offshore_wind,CA_N,0.0,0.0,0.0,0.0,-5.471959881545914e-15,-5.471959881545914e-12,-4.714682859970905e-19
geo_moderate,53,53,new_floating_offshore_wind,CA_N,0.0,0.0,0.0,0.0,0.0,0.0,0.0
geo_moderate,54,54,new_utility_pv,CA_N,0.0,0.0,0.0,0.0,0.0,0.0,0.0
geo_moderate,55,55,new_utility_pv,CA_N,0.0,0.0,0.0,0.0,0.0,0.0,0.0
geo_moderate,56,56,new_utility_pv,CA_N,0.0,0.0,0.0,0.0,0.0,0.0,0.0
geo_moderate,57,57,new_utility_pv,CA_N,14825.834709930787,0.0,14825.834709930787,0.0,121074.91752456476,0.9322468439299072,10.431908325033042
geo_moderate,58,58,battery,CA_N,35919.400769694184,0.0,35919.400769694184,0.0,26677.300518618424,0.08478298287901764,2.298536799028757
geo_moderate,59,59,nuclear,CA_N,0.0,0.0,0.0,0.0,0.0,0.0,0.0
geo_moderate,60,60,naturalgas_ccs100,CA_N,0.0,0.0,0.0,0.0,0.0,0.0,0.0
geo_moderate,61,61,naturalgas_ccccsavgcf,CA_S,0.0,0.0,0.0,0.0,0.0,0.0,0.0
geo_moderate,62,62,new_onshore_wind,CA_S,0.0,0.0,0.0,0.0,0.0,0.0,0.0
geo_moderate,63,63,new_onshore_wind,CA_S,0.0,0.0,0.0,0.0,0.0,0.0,0.0
geo_moderate,64,64,new_onshore_wind,CA_S,0.0,0.0,0.0,0.0,0.0,0.0,0.0
geo_moderate,65,65,new_utility_pv,CA_S,0.0,0.0,0.0,0.0,0.0,0.0,0.0
geo_moderate,66,66,new_utility_pv,CA_S,0.0,0.0,0.0,0.0,0.0,0.0,0.0
geo_moderate,67,67,new_utility_pv,CA_S,0.0,0.0,0.0,0.0,0.0,0.0,0.0
geo_moderate,68,68,new_utility_pv,CA_S,0.0,0.0,0.0,0.0,0.0,0.0,0.0
geo_moderate,69,69,new_utility_pv,CA_S,20451.59,0.0,20451.59,0.0,141213.75024928388,0.7882170102347775,12.167085693333302
geo_moderate,70,70,new_utility_pv,CA_S,17116.833140982177,0.0,17116.833140982177,0.0,93519.06610487502,0.6236955393439606,8.057674902407646
geo_moderate,71,71,new_utility_pv,CA_S,0.0,0.0,0.0,0.0,0.0,0.0,0.0
geo_moderate,72,72,new_utility_pv,CA_S,0.0,0.0,0.0,0.0,0.0,0.0,0.0
geo_moderate,73,73,new_utility_pv,CA_S,0.0,0.0,0.0,0.0,0.0,0.0,0.0
geo_moderate,74,74,new_utility_pv,CA_S,0.0,0.0,0.0,0.0,0.0,0.0,0.0
geo_moderate,75,75,battery,CA_S,0.0,0.0,0.0,0.0,0.0,0.0,0.0
geo_moderate,76,76,nuclear,CA_S,0.0,0.0,0.0,0.0,0.0,0.0,0.0
geo_moderate,77,77,naturalgas_ccs100,CA_S,0.0,0.0,0.0,0.0,0.0,0.0,0.0
geo_moderate,78,78,naturalgas_ccccsavgcf,WECC_N,0.0,0.0,0.0,0.0,0.0,0.0,0.0
geo_moderate,79,79,new_onshore_wind,WECC_N,0.0,0.0,0.0,0.0,0.0,0.0,0.0
geo_moderate,80,80,new_onshore_wind,WECC_N,0.0,0.0,0.0,0.0,0.0,0.0,0.0
geo_moderate,81,81,new_onshore_wind,WECC_N,0.0,0.0,0.0,0.0,0.0,0.0,0.0
geo_moderate,82,82,new_onshore_wind,WECC_N,0.0,0.0,0.0,0.0,0.0,0.0,0.0
geo_moderate,83,83,new_onshore_wind,WECC_N,0.0,0.0,0.0,0.0,0.0,0.0,0.0
geo_moderate,84,84,new_onshore_wind,WECC_N,0.0,0.0,0.0,0.0,0.0,0.0,0.0
geo_moderate,85,85,new_utility_pv,WECC_N,0.0,0.0,0.0,0.0,0.0,0.0,0.0
geo_moderate,86,86,new_utility_pv,WECC_N,25730.921628494794,0.0,25730.921628494794,0.0,186685.46324483212,0.8282301834688515,16.084963574650306
geo_moderate,87,87,new_utility_pv,WECC_N,0.0,0.0,0.0,0.0,0.0,0.0,0.0
geo_moderate,88,88,new_utility_pv,WECC_N,0.0,0.0,0.0,0.0,0.0,0.0,0.0
geo_moderate,89,89,new_utility_pv,WECC_N,0.0,0.0,0.0,0.0,0.0,0.0,0.0
geo_moderate,90,90,new_utility_pv,WECC_N,0.0,0.0,0.0,0.0,0.0,0.0,0.0
geo_moderate,91,91,new_utility_pv,WECC_N,0.0,0.0,0.0,0.0,0.0,0.0,0.0
geo_moderate,92,92,new_utility_pv,WECC_N,0.0,0.0,0.0,0.0,0.0,0.0,0.0
geo_moderate,93,93,battery,WECC_N,0.0,0.0,0.0,0.0,0.0,0.0,0.0
geo_moderate,94,94,nuclear,WECC_N,0.0,0.0,0.0,0.0,0.0,0.0,0.0
geo_moderate,95,95,naturalgas_ccs100,WECC_N,0.0,0.0,0.0,0.0,0.0,0.0,0.0
geo_moderate,96,96,naturalgas_ccccsavgcf,WECC_NMAZ,0.0,0.0,0.0,0.0,0.0,0.0,0.0
geo_moderate,97,97,new_onshore_wind,WECC_NMAZ,0.0,0.0,0.0,0.0,0.0,0.0,0.0
geo_moderate,98,98,new_onshore_wind,WECC_NMAZ,0.0,0.0,0.0,0.0,0.0,0.0,0.0
geo_moderate,99,99,new_onshore_wind,WECC_NMAZ,0.0,0.0,0.0,0.0,0.0,0.0,0.0
geo_moderate,100,100,new_onshore_wind,WECC_NMAZ,0.0,0.0,0.0,0.0,0.0,0.0,0.0
geo_moderate,101,101,new_onshore_wind,WECC_NMAZ,0.0,0.0,0.0,0.0,0.0,0.0,0.0
geo_moderate,102,102,new_onshore_wind,WECC_NMAZ,0.0,0.0,0.0,0.0,0.0,0.0,0.0
geo_moderate,103,103,new_onshore_wind,WECC_NMAZ,0.0,0.0,0.0,0.0,0.0,0.0,0.0
geo_moderate,104,104,new_utility_pv,WECC_NMAZ,39157.765357503195,0.0,39157.765357503195,0.0,214087.3796441511,0.6241213809416748,18.445933837131953
geo_moderate,105,105,new_utility_pv,WECC_NMAZ,0.0,0.0,0.0,0.0,0.0,0.0,0.0
geo_moderate,106,106,new_utility_pv,WECC_NMAZ,0.0,0.0,0.0,0.0,0.0,0.0,0.0
geo_moderate,107,107,new_utility_pv,WECC_NMAZ,0.0,0.0,0.0,0.0,0.0,0.0,0.0
geo_moderate,108,108,new_utility_pv,WECC_NMAZ,0.0,0.0,0.0,0.0,0.0,0.0,0.0
geo_moderate,109,109,new_utility_pv,WECC_NMAZ,0.0,0.0,0.0,0.0,0.0,0.0,0.0
geo_moderate,110,110,new_utility_pv,WECC_NMAZ,0.0,0.0,0.0,0.0,0.0,0.0,0.0
geo_moderate,111,111,new_utility_pv,WECC_NMAZ,0.0,0.0,0.0,0.0,0.0,0.0,0.0
geo_moderate,112,112,new_utility_pv,WECC_NMAZ,0.0,0.0,0.0,0.0,0.0,0.0,0.0
geo_moderate,113,113,new_utility_pv,WECC_NMAZ,0.0,0.0,0.0,0.0,0.0,0.0,0.0
geo_moderate,114,114,new_utility_pv,WECC_NMAZ,0.0,0.0,0.0,0.0,0.0,0.0,0.0
geo_moderate,115,115,new_utility_pv,WECC_NMAZ,0.0,0.0,0.0,0.0,0.0,0.0,0.0
geo_moderate,116,116,battery,WECC_NMAZ,0.0,0.0,0.0,0.0,0.0,0.0,0.0
geo_moderate,117,117,nuclear,WECC_NMAZ,0.0,0.0,0.0,0.0,0.0,0.0,0.0
geo_moderate,118,118,naturalgas_ccs100,WECC_NMAZ,0.0,0.0,0.0,0.0,0.0,0.0,0.0
geo_moderate,119,119,naturalgas_ccccsavgcf,WECC_PNW,0.0,0.0,0.0,0.0,0.0,0.0,0.0
geo_moderate,120,120,new_onshore_wind,WECC_PNW,0.0,0.0,0.0,0.0,0.0,0.0,0.0
geo_moderate,121,121,new_floating_offshore_wind,WECC_PNW,0.0,0.0,0.0,0.0,0.0,0.0,0.0
geo_moderate,122,122,new_floating_offshore_wind,WECC_PNW,0.0,0.0,0.0,0.0,0.0,0.0,0.0
geo_moderate,123,123,new_floating_offshore_wind,WECC_PNW,0.0,0.0,0.0,0.0,0.0,0.0,0.0
geo_moderate,124,124,new_utility_pv,WECC_PNW,0.0,0.0,0.0,0.0,0.0,0.0,0.0
geo_moderate,125,125,battery,WECC_PNW,0.0,0.0,0.0,0.0,6.839949851932393e-16,6.839949851932393e-13,5.893353574963631e-20
geo_moderate,126,126,nuclear,WECC_PNW,0.0,0.0,0.0,0.0,0.0,0.0,0.0
geo_moderate,127,127,naturalgas_ccs100,WECC_PNW,0.0,0.0,0.0,0.0,0.0,0.0,0.0
geo_moderate,128,128,naturalgas_ccccsavgcf,WECC_WYCO,0.0,0.0,0.0,0.0,0.0,0.0,0.0
geo_moderate,129,129,new_onshore_wind,WECC_WYCO,0.0,0.0,0.0,0.0,0.0,0.0,0.0
geo_moderate,130,130,new_onshore_wind,WECC_WYCO,0.0,0.0,0.0,0.0,0.0,0.0,0.0
geo_moderate,131,131,new_onshore_wind,WECC_WYCO,0.0,0.0,0.0,0.0,0.0,0.0,0.0
geo_moderate,132,132,new_onshore_wind,WECC_WYCO,0.0,0.0,0.0,0.0,0.0,0.0,0.0
geo_moderate,133,133,new_onshore_wind,WECC_WYCO,0.0,0.0,0.0,0.0,0.0,0.0,0.0
geo_moderate,134,134,new_onshore_wind,WECC_WYCO,0.0,0.0,0.0,0.0,0.0,0.0,0.0
geo_moderate,135,135,new_onshore_wind,WECC_WYCO,0.0,0.0,0.0,0.0,0.0,0.0,0.0
geo_moderate,136,136,new_utility_pv,WECC_WYCO,0.0,0.0,0.0,0.0,0.0,0.0,0.0
geo_moderate,137,137,new_utility_pv,WECC_WYCO,13395.625497280515,0.0,13395.625497280515,0.0,78000.12519382099,0.664703852939217,6.720550977851808
geo_moderate,138,138,new_utility_pv,WECC_WYCO,0.0,0.0,0.0,0.0,0.0,0.0,0.0
geo_moderate,139,139,new_utility_pv,WECC_WYCO,0.0,0.0,0.0,0.0,0.0,0.0,0.0
geo_moderate,140,140,new_utility_pv,WECC_WYCO,0.0,0.0,0.0,0.0,0.0,0.0,0.0
geo_moderate,141,141,battery,WECC_WYCO,5646.157058314514,0.0,5646.157058314514,0.0,4548.589621217094,0.09196439014838549,0.39190999182061237
geo_moderate,142,142,nuclear,WECC_WYCO,0.0,0.0,0.0,0.0,0.0,0.0,0.0
geo_moderate,143,143,naturalgas_ccs100,WECC_WYCO,0.0,0.0,0.0,0.0,0.0,0.0,0.0
geo_moderate,144,156,new_biogas_CCGT,CA_N,0.0,0.0,0.0,0.0,0.0,0.0,0.0
geo_moderate,145,157,new_biogas_CCGT,CA_S,0.0,0.0,0.0,0.0,0.0,0.0,0.0
geo_moderate,146,158,new_biogas_CCGT,WECC_N,0.0,0.0,0.0,0.0,0.0,0.0,0.0
geo_moderate,147,159,new_biogas_CCGT,WECC_NMAZ,0.0,0.0,0.0,0.0,0.0,0.0,0.0
geo_moderate,148,160,new_biogas_CCGT,WECC_PNW,0.0,0.0,0.0,0.0,0.0,0.0,0.0
geo_moderate,149,161,new_biogas_CCGT,WECC_WYCO,0.0,0.0,0.0,0.0,0.0,0.0,0.0
geo_moderate,150,162,biomass,WECC_PNW,0.0,28.4,0.0,28.4,0.0,0.0,0.0
geo_moderate,151,163,biomass,WECC_PNW,0.0,74.43,0.0,74.43,0.0,0.0,0.0
geo_moderate,152,164,conventional_hydroelectric,WECC_PNW,29850.0,29850.0,0.0,0.0,236985.01365148695,0.9063009631547653,20.418811652854792
geo_moderate,153,165,geothermal,WECC_PNW,14.49,14.49,0.0,0.0,27.701077584132477,0.2182348839550223,0.002386746221021938
geo_moderate,154,166,geothermal,WECC_PNW,1.17,1.17,0.0,0.0,9.793148142857635,0.9555036630037111,0.0008437852011671291
geo_moderate,155,167,hydroelectric_pumped_storage,WECC_PNW,214.0,214.0,0.0,0.0,444.458840610952,0.23709023631788076,0.038294916687126535
geo_moderate,156,168,hydroelectric_pumped_storage,WECC_PNW,100.0,100.0,0.0,0.0,214.9489855899814,0.2453755543264628,0.01852017047030894
geo_moderate,157,169,nuclear,WECC_PNW,1163.0,1163.0,0.0,0.0,25.65629120879122,0.0025183150183150193,0.002210565849001377
geo_moderate,158,170,onshore_wind_turbine,WECC_PNW,5254.0,5254.0,0.0,0.0,33160.85026240383,0.7204958488336747,2.8571644481802694
geo_moderate,159,171,solar_photovoltaic,WECC_PNW,209.9,209.9,0.0,0.0,423.19606252279686,0.2301574692682517,0.03646289931898625
geo_optimistic,1,1,biomass,CA_N,36.72,36.72,0.0,0.0,136.4245973802148,0.42411721611720066,0.011754448586439868
geo_optimistic,2,2,biomass,CA_N,0.0,33.06,0.0,33.06,0.0,0.0,0.0
geo_optimistic,3,3,conventional_hydroelectric,CA_N,0.0,6607.44,0.0,6607.44,0.0,0.0,0.0
geo_optimistic,4,4,geothermal,CA_N,542.55,542.55,0.0,0.0,4384.082615610172,0.9224330513506471,0.3777359412707211
geo_optimistic,5,5,geothermal,CA_N,100.32,100.32,0.0,0.0,829.0101795751968,0.943339964596393,0.07142815680293994
geo_optimistic,6,6,hydroelectric_pumped_storage,CA_N,615.15,615.15,0.0,0.0,1303.2172657736107,0.24184198043793206,0.1122862052860143
geo_optimistic,7,7,hydroelectric_pumped_storage,CA_N,1175.8,1175.8,0.0,0.0,2544.036850261105,0.2469936771176396,0.2191961782013616
geo_optimistic,8,8,onshore_wind_turbine,CA_N,1327.6,1327.6,0.0,0.0,1331.2223962554801,0.11446672715411545,0.11469914893933685
geo_optimistic,9,9,small_hydroelectric,CA_N,231.4,231.4,0.0,0.0,784.4562247553571,0.3869913454905011,0.06758935367425781
geo_optimistic,10,10,small_hydroelectric,CA_N,1.95,1.95,0.0,0.0,5.273598214285712,0.3087225274725273,0.0004543772916741804
geo_optimistic,11,11,solar_photovoltaic,CA_N,2787.1,2787.1,0.0,0.0,4367.497058856759,0.1788858396231873,0.3763069169021012
geo_optimistic,12,12,biomass,CA_S,0.0,67.2,0.0,67.2,0.0,0.0,0.0
geo_optimistic,13,13,biomass,CA_S,0.0,38.1,0.0,38.1,0.0,0.0,0.0
geo_optimistic,14,14,conventional_hydroelectric,CA_S,0.0,1396.0,0.0,1396.0,0.0,0.0,0.0
geo_optimistic,15,15,geothermal,CA_S,535.15,535.15,0.0,0.0,4394.555466619711,0.9374223730682157,0.3786382901953947
geo_optimistic,16,16,geothermal,CA_S,73.02,73.02,0.0,0.0,637.4056433711584,0.9964831730769302,0.05491936210617322
geo_optimistic,17,17,hydroelectric_pumped_storage,CA_S,1623.0,1623.0,0.0,0.0,2551.2068024310765,0.17944156084137813,0.21981394681323654
geo_optimistic,18,18,hydroelectric_pumped_storage,CA_S,42.0,42.0,0.0,0.0,98.87255280230676,0.2687338356227081,0.008518935447438048
geo_optimistic,19,19,onshore_wind_turbine,CA_S,4735.6,4735.6,0.0,0.0,8067.475533567208,0.1944726530139148,0.695099917483282
geo_optimistic,20,20,small_hydroelectric,CA_S,126.44,126.44,0.0,0.0,495.90562162750393,0.44772406500629097,0.042727611039974904
geo_optimistic,21,21,small_hydroelectric,CA_S,7.0,7.0,0.0,0.0,10.66909038461522,0.17399038461538194,0.0009192570606642467
geo_optimistic,22,22,solar_photovoltaic,CA_S,9520.0,9520.0,0.0,0.0,11673.746543843845,0.1399810366045509,1.0058190106166507
geo_optimistic,23,23,biomass,WECC_N,6.24,6.24,0.0,0.0,20.4868242857143,0.3747882326007328,0.0017651605897338013
geo_optimistic,24,24,biomass,WECC_N,0.0,13.8,0.0,13.8,0.0,0.0,0.0
geo_optimistic,25,25,conventional_hydroelectric,WECC_N,0.0,4648.1,0.0,4648.1,0.0,0.0,0.0
geo_optimistic,26,26,geothermal,WECC_N,165.24,165.24,0.0,0.0,507.3389891182716,0.3504926756033507,0.043712718805882754
geo_optimistic,27,27,geothermal,WECC_N,215.16,215.16,0.0,0.0,1840.5480266222005,0.9765208320187125,0.15858303828823764
geo_optimistic,28,28,onshore_wind_turbine,WECC_N,3893.9,3893.9,0.0,0.0,2810.088400635921,0.08238176304079642,0.24211938508836933
geo_optimistic,29,29,solar_photovoltaic,WECC_N,1185.7,1185.7,0.0,0.0,764.0696264653394,0.0735620815541731,0.06583282863365564
geo_optimistic,30,30,biomass,WECC_NMAZ,0.0,3.54,0.0,3.54,0.0,0.0,0.0
geo_optimistic,31,31,biomass,WECC_NMAZ,0.0,11.4,0.0,11.4,0.0,0.0,0.0
geo_optimistic,32,32,conventional_hydroelectric,WECC_NMAZ,0.0,3960.0,0.0,3960.0,0.0,0.0,0.0
geo_optimistic,33,33,geothermal,WECC_NMAZ,0.68,0.68,0.0,0.0,5.729421525274925,0.9618287545787881,0.0004936513798988347
geo_optimistic,34,34,geothermal,WECC_NMAZ,2.66,2.66,0.0,0.0,22.224381115384997,0.9537706043956207,0.0019148698270164302
geo_optimistic,35,35,hydroelectric_pumped_storage,WECC_NMAZ,119.0,119.0,0.0,0.0,260.19982867181164,0.24960652763882016,0.022419018029419063
geo_optimistic,36,36,hydroelectric_pumped_storage,WECC_NMAZ,97.3,97.3,0.0,0.0,218.04739095048794,0.2558196780546067,0.018787131467148246
geo_optimistic,37,37,nuclear,WECC_NMAZ,4002.99,4002.99,0.0,0.0,54.84421287366835,0.0015640196188984677,0.004725419703388411
geo_optimistic,38,38,onshore_wind_turbine,WECC_NMAZ,0.0,1235.1,0.0,1235.1,0.0,0.0,0.0
geo_optimistic,39,39,solar_photovoltaic,WECC_NMAZ,6266.4,6266.4,0.0,0.0,8012.069389737379,0.14595617792496743,0.6903260813750799
geo_optimistic,40,40,biomass,WECC_WYCO,0.0,4.8,0.0,4.8,0.0,0.0,0.0
geo_optimistic,41,41,biomass,WECC_WYCO,0.0,8.04,0.0,8.04,0.0,0.0,0.0
geo_optimistic,42,42,conventional_hydroelectric,WECC_WYCO,0.0,961.87,0.0,961.87,0.0,0.0,0.0
geo_optimistic,43,43,hydroelectric_pumped_storage,WECC_WYCO,324.0,324.0,0.0,0.0,723.3398947410641,0.2548550843977479,0.06232352351796455
geo_optimistic,44,44,hydroelectric_pumped_storage,WECC_WYCO,238.5,238.5,0.0,0.0,557.5133905594595,0.26684730026873604,0.048035783952647626
geo_optimistic,45,45,onshore_wind_turbine,WECC_WYCO,5751.7,5751.7,0.0,0.0,25199.330453144277,0.5001366372511878,2.171193757667269
geo_optimistic,46,46,solar_photovoltaic,WECC_WYCO,593.1,593.1,0.0,0.0,1239.0020591855593,0.23847342982840708,0.10675337353278434
geo_optimistic,47,47,naturalgas_ccccsavgcf,CA_N,0.0,0.0,0.0,0.0,0.0,0.0,0.0
geo_optimistic,48,48,new_onshore_wind,CA_N,0.0,0.0,0.0,0.0,0.0,0.0,0.0
geo_optimistic,49,49,new_floating_offshore_wind,CA_N,0.0,0.0,0.0,0.0,0.0,0.0,0.0
geo_optimistic,50,50,new_floating_offshore_wind,CA_N,0.0,0.0,0.0,0.0,0.0,0.0,0.0
geo_optimistic,51,51,new_floating_offshore_wind,CA_N,0.0,0.0,0.0,0.0,0.0,0.0,0.0
geo_optimistic,52,52,new_floating_offshore_wind,CA_N,0.0,0.0,0.0,0.0,0.0,0.0,0.0
geo_optimistic,53,53,new_floating_offshore_wind,CA_N,0.0,0.0,0.0,0.0,0.0,0.0,0.0
geo_optimistic,54,54,new_utility_pv,CA_N,0.0,0.0,0.0,0.0,0.0,0.0,0.0
geo_optimistic,55,55,new_utility_pv,CA_N,0.0,0.0,0.0,0.0,0.0,0.0,0.0
geo_optimistic,56,56,new_utility_pv,CA_N,0.0,0.0,0.0,0.0,0.0,0.0,0.0
geo_optimistic,57,57,new_utility_pv,CA_N,14825.834709930781,0.0,14825.834709930781,0.0,122478.85771067759,0.9430568352504015,10.552872894861368
geo_optimistic,58,58,battery,CA_N,35919.4007696942,0.0,35919.4007696942,0.0,24539.055484152654,0.07798743802912797,2.1143039568178303
geo_optimistic,59,59,nuclear,CA_N,0.0,0.0,0.0,0.0,0.0,0.0,0.0
geo_optimistic,60,60,naturalgas_ccs100,CA_N,0.0,0.0,0.0,0.0,0.0,0.0,0.0
geo_optimistic,61,61,naturalgas_ccccsavgcf,CA_S,0.0,0.0,0.0,0.0,0.0,0.0,0.0
geo_optimistic,62,62,new_onshore_wind,CA_S,0.0,0.0,0.0,0.0,0.0,0.0,0.0
geo_optimistic,63,63,new_onshore_wind,CA_S,0.0,0.0,0.0,0.0,0.0,0.0,0.0
geo_optimistic,64,64,new_onshore_wind,CA_S,0.0,0.0,0.0,0.0,0.0,0.0,0.0
geo_optimistic,65,65,new_utility_pv,CA_S,0.0,0.0,0.0,0.0,0.0,0.0,0.0
geo_optimistic,66,66,new_utility_pv,CA_S,0.0,0.0,0.0,0.0,0.0,0.0,0.0
geo_optimistic,67,67,new_utility_pv,CA_S,0.0,0.0,0.0,0.0,0.0,0.0,0.0
geo_optimistic,68,68,new_utility_pv,CA_S,0.0,0.0,0.0,0.0,0.0,0.0,0.0
geo_optimistic,69,69,new_utility_pv,CA_S,20451.59,0.0,20451.59,0.0,144953.46453423594,0.8090910852282795,12.489302361988239
geo_optimistic,70,70,new_utility_pv,CA_S,17116.833140982177,0.0,17116.833140982177,0.0,95551.51439215423,0.6372503039873731,8.232792215239723
geo_optimistic,71,71,new_utility_pv,CA_S,0.0,0.0,0.0,0.0,0.0,0.0,0.0
geo_optimistic,72,72,new_utility_pv,CA_S,0.0,0.0,0.0,0.0,0.0,0.0,0.0
geo_optimistic,73,73,new_utility_pv,CA_S,0.0,0.0,0.0,0.0,0.0,0.0,0.0
geo_optimistic,74,74,new_utility_pv,CA_S,0.0,0.0,0.0,0.0,0.0,0.0,0.0
geo_optimistic,75,75,battery,CA_S,0.0,0.0,0.0,0.0,0.0,0.0,0.0
geo_optimistic,76,76,nuclear,CA_S,0.0,0.0,0.0,0.0,0.0,0.0,0.0
geo_optimistic,77,77,naturalgas_ccs100,CA_S,0.0,0.0,0.0,0.0,0.0,0.0,0.0
geo_optimistic,78,78,naturalgas_ccccsavgcf,WECC_N,0.0,0.0,0.0,0.0,0.0,0.0,0.0
geo_optimistic,79,79,new_onshore_wind,WECC_N,0.0,0.0,0.0,0.0,0.0,0.0,0.0
geo_optimistic,80,80,new_onshore_wind,WECC_N,0.0,0.0,0.0,0.0,0.0,0.0,0.0
geo_optimistic,81,81,new_onshore_wind,WECC_N,0.0,0.0,0.0,0.0,0.0,0.0,0.0
geo_optimistic,82,82,new_onshore_wind,WECC_N,0.0,0.0,0.0,0.0,0.0,0.0,0.0
geo_optimistic,83,83,new_onshore_wind,WECC_N,0.0,0.0,0.0,0.0,0.0,0.0,0.0
geo_optimistic,84,84,new_onshore_wind,WECC_N,0.0,0.0,0.0,0.0,0.0,0.0,0.0
geo_optimistic,85,85,new_utility_pv,WECC_N,0.0,0.0,0.0,0.0,0.0,0.0,0.0
geo_optimistic,86,86,new_utility_pv,WECC_N,25730.92162849479,0.0,25730.92162849479,0.0,185438.98975733394,0.8227002030017287,15.977566457088551
geo_optimistic,87,87,new_utility_pv,WECC_N,0.0,0.0,0.0,0.0,0.0,0.0,0.0
geo_optimistic,88,88,new_utility_pv,WECC_N,0.0,0.0,0.0,0.0,0.0,0.0,0.0
geo_optimistic,89,89,new_utility_pv,WECC_N,0.0,0.0,0.0,0.0,0.0,0.0,0.0
geo_optimistic,90,90,new_utility_pv,WECC_N,0.0,0.0,0.0,0.0,0.0,0.0,0.0
geo_optimistic,91,91,new_utility_pv,WECC_N,0.0,0.0,0.0,0.0,0.0,0.0,0.0
geo_optimistic,92,92,new_utility_pv,WECC_N,0.0,0.0,0.0,0.0,0.0,0.0,0.0
geo_optimistic,93,93,battery,WECC_N,0.0,0.0,0.0,0.0,0.0,0.0,0.0
geo_optimistic,94,94,nuclear,WECC_N,0.0,0.0,0.0,0.0,0.0,0.0,0.0
geo_optimistic,95,95,naturalgas_ccs100,WECC_N,0.0,0.0,0.0,0.0,0.0,0.0,0.0
geo_optimistic,96,96,naturalgas_ccccsavgcf,WECC_NMAZ,0.0,0.0,0.0,0.0,0.0,0.0,0.0
geo_optimistic,97,97,new_onshore_wind,WECC_NMAZ,0.0,0.0,0.0,0.0,0.0,0.0,0.0
geo_optimistic,98,98,new_onshore_wind,WECC_NMAZ,0.0,0.0,0.0,0.0,0.0,0.0,0.0
geo_optimistic,99,99,new_onshore_wind,WECC_NMAZ,0.0,0.0,0.0,0.0,0.0,0.0,0.0
geo_optimistic,100,100,new_onshore_wind,WECC_NMAZ,0.0,0.0,0.0,0.0,0.0,0.0,0.0
geo_optimistic,101,101,new_onshore_wind,WECC_NMAZ,0.0,0.0,0.0,0.0,0.0,0.0,0.0
geo_optimistic,102,102,new_onshore_wind,WECC_NMAZ,0.0,0.0,0.0,0.0,0.0,0.0,0.0
geo_optimistic,103,103,new_onshore_wind,WECC_NMAZ,0.0,0.0,0.0,0.0,0.0,0.0,0.0
geo_optimistic,104,104,new_utility_pv,WECC_NMAZ,39157.765357503195,0.0,39157.765357503195,0.0,186874.62887607643,0.5447890091931732,16.10126223141369
geo_optimistic,105,105,new_utility_pv,WECC_NMAZ,0.0,0.0,0.0,0.0,0.0,0.0,0.0
geo_optimistic,106,106,new_utility_pv,WECC_NMAZ,0.0,0.0,0.0,0.0,0.0,0.0,0.0
geo_optimistic,107,107,new_utility_pv,WECC_NMAZ,0.0,0.0,0.0,0.0,0.0,0.0,0.0
geo_optimistic,108,108,new_utility_pv,WECC_NMAZ,0.0,0.0,0.0,0.0,0.0,0.0,0.0
geo_optimistic,109,109,new_utility_pv,WECC_NMAZ,0.0,0.0,0.0,0.0,0.0,0.0,0.0
geo_optimistic,110,110,new_utility_pv,WECC_NMAZ,0.0,0.0,0.0,0.0,0.0,0.0,0.0
geo_optimistic,111,111,new_utility_pv,WECC_NMAZ,0.0,0.0,0.0,0.0,0.0,0.0,0.0
geo_optimistic,112,112,new_utility_pv,WECC_NMAZ,0.0,0.0,0.0,0.0,0.0,0.0,0.0
geo_optimistic,113,113,new_utility_pv,WECC_NMAZ,0.0,0.0,0.0,0.0,0.0,0.0,0.0
geo_optimistic,114,114,new_utility_pv,WECC_NMAZ,0.0,0.0,0.0,0.0,0.0,0.0,0.0
geo_optimistic,115,115,new_utility_pv,WECC_NMAZ,0.0,0.0,0.0,0.0,0.0,0.0,0.0
geo_optimistic,116,116,battery,WECC_NMAZ,0.0,0.0,0.0,0.0,0.0,0.0,0.0
geo_optimistic,117,117,nuclear,WECC_NMAZ,0.0,0.0,0.0,0.0,0.0,0.0,0.0
geo_optimistic,118,118,naturalgas_ccs100,WECC_NMAZ,0.0,0.0,0.0,0.0,0.0,0.0,0.0
geo_optimistic,119,119,naturalgas_ccccsavgcf,WECC_PNW,0.0,0.0,0.0,0.0,0.0,0.0,0.0
geo_optimistic,120,120,new_onshore_wind,WECC_PNW,0.0,0.0,0.0,0.0,0.0,0.0,0.0
geo_optimistic,121,121,new_floating_offshore_wind,WECC_PNW,0.0,0.0,0.0,0.0,0.0,0.0,0.0
geo_optimistic,122,122,new_floating_offshore_wind,WECC_PNW,0.0,0.0,0.0,0.0,0.0,0.0,0.0
geo_optimistic,123,123,new_floating_offshore_wind,WECC_PNW,0.0,0.0,0.0,0.0,0.0,0.0,0.0
geo_optimistic,124,124,new_utility_pv,WECC_PNW,0.0,0.0,0.0,0.0,0.0,0.0,0.0
geo_optimistic,125,125,battery,WECC_PNW,0.0,0.0,0.0,0.0,0.0,0.0,0.0
geo_optimistic,126,126,nuclear,WECC_PNW,0.0,0.0,0.0,0.0,0.0,0.0,0.0
geo_optimistic,127,127,naturalgas_ccs100,WECC_PNW,0.0,0.0,0.0,0.0,0.0,0.0,0.0
geo_optimistic,128,128,naturalgas_ccccsavgcf,WECC_WYCO,0.0,0.0,0.0,0.0,0.0,0.0,0.0
geo_optimistic,129,129,new_onshore_wind,WECC_WYCO,0.0,0.0,0.0,0.0,0.0,0.0,0.0
geo_optimistic,130,130,new_onshore_wind,WECC_WYCO,0.0,0.0,0.0,0.0,0.0,0.0,0.0
geo_optimistic,131,131,new_onshore_wind,WECC_WYCO,0.0,0.0,0.0,0.0,0.0,0.0,0.0
geo_optimistic,132,132,new_onshore_wind,WECC_WYCO,0.0,0.0,0.0,0.0,0.0,0.0,0.0
geo_optimistic,133,133,new_onshore_wind,WECC_WYCO,0.0,0.0,0.0,0.0,0.0,0.0,0.0
geo_optimistic,134,134,new_onshore_wind,WECC_WYCO,0.0,0.0,0.0,0.0,0.0,0.0,0.0
geo_optimistic,135,135,new_onshore_wind,WECC_WYCO,0.0,0.0,0.0,0.0,0.0,0.0,0.0
geo_optimistic,136,136,new_utility_pv,WECC_WYCO,0.0,0.0,0.0,0.0,0.0,0.0,0.0
geo_optimistic,137,137,new_utility_pv,WECC_WYCO,13395.62549728051,0.0,13395.62549728051,0.0,78910.13713981849,0.6724588205783354,6.798958309357153
geo_optimistic,138,138,new_utility_pv,WECC_WYCO,0.0,0.0,0.0,0.0,0.0,0.0,0.0
geo_optimistic,139,139,new_utility_pv,WECC_WYCO,0.0,0.0,0.0,0.0,0.0,0.0,0.0
geo_optimistic,140,140,new_utility_pv,WECC_WYCO,0.0,0.0,0.0,0.0,0.0,0.0,0.0
geo_optimistic,141,141,battery,WECC_WYCO,5646.157058314533,0.0,5646.157058314533,0.0,4632.274315658471,0.09365634579396748,0.39912032967150324
geo_optimistic,142,142,nuclear,WECC_WYCO,0.0,0.0,0.0,0.0,0.0,0.0,0.0
geo_optimistic,143,143,naturalgas_ccs100,WECC_WYCO,0.0,0.0,0.0,0.0,0.0,0.0,0.0
geo_optimistic,144,156,new_biogas_CCGT,CA_N,0.0,0.0,0.0,0.0,0.0,0.0,0.0
geo_optimistic,145,157,new_biogas_CCGT,CA_S,0.0,0.0,0.0,0.0,0.0,0.0,0.0
geo_optimistic,146,158,new_biogas_CCGT,WECC_N,0.0,0.0,0.0,0.0,0.0,0.0,0.0
geo_optimistic,147,159,new_biogas_CCGT,WECC_NMAZ,0.0,0.0,0.0,0.0,0.0,0.0,0.0
geo_optimistic,148,160,new_biogas_CCGT,WECC_PNW,0.0,0.0,0.0,0.0,0.0,0.0,0.0
geo_optimistic,149,161,new_biogas_CCGT,WECC_WYCO,0.0,0.0,0.0,0.0,0.0,0.0,0.0
geo_optimistic,150,162,biomass,WECC_PNW,0.0,28.4,0.0,28.4,0.0,0.0,0.0
geo_optimistic,151,163,biomass,WECC_PNW,0.0,74.43,0.0,74.43,0.0,0.0,0.0
geo_optimistic,152,164,conventional_hydroelectric,WECC_PNW,29850.0,29850.0,0.0,0.0,240930.41251828775,0.9213893383136679,20.758750263804533
geo_optimistic,153,165,geothermal,WECC_PNW,14.49,14.49,0.0,0.0,32.65692349326925,0.2572780747332379,0.0028137457288813237
geo_optimistic,154,166,geothermal,WECC_PNW,1.17,1.17,0.0,0.0,9.940967276786212,0.9699261675824663,0.000856521411815514
geo_optimistic,155,167,hydroelectric_pumped_storage,WECC_PNW,214.0,214.0,0.0,0.0,455.262697968238,0.2428534001025466,0.039225785374153097
geo_optimistic,156,168,hydroelectric_pumped_storage,WECC_PNW,100.0,100.0,0.0,0.0,215.51008830274918,0.2460160825373849,0.018568515513032863
geo_optimistic,157,169,nuclear,WECC_PNW,1163.0,1163.0,0.0,0.0,25.65629120879122,0.0025183150183150193,0.002210565849001377
geo_optimistic,158,170,onshore_wind_turbine,WECC_PNW,5254.0,5254.0,0.0,0.0,35596.99456891705,0.7734266948799404,3.0670645215537733
geo_optimistic,159,171,solar_photovoltaic,WECC_PNW,209.9,209.9,0.0,0.0,494.56434111744295,0.26897149388241137,0.042612045276188434
nuc_pessimistic,1,1,biomass,CA_N,36.72,36.72,0.0,0.0,136.4245973802148,0.42411721611720066,0.011754448586439868
nuc_pessimistic,2,2,biomass,CA_N,0.0,33.06,0.0,33.06,0.0,0.0,0.0
nuc_pessimistic,3,3,conventional_hydroelectric,CA_N,0.0,6607.44,0.0,6607.44,0.0,0.0,0.0
nuc_pessimistic,4,4,geothermal,CA_N,542.55,542.55,0.0,0.0,4449.803723549714,0.936261103294504,0.38339852264646973
nuc_pessimistic,5,5,geothermal,CA_N,100.32,100.32,0.0,0.0,825.6885133697009,0.9395602034331474,0.07114195947941036
nuc_pessimistic,6,6,hydroelectric_pumped_storage,CA_N,615.15,615.15,0.0,0.0,1481.836754771908,0.27498894073278113,0.12767619829523055
nuc_pessimistic,7,7,hydroelectric_pumped_storage,CA_N,1175.8,1175.8,0.0,0.0,2665.1222036273844,0.2587495275370062,0.22962898568656995
nuc_pessimistic,8,8,onshore_wind_turbine,CA_N,1327.6,1327.6,0.0,0.0,1384.604911016473,0.11905688561984967,0.11929862760537363
nuc_pessimistic,9,9,small_hydroelectric,CA_N,231.4,231.4,0.0,0.0,1486.227420786803,0.7331921541632641,0.1280545014672639
nuc_pessimistic,10,10,small_hydroelectric,CA_N,1.95,1.95,0.0,0.0,12.645294642857175,0.7402701465201484,0.0010895283445520704
nuc_pessimistic,11,11,solar_photovoltaic,CA_N,2787.1,2787.1,0.0,0.0,4585.559350679782,0.1878173295903789,0.3950953322399258
nuc_pessimistic,12,12,biomass,CA_S,0.0,67.2,0.0,67.2,0.0,0.0,0.0
nuc_pessimistic,13,13,biomass,CA_S,0.0,38.1,0.0,38.1,0.0,0.0,0.0
nuc_pessimistic,14,14,conventional_hydroelectric,CA_S,0.0,1396.0,0.0,1396.0,0.0,0.0,0.0
nuc_pessimistic,15,15,geothermal,CA_S,535.15,535.15,0.0,0.0,4362.818425705426,0.9306524022636564,0.3759038022593738
nuc_pessimistic,16,16,geothermal,CA_S,73.02,73.02,0.0,0.0,626.3269998230816,0.9791634615384688,0.053964817628901054
nuc_pessimistic,17,17,hydroelectric_pumped_storage,CA_S,1623.0,1623.0,0.0,0.0,2538.6569158532675,0.17855885261335114,0.2187326389011935
nuc_pessimistic,18,18,hydroelectric_pumped_storage,CA_S,42.0,42.0,0.0,0.0,66.845696646923,0.1816854116300364,0.005759476806599427
nuc_pessimistic,19,19,onshore_wind_turbine,CA_S,4735.6,4735.6,0.0,0.0,10282.678788227558,0.2478718176108691,0.8859635393333078
nuc_pessimistic,20,20,small_hydroelectric,CA_S,126.44,126.44,0.0,0.0,914.3600137125743,0.8255219629796925,0.07878196437499344
nuc_pessimistic,21,21,small_hydroelectric,CA_S,7.0,7.0,0.0,0.0,32.49876246919353,0.5299863416372069,0.002800118452997229
nuc_pessimistic,22,22,solar_photovoltaic,CA_S,9520.0,9520.0,0.0,0.0,15665.102935546307,0.187841781487979,1.3497173573764325
nuc_pessimistic,23,23,biomass,WECC_N,6.24,6.24,0.0,0.0,20.4868242857143,0.3747882326007328,0.0017651605897338013
nuc_pessimistic,24,24,biomass,WECC_N,0.0,13.8,0.0,13.8,0.0,0.0,0.0
nuc_pessimistic,25,25,conventional_hydroelectric,WECC_N,0.0,4648.1,0.0,4648.1,0.0,0.0,0.0
nuc_pessimistic,26,26,geothermal,WECC_N,165.24,165.24,0.0,0.0,1228.9273956138086,0.8489985202192469,0.1058853327450239
nuc_pessimistic,27,27,geothermal,WECC_N,215.16,215.16,0.0,0.0,1804.0119711659627,0.9571362689664328,0.15543506355597764
nuc_pessimistic,28,28,onshore_wind_turbine,WECC_N,3893.9,3893.9,0.0,0.0,5054.124676327229,0.14816889794983248,0.43546728228029397
nuc_pessimistic,29,29,solar_photovoltaic,WECC_N,1185.7,1185.7,0.0,0.0,1268.7058508131176,0.1221467782949553,0.1093126751412426
nuc_pessimistic,30,30,biomass,WECC_NMAZ,0.0,3.54,0.0,3.54,0.0,0.0,0.0
nuc_pessimistic,31,31,biomass,WECC_NMAZ,0.0,11.4,0.0,11.4,0.0,0.0,0.0
nuc_pessimistic,32,32,conventional_hydroelectric,WECC_NMAZ,0.0,3960.0,0.0,3960.0,0.0,0.0,0.0
nuc_pessimistic,33,33,geothermal,WECC_NMAZ,0.68,0.68,0.0,0.0,4.804723104945146,0.806594665750931,0.00041397865043175925
nuc_pessimistic,34,34,geothermal,WECC_NMAZ,2.66,2.66,0.0,0.0,18.431213515384897,0.7909848901099021,0.00158804757948809
nuc_pessimistic,35,35,hydroelectric_pumped_storage,WECC_NMAZ,119.0,119.0,0.0,0.0,210.89187460289457,0.2023060076387078,0.018170606656869318
nuc_pessimistic,36,36,hydroelectric_pumped_storage,WECC_NMAZ,97.3,97.3,0.0,0.0,176.6397832666665,0.20723904234733526,0.015219420035679224
nuc_pessimistic,37,37,nuclear,WECC_NMAZ,4002.99,4002.99,0.0,0.0,54.51725716442548,0.001554695660781964,0.004697248947174799
nuc_pessimistic,38,38,onshore_wind_turbine,WECC_NMAZ,0.0,1235.1,0.0,1235.1,0.0,0.0,0.0
nuc_pessimistic,39,39,solar_photovoltaic,WECC_NMAZ,6266.4,6266.4,0.0,0.0,13903.419981504048,0.25327913949238384,1.1979293946002976
nuc_pessimistic,40,40,biomass,WECC_WYCO,0.0,4.8,0.0,4.8,0.0,0.0,0.0
nuc_pessimistic,41,41,biomass,WECC_WYCO,0.0,8.04,0.0,8.04,0.0,0.0,0.0
nuc_pessimistic,42,42,conventional_hydroelectric,WECC_WYCO,0.0,961.87,0.0,961.87,0.0,0.0,0.0
nuc_pessimistic,43,43,hydroelectric_pumped_storage,WECC_WYCO,324.0,324.0,0.0,0.0,621.624080163432,0.21901744748979368,0.05355961044187567
nuc_pessimistic,44,44,hydroelectric_pumped_storage,WECC_WYCO,238.5,238.5,0.0,0.0,463.31736038018107,0.2217614659641122,0.039919781303189614
nuc_pessimistic,45,45,onshore_wind_turbine,WECC_WYCO,5751.7,5751.7,0.0,0.0,46530.9667445714,0.9235103003608979,4.009144001737985
nuc_pessimistic,46,46,solar_photovoltaic,WECC_WYCO,593.1,593.1,0.0,0.0,1047.974038068581,0.2017058497817329,0.09029425182080399
nuc_pessimistic,47,47,naturalgas_ccccsavgcf,CA_N,0.0,0.0,0.0,0.0,0.0,0.0,0.0
nuc_pessimistic,48,48,new_onshore_wind,CA_N,0.0,0.0,0.0,0.0,0.0,0.0,0.0
nuc_pessimistic,49,49,new_floating_offshore_wind,CA_N,0.0,0.0,0.0,0.0,0.0,0.0,0.0
nuc_pessimistic,50,50,new_floating_offshore_wind,CA_N,0.0,0.0,0.0,0.0,0.0,0.0,0.0
nuc_pessimistic,51,51,new_floating_offshore_wind,CA_N,0.0,0.0,0.0,0.0,0.0,0.0,0.0
nuc_pessimistic,52,52,new_floating_offshore_wind,CA_N,0.0,0.0,0.0,0.0,0.0,0.0,0.0
nuc_pessimistic,53,53,new_floating_offshore_wind,CA_N,0.0,0.0,0.0,0.0,0.0,0.0,0.0
nuc_pessimistic,54,54,new_utility_pv,CA_N,0.0,0.0,0.0,0.0,0.0,0.0,0.0
nuc_pessimistic,55,55,new_utility_pv,CA_N,0.0,0.0,0.0,0.0,0.0,0.0,0.0
nuc_pessimistic,56,56,new_utility_pv,CA_N,0.0,0.0,0.0,0.0,0.0,0.0,0.0
nuc_pessimistic,57,57,new_utility_pv,CA_N,14825.834709930788,0.0,14825.834709930788,0.0,115319.12671290581,0.8879286818514472,9.935984947070702
nuc_pessimistic,58,58,battery,CA_N,35919.400769694184,0.0,35919.400769694184,0.0,29440.616443331688,0.09356506210666563,2.5366262314982366
nuc_pessimistic,59,59,nuclear,CA_N,0.0,0.0,0.0,0.0,0.0,0.0,0.0
nuc_pessimistic,60,60,naturalgas_ccs100,CA_N,0.0,0.0,0.0,0.0,0.0,0.0,0.0
nuc_pessimistic,61,61,naturalgas_ccccsavgcf,CA_S,0.0,0.0,0.0,0.0,0.0,0.0,0.0
nuc_pessimistic,62,62,new_onshore_wind,CA_S,0.0,0.0,0.0,0.0,0.0,0.0,0.0
nuc_pessimistic,63,63,new_onshore_wind,CA_S,0.0,0.0,0.0,0.0,0.0,0.0,0.0
nuc_pessimistic,64,64,new_onshore_wind,CA_S,0.0,0.0,0.0,0.0,0.0,0.0,0.0
nuc_pessimistic,65,65,new_utility_pv,CA_S,0.0,0.0,0.0,0.0,0.0,0.0,0.0
nuc_pessimistic,66,66,new_utility_pv,CA_S,0.0,0.0,0.0,0.0,0.0,0.0,0.0
nuc_pessimistic,67,67,new_utility_pv,CA_S,0.0,0.0,0.0,0.0,0.0,0.0,0.0
nuc_pessimistic,68,68,new_utility_pv,CA_S,0.0,0.0,0.0,0.0,0.0,0.0,0.0
nuc_pessimistic,69,69,new_utility_pv,CA_S,20451.59,0.0,20451.59,0.0,144047.5219514903,0.8040343584381787,12.411245649960918
nuc_pessimistic,70,70,new_utility_pv,CA_S,17116.833140982177,0.0,17116.833140982177,0.0,83531.00554401292,0.5570833598390769,7.197095896895197
nuc_pessimistic,71,71,new_utility_pv,CA_S,0.0,0.0,0.0,0.0,0.0,0.0,0.0
nuc_pessimistic,72,72,new_utility_pv,CA_S,0.0,0.0,0.0,0.0,0.0,0.0,0.0
nuc_pessimistic,73,73,new_utility_pv,CA_S,0.0,0.0,0.0,0.0,0.0,0.0,0.0
nuc_pessimistic,74,74,new_utility_pv,CA_S,0.0,0.0,0.0,0.0,0.0,0.0,0.0
nuc_pessimistic,75,75,battery,CA_S,0.0,0.0,0.0,0.0,0.0,0.0,0.0
nuc_pessimistic,76,76,nuclear,CA_S,0.0,0.0,0.0,0.0,0.0,0.0,0.0
nuc_pessimistic,77,77,naturalgas_ccs100,CA_S,0.0,0.0,0.0,0.0,0.0,0.0,0.0
nuc_pessimistic,78,78,naturalgas_ccccsavgcf,WECC_N,0.0,0.0,0.0,0.0,0.0,0.0,0.0
nuc_pessimistic,79,79,new_onshore_wind,WECC_N,0.0,0.0,0.0,0.0,0.0,0.0,0.0
nuc_pessimistic,80,80,new_onshore_wind,WECC_N,0.0,0.0,0.0,0.0,0.0,0.0,0.0
nuc_pessimistic,81,81,new_onshore_wind,WECC_N,0.0,0.0,0.0,0.0,0.0,0.0,0.0
nuc_pessimistic,82,82,new_onshore_wind,WECC_N,0.0,0.0,0.0,0.0,0.0,0.0,0.0
nuc_pessimistic,83,83,new_onshore_wind,WECC_N,0.0,0.0,0.0,0.0,0.0,0.0,0.0
nuc_pessimistic,84,84,new_onshore_wind,WECC_N,0.0,0.0,0.0,0.0,0.0,0.0,0.0
nuc_pessimistic,85,85,new_utility_pv,WECC_N,0.0,0.0,0.0,0.0,0.0,0.0,0.0
nuc_pessimistic,86,86,new_utility_pv,WECC_N,25730.921628494794,0.0,25730.921628494794,0.0,157868.48863144423,0.7003836561805292,13.602070804472078
nuc_pessimistic,87,87,new_utility_pv,WECC_N,0.0,0.0,0.0,0.0,0.0,0.0,0.0
nuc_pessimistic,88,88,new_utility_pv,WECC_N,0.0,0.0,0.0,0.0,0.0,0.0,0.0
nuc_pessimistic,89,89,new_utility_pv,WECC_N,0.0,0.0,0.0,0.0,0.0,0.0,0.0
nuc_pessimistic,90,90,new_utility_pv,WECC_N,0.0,0.0,0.0,0.0,0.0,0.0,0.0
nuc_pessimistic,91,91,new_utility_pv,WECC_N,0.0,0.0,0.0,0.0,0.0,0.0,0.0
nuc_pessimistic,92,92,new_utility_pv,WECC_N,0.0,0.0,0.0,0.0,0.0,0.0,0.0
nuc_pessimistic,93,93,battery,WECC_N,0.0,0.0,0.0,0.0,0.0,0.0,0.0
nuc_pessimistic,94,94,nuclear,WECC_N,0.0,0.0,0.0,0.0,0.0,0.0,0.0
nuc_pessimistic,95,95,naturalgas_ccs100,WECC_N,0.0,0.0,0.0,0.0,0.0,0.0,0.0
nuc_pessimistic,96,96,naturalgas_ccccsavgcf,WECC_NMAZ,0.0,0.0,0.0,0.0,0.0,0.0,0.0
nuc_pessimistic,97,97,new_onshore_wind,WECC_NMAZ,0.0,0.0,0.0,0.0,0.0,0.0,0.0
nuc_pessimistic,98,98,new_onshore_wind,WECC_NMAZ,0.0,0.0,0.0,0.0,0.0,0.0,0.0
nuc_pessimistic,99,99,new_onshore_wind,WECC_NMAZ,0.0,0.0,0.0,0.0,0.0,0.0,0.0
nuc_pessimistic,100,100,new_onshore_wind,WECC_NMAZ,0.0,0.0,0.0,0.0,0.0,0.0,0.0
nuc_pessimistic,101,101,new_onshore_wind,WECC_NMAZ,0.0,0.0,0.0,0.0,0.0,0.0,0.0
nuc_pessimistic,102,102,new_onshore_wind,WECC_NMAZ,0.0,0.0,0.0,0.0,0.0,0.0,0.0
nuc_pessimistic,103,103,new_onshore_wind,WECC_NMAZ,0.0,0.0,0.0,0.0,0.0,0.0,0.0
nuc_pessimistic,104,104,new_utility_pv,WECC_NMAZ,39157.765357503195,0.0,39157.765357503195,0.0,192202.4117660311,0.5603209065902217,16.560308116556747
nuc_pessimistic,105,105,new_utility_pv,WECC_NMAZ,0.0,0.0,0.0,0.0,0.0,0.0,0.0
nuc_pessimistic,106,106,new_utility_pv,WECC_NMAZ,0.0,0.0,0.0,0.0,0.0,0.0,0.0
nuc_pessimistic,107,107,new_utility_pv,WECC_NMAZ,0.0,0.0,0.0,0.0,0.0,0.0,0.0
nuc_pessimistic,108,108,new_utility_pv,WECC_NMAZ,0.0,0.0,0.0,0.0,0.0,0.0,0.0
nuc_pessimistic,109,109,new_utility_pv,WECC_NMAZ,0.0,0.0,0.0,0.0,0.0,0.0,0.0
nuc_pessimistic,110,110,new_utility_pv,WECC_NMAZ,0.0,0.0,0.0,0.0,0.0,0.0,0.0
nuc_pessimistic,111,111,new_utility_pv,WECC_NMAZ,0.0,0.0,0.0,0.0,0.0,0.0,0.0
nuc_pessimistic,112,112,new_utility_pv,WECC_NMAZ,0.0,0.0,0.0,0.0,0.0,0.0,0.0
nuc_pessimistic,113,113,new_utility_pv,WECC_NMAZ,0.0,0.0,0.0,0.0,0.0,0.0,0.0
nuc_pessimistic,114,114,new_utility_pv,WECC_NMAZ,0.0,0.0,0.0,0.0,0.0,0.0,0.0
nuc_pessimistic,115,115,new_utility_pv,WECC_NMAZ,0.0,0.0,0.0,0.0,0.0,0.0,0.0
nuc_pessimistic,116,116,battery,WECC_NMAZ,0.0,0.0,0.0,0.0,0.0,0.0,0.0
nuc_pessimistic,117,117,nuclear,WECC_NMAZ,0.0,0.0,0.0,0.0,0.0,0.0,0.0
nuc_pessimistic,118,118,naturalgas_ccs100,WECC_NMAZ,0.0,0.0,0.0,0.0,0.0,0.0,0.0
nuc_pessimistic,119,119,naturalgas_ccccsavgcf,WECC_PNW,0.0,0.0,0.0,0.0,0.0,0.0,0.0
nuc_pessimistic,120,120,new_onshore_wind,WECC_PNW,0.0,0.0,0.0,0.0,0.0,0.0,0.0
nuc_pessimistic,121,121,new_floating_offshore_wind,WECC_PNW,0.0,0.0,0.0,0.0,0.0,0.0,0.0
nuc_pessimistic,122,122,new_floating_offshore_wind,WECC_PNW,0.0,0.0,0.0,0.0,0.0,0.0,0.0
nuc_pessimistic,123,123,new_floating_offshore_wind,WECC_PNW,0.0,0.0,0.0,0.0,0.0,0.0,0.0
nuc_pessimistic,124,124,new_utility_pv,WECC_PNW,0.0,0.0,0.0,0.0,0.0,0.0,0.0
nuc_pessimistic,125,125,battery,WECC_PNW,0.0,0.0,0.0,0.0,0.0,0.0,0.0
nuc_pessimistic,126,126,nuclear,WECC_PNW,0.0,0.0,0.0,0.0,0.0,0.0,0.0
nuc_pessimistic,127,127,naturalgas_ccs100,WECC_PNW,0.0,0.0,0.0,0.0,0.0,0.0,0.0
nuc_pessimistic,128,128,naturalgas_ccccsavgcf,WECC_WYCO,0.0,0.0,0.0,0.0,0.0,0.0,0.0
nuc_pessimistic,129,129,new_onshore_wind,WECC_WYCO,0.0,0.0,0.0,0.0,0.0,0.0,0.0
nuc_pessimistic,130,130,new_onshore_wind,WECC_WYCO,0.0,0.0,0.0,0.0,0.0,0.0,0.0
nuc_pessimistic,131,131,new_onshore_wind,WECC_WYCO,0.0,0.0,0.0,0.0,0.0,0.0,0.0
nuc_pessimistic,132,132,new_onshore_wind,WECC_WYCO,0.0,0.0,0.0,0.0,0.0,0.0,0.0
nuc_pessimistic,133,133,new_onshore_wind,WECC_WYCO,0.0,0.0,0.0,0.0,0.0,0.0,0.0
nuc_pessimistic,134,134,new_onshore_wind,WECC_WYCO,0.0,0.0,0.0,0.0,0.0,0.0,0.0
nuc_pessimistic,135,135,new_onshore_wind,WECC_WYCO,0.0,0.0,0.0,0.0,0.0,0.0,0.0
nuc_pessimistic,136,136,new_utility_pv,WECC_WYCO,0.0,0.0,0.0,0.0,0.0,0.0,0.0
nuc_pessimistic,137,137,new_utility_pv,WECC_WYCO,13395.625497280515,0.0,13395.625497280515,0.0,77071.46683321151,0.6567899837136554,6.640537056874426
nuc_pessimistic,138,138,new_utility_pv,WECC_WYCO,0.0,0.0,0.0,0.0,0.0,0.0,0.0
nuc_pessimistic,139,139,new_utility_pv,WECC_WYCO,0.0,0.0,0.0,0.0,0.0,0.0,0.0
nuc_pessimistic,140,140,new_utility_pv,WECC_WYCO,0.0,0.0,0.0,0.0,0.0,0.0,0.0
nuc_pessimistic,141,141,battery,WECC_WYCO,5646.157058314514,0.0,5646.157058314514,0.0,4353.748859186986,0.08802505656406646,0.37512236140934013
nuc_pessimistic,142,142,nuclear,WECC_WYCO,0.0,0.0,0.0,0.0,0.0,0.0,0.0
nuc_pessimistic,143,143,naturalgas_ccs100,WECC_WYCO,0.0,0.0,0.0,0.0,0.0,0.0,0.0
nuc_pessimistic,144,156,new_biogas_CCGT,CA_N,0.0,0.0,0.0,0.0,0.0,0.0,0.0
nuc_pessimistic,145,157,new_biogas_CCGT,CA_S,0.0,0.0,0.0,0.0,0.0,0.0,0.0
nuc_pessimistic,146,158,new_biogas_CCGT,WECC_N,0.0,0.0,0.0,0.0,0.0,0.0,0.0
nuc_pessimistic,147,159,new_biogas_CCGT,WECC_NMAZ,0.0,0.0,0.0,0.0,0.0,0.0,0.0
nuc_pessimistic,148,160,new_biogas_CCGT,WECC_PNW,0.0,0.0,0.0,0.0,0.0,0.0,0.0
nuc_pessimistic,149,161,new_biogas_CCGT,WECC_WYCO,0.0,0.0,0.0,0.0,0.0,0.0,0.0
nuc_pessimistic,150,162,biomass,WECC_PNW,0.0,28.4,0.0,28.4,0.0,0.0,0.0
nuc_pessimistic,151,163,biomass,WECC_PNW,0.0,74.43,0.0,74.43,0.0,0.0,0.0
nuc_pessimistic,152,164,conventional_hydroelectric,WECC_PNW,29850.0,29850.0,0.0,0.0,242392.45740704733,0.9269806314947926,20.88472117965115
nuc_pessimistic,153,165,geothermal,WECC_PNW,14.49,14.49,0.0,0.0,70.89640070425735,0.5585366754607756,0.006108488594027472
nuc_pessimistic,154,166,geothermal,WECC_PNW,1.17,1.17,0.0,0.0,8.68284747321458,0.8471731913919701,0.0007481208386736409
nuc_pessimistic,155,167,hydroelectric_pumped_storage,WECC_PNW,214.0,214.0,0.0,0.0,499.40114058281216,0.26639842347480697,0.04302878765058702
nuc_pessimistic,156,168,hydroelectric_pumped_storage,WECC_PNW,100.0,100.0,0.0,0.0,226.15953493295757,0.2581729850832849,0.019486080052658724
nuc_pessimistic,157,169,nuclear,WECC_PNW,1163.0,1163.0,0.0,0.0,25.983246918034066,0.0025504076331910137,0.002238736605214988
nuc_pessimistic,158,170,onshore_wind_turbine,WECC_PNW,5254.0,5254.0,0.0,0.0,41017.9935331794,0.8912103831561992,3.5341419755921804
nuc_pessimistic,159,171,solar_photovoltaic,WECC_PNW,209.9,209.9,0.0,0.0,480.8567350622569,0.2615165381331058,0.04143098736058543
nuc_moderate,1,1,biomass,CA_N,36.72,36.72,0.0,0.0,136.4245973802148,0.42411721611720066,0.011754448586439868
nuc_moderate,2,2,biomass,CA_N,0.0,33.06,0.0,33.06,0.0,0.0,0.0
nuc_moderate,3,3,conventional_hydroelectric,CA_N,0.0,6607.44,0.0,6607.44,0.0,0.0,0.0
nuc_moderate,4,4,geothermal,CA_N,542.55,542.55,0.0,0.0,4355.190805239672,0.9163540690102572,0.3752466005939607
nuc_moderate,5,5,geothermal,CA_N,100.32,100.32,0.0,0.0,824.2619885129875,0.9379369448279063,0.07101904899693495
nuc_moderate,6,6,hydroelectric_pumped_storage,CA_N,615.15,615.15,0.0,0.0,1285.0472858866915,0.23847012216396926,0.11072066579754362
nuc_moderate,7,7,hydroelectric_pumped_storage,CA_N,1175.8,1175.8,0.0,0.0,2357.609995469516,0.22889399653568387,0.20313349653060578
nuc_moderate,8,8,onshore_wind_turbine,CA_N,1327.6,1327.6,0.0,0.0,1280.112999818387,0.11007202544729898,0.11029552390220765
nuc_moderate,9,9,small_hydroelectric,CA_N,231.4,231.4,0.0,0.0,738.2789313455343,0.3642109629224999,0.06361068243996446
nuc_moderate,10,10,small_hydroelectric,CA_N,1.95,1.95,0.0,0.0,4.659616071428524,0.2727793040293013,0.0004014761164477425
nuc_moderate,11,11,solar_photovoltaic,CA_N,2787.1,2787.1,0.0,0.0,4315.339825558181,0.1767495610303676,0.3718130094323915
nuc_moderate,12,12,biomass,CA_S,0.0,67.2,0.0,67.2,0.0,0.0,0.0
nuc_moderate,13,13,biomass,CA_S,0.0,38.1,0.0,38.1,0.0,0.0,0.0
nuc_moderate,14,14,conventional_hydroelectric,CA_S,0.0,1396.0,0.0,1396.0,0.0,0.0,0.0
nuc_moderate,15,15,geothermal,CA_S,535.15,535.15,0.0,0.0,4327.1308833246085,0.9230397322400983,0.37282893606847267
nuc_moderate,16,16,geothermal,CA_S,73.02,73.02,0.0,0.0,636.5768593500048,0.9951875000000076,0.05484795343535441
nuc_moderate,17,17,hydroelectric_pumped_storage,CA_S,1623.0,1623.0,0.0,0.0,2476.159026192535,0.17416300400581078,0.2133477724996408
nuc_moderate,18,18,hydroelectric_pumped_storage,CA_S,42.0,42.0,0.0,0.0,103.25441247640636,0.2806436520885148,0.008896479858352818
nuc_moderate,19,19,onshore_wind_turbine,CA_S,4735.6,4735.6,0.0,0.0,5575.335001880445,0.134397704058187,0.48037516613764714
nuc_moderate,20,20,small_hydroelectric,CA_S,126.44,126.44,0.0,0.0,365.6454759788809,0.3301198286866629,0.03150429637171432
nuc_moderate,21,21,small_hydroelectric,CA_S,7.0,7.0,0.0,0.0,7.637730288461482,0.12455528846153754,0.000658072735539076
nuc_moderate,22,22,solar_photovoltaic,CA_S,9520.0,9520.0,0.0,0.0,7278.465974193097,0.08727679739593043,0.6271182449845542
nuc_moderate,23,23,biomass,WECC_N,6.24,6.24,0.0,0.0,20.4868242857143,0.3747882326007328,0.0017651605897338013
nuc_moderate,24,24,biomass,WECC_N,0.0,13.8,0.0,13.8,0.0,0.0,0.0
nuc_moderate,25,25,conventional_hydroelectric,WECC_N,0.0,4648.1,0.0,4648.1,0.0,0.0,0.0
nuc_moderate,26,26,geothermal,WECC_N,165.24,165.24,0.0,0.0,449.156957898578,0.31029790202667573,0.03869971009807248
nuc_moderate,27,27,geothermal,WECC_N,215.16,215.16,0.0,0.0,1697.946385795175,0.9008621309506397,0.14629637087171846
nuc_moderate,28,28,onshore_wind_turbine,WECC_N,3893.9,3893.9,0.0,0.0,2501.4797196432014,0.07333445790117106,0.21552942298682798
nuc_moderate,29,29,solar_photovoltaic,WECC_N,1185.7,1185.7,0.0,0.0,669.8710540627658,0.06449295640464833,0.05771660694427672
nuc_moderate,30,30,biomass,WECC_NMAZ,0.0,3.54,0.0,3.54,0.0,0.0,0.0
nuc_moderate,31,31,biomass,WECC_NMAZ,0.0,11.4,0.0,11.4,0.0,0.0,0.0
nuc_moderate,32,32,conventional_hydroelectric,WECC_NMAZ,0.0,3960.0,0.0,3960.0,0.0,0.0,0.0
nuc_moderate,33,33,geothermal,WECC_NMAZ,0.68,0.68,0.0,0.0,5.906184928571644,0.9915029761905124,0.0005088814511316985
nuc_moderate,34,34,geothermal,WECC_NMAZ,2.66,2.66,0.0,0.0,23.089549038461993,0.9908997252747447,0.0019894133629016998
nuc_moderate,35,35,hydroelectric_pumped_storage,WECC_NMAZ,119.0,119.0,0.0,0.0,289.7704686645113,0.27797328255296355,0.02496684719026744
nuc_moderate,36,36,hydroelectric_pumped_storage,WECC_NMAZ,97.3,97.3,0.0,0.0,245.98925683409007,0.28860190536505054,0.021194624193864055
nuc_moderate,37,37,nuclear,WECC_NMAZ,4002.99,4002.99,0.0,0.0,54.84421287366833,0.0015640196188984675,0.00472541970338841
nuc_moderate,38,38,onshore_wind_turbine,WECC_NMAZ,0.0,1235.1,0.0,1235.1,0.0,0.0,0.0
nuc_moderate,39,39,solar_photovoltaic,WECC_NMAZ,6266.4,6266.4,0.0,0.0,2756.123114853956,0.050208401371312286,0.2374696944214527
nuc_moderate,40,40,biomass,WECC_WYCO,0.0,4.8,0.0,4.8,0.0,0.0,0.0
nuc_moderate,41,41,biomass,WECC_WYCO,0.0,8.04,0.0,8.04,0.0,0.0,0.0
nuc_moderate,42,42,conventional_hydroelectric,WECC_WYCO,0.0,961.87,0.0,961.87,0.0,0.0,0.0
nuc_moderate,43,43,hydroelectric_pumped_storage,WECC_WYCO,324.0,324.0,0.0,0.0,722.1572325894841,0.25443839583315153,0.06222162443434746
nuc_moderate,44,44,hydroelectric_pumped_storage,WECC_WYCO,238.5,238.5,0.0,0.0,561.6325225631931,0.2688188748950313,0.048390691544741925
nuc_moderate,45,45,onshore_wind_turbine,WECC_WYCO,5751.7,5751.7,0.0,0.0,24732.688651619912,0.4908750950904075,2.130987539949691
nuc_moderate,46,46,solar_photovoltaic,WECC_WYCO,593.1,593.1,0.0,0.0,1219.1482410917217,0.23465212213894368,0.10504275324502096
nuc_moderate,47,47,naturalgas_ccccsavgcf,CA_N,0.0,0.0,0.0,0.0,0.0,0.0,0.0
nuc_moderate,48,48,new_onshore_wind,CA_N,0.0,0.0,0.0,0.0,0.0,0.0,0.0
nuc_moderate,49,49,new_floating_offshore_wind,CA_N,0.0,0.0,0.0,0.0,0.0,0.0,0.0
nuc_moderate,50,50,new_floating_offshore_wind,CA_N,0.0,0.0,0.0,0.0,0.0,0.0,0.0
nuc_moderate,51,51,new_floating_offshore_wind,CA_N,0.0,0.0,0.0,0.0,0.0,0.0,0.0
nuc_moderate,52,52,new_floating_offshore_wind,CA_N,0.0,0.0,0.0,0.0,-5.471959881545914e-15,-5.471959881545914e-12,-4.714682859970905e-19
nuc_moderate,53,53,new_floating_offshore_wind,CA_N,0.0,0.0,0.0,0.0,0.0,0.0,0.0
nuc_moderate,54,54,new_utility_pv,CA_N,0.0,0.0,0.0,0.0,0.0,0.0,0.0
nuc_moderate,55,55,new_utility_pv,CA_N,0.0,0.0,0.0,0.0,0.0,0.0,0.0
nuc_moderate,56,56,new_utility_pv,CA_N,0.0,0.0,0.0,0.0,0.0,0.0,0.0
nuc_moderate,57,57,new_utility_pv,CA_N,14825.834709930787,0.0,14825.834709930787,0.0,121074.91752456476,0.9322468439299072,10.431908325033042
nuc_moderate,58,58,battery,CA_N,35919.400769694184,0.0,35919.400769694184,0.0,26677.300518618424,0.08478298287901764,2.298536799028757
nuc_moderate,59,59,nuclear,CA_N,0.0,0.0,0.0,0.0,0.0,0.0,0.0
nuc_moderate,60,60,naturalgas_ccs100,CA_N,0.0,0.0,0.0,0.0,0.0,0.0,0.0
nuc_moderate,61,61,naturalgas_ccccsavgcf,CA_S,0.0,0.0,0.0,0.0,0.0,0.0,0.0
nuc_moderate,62,62,new_onshore_wind,CA_S,0.0,0.0,0.0,0.0,0.0,0.0,0.0
nuc_moderate,63,63,new_onshore_wind,CA_S,0.0,0.0,0.0,0.0,0.0,0.0,0.0
nuc_moderate,64,64,new_onshore_wind,CA_S,0.0,0.0,0.0,0.0,0.0,0.0,0.0
nuc_moderate,65,65,new_utility_pv,CA_S,0.0,0.0,0.0,0.0,0.0,0.0,0.0
nuc_moderate,66,66,new_utility_pv,CA_S,0.0,0.0,0.0,0.0,0.0,0.0,0.0
nuc_moderate,67,67,new_utility_pv,CA_S,0.0,0.0,0.0,0.0,0.0,0.0,0.0
nuc_moderate,68,68,new_utility_pv,CA_S,0.0,0.0,0.0,0.0,0.0,0.0,0.0
nuc_moderate,69,69,new_utility_pv,CA_S,20451.59,0.0,20451.59,0.0,141213.75024928388,0.7882170102347775,12.167085693333302
nuc_moderate,70,70,new_utility_pv,CA_S,17116.833140982177,0.0,17116.833140982177,0.0,93519.06610487502,0.6236955393439606,8.057674902407646
nuc_moderate,71,71,new_utility_pv,CA_S,0.0,0.0,0.0,0.0,0.0,0.0,0.0
nuc_moderate,72,72,new_utility_pv,CA_S,0.0,0.0,0.0,0.0,0.0,0.0,0.0
nuc_moderate,73,73,new_utility_pv,CA_S,0.0,0.0,0.0,0.0,0.0,0.0,0.0
nuc_moderate,74,74,new_utility_pv,CA_S,0.0,0.0,0.0,0.0,0.0,0.0,0.0
nuc_moderate,75,75,battery,CA_S,0.0,0.0,0.0,0.0,0.0,0.0,0.0
nuc_moderate,76,76,nuclear,CA_S,0.0,0.0,0.0,0.0,0.0,0.0,0.0
nuc_moderate,77,77,naturalgas_ccs100,CA_S,0.0,0.0,0.0,0.0,0.0,0.0,0.0
nuc_moderate,78,78,naturalgas_ccccsavgcf,WECC_N,0.0,0.0,0.0,0.0,0.0,0.0,0.0
nuc_moderate,79,79,new_onshore_wind,WECC_N,0.0,0.0,0.0,0.0,0.0,0.0,0.0
nuc_moderate,80,80,new_onshore_wind,WECC_N,0.0,0.0,0.0,0.0,0.0,0.0,0.0
nuc_moderate,81,81,new_onshore_wind,WECC_N,0.0,0.0,0.0,0.0,0.0,0.0,0.0
nuc_moderate,82,82,new_onshore_wind,WECC_N,0.0,0.0,0.0,0.0,0.0,0.0,0.0
nuc_moderate,83,83,new_onshore_wind,WECC_N,0.0,0.0,0.0,0.0,0.0,0.0,0.0
nuc_moderate,84,84,new_onshore_wind,WECC_N,0.0,0.0,0.0,0.0,0.0,0.0,0.0
nuc_moderate,85,85,new_utility_pv,WECC_N,0.0,0.0,0.0,0.0,0.0,0.0,0.0
nuc_moderate,86,86,new_utility_pv,WECC_N,25730.921628494794,0.0,25730.921628494794,0.0,186685.46324483212,0.8282301834688515,16.084963574650306
nuc_moderate,87,87,new_utility_pv,WECC_N,0.0,0.0,0.0,0.0,0.0,0.0,0.0
nuc_moderate,88,88,new_utility_pv,WECC_N,0.0,0.0,0.0,0.0,0.0,0.0,0.0
nuc_moderate,89,89,new_utility_pv,WECC_N,0.0,0.0,0.0,0.0,0.0,0.0,0.0
nuc_moderate,90,90,new_utility_pv,WECC_N,0.0,0.0,0.0,0.0,0.0,0.0,0.0
nuc_moderate,91,91,new_utility_pv,WECC_N,0.0,0.0,0.0,0.0,0.0,0.0,0.0
nuc_moderate,92,92,new_utility_pv,WECC_N,0.0,0.0,0.0,0.0,0.0,0.0,0.0
nuc_moderate,93,93,battery,WECC_N,0.0,0.0,0.0,0.0,0.0,0.0,0.0
nuc_moderate,94,94,nuclear,WECC_N,0.0,0.0,0.0,0.0,0.0,0.0,0.0
nuc_moderate,95,95,naturalgas_ccs100,WECC_N,0.0,0.0,0.0,0.0,0.0,0.0,0.0
nuc_moderate,96,96,naturalgas_ccccsavgcf,WECC_NMAZ,0.0,0.0,0.0,0.0,0.0,0.0,0.0
nuc_moderate,97,97,new_onshore_wind,WECC_NMAZ,0.0,0.0,0.0,0.0,0.0,0.0,0.0
nuc_moderate,98,98,new_onshore_wind,WECC_NMAZ,0.0,0.0,0.0,0.0,0.0,0.0,0.0
nuc_moderate,99,99,new_onshore_wind,WECC_NMAZ,0.0,0.0,0.0,0.0,0.0,0.0,0.0
nuc_moderate,100,100,new_onshore_wind,WECC_NMAZ,0.0,0.0,0.0,0.0,0.0,0.0,0.0
nuc_moderate,101,101,new_onshore_wind,WECC_NMAZ,0.0,0.0,0.0,0.0,0.0,0.0,0.0
nuc_moderate,102,102,new_onshore_wind,WECC_NMAZ,0.0,0.0,0.0,0.0,0.0,0.0,0.0
nuc_moderate,103,103,new_onshore_wind,WECC_NMAZ,0.0,0.0,0.0,0.0,0.0,0.0,0.0
nuc_moderate,104,104,new_utility_pv,WECC_NMAZ,39157.765357503195,0.0,39157.765357503195,0.0,214087.3796441511,0.6241213809416748,18.445933837131953
nuc_moderate,105,105,new_utility_pv,WECC_NMAZ,0.0,0.0,0.0,0.0,0.0,0.0,0.0
nuc_moderate,106,106,new_utility_pv,WECC_NMAZ,0.0,0.0,0.0,0.0,0.0,0.0,0.0
nuc_moderate,107,107,new_utility_pv,WECC_NMAZ,0.0,0.0,0.0,0.0,0.0,0.0,0.0
nuc_moderate,108,108,new_utility_pv,WECC_NMAZ,0.0,0.0,0.0,0.0,0.0,0.0,0.0
nuc_moderate,109,109,new_utility_pv,WECC_NMAZ,0.0,0.0,0.0,0.0,0.0,0.0,0.0
nuc_moderate,110,110,new_utility_pv,WECC_NMAZ,0.0,0.0,0.0,0.0,0.0,0.0,0.0
nuc_moderate,111,111,new_utility_pv,WECC_NMAZ,0.0,0.0,0.0,0.0,0.0,0.0,0.0
nuc_moderate,112,112,new_utility_pv,WECC_NMAZ,0.0,0.0,0.0,0.0,0.0,0.0,0.0
nuc_moderate,113,113,new_utility_pv,WECC_NMAZ,0.0,0.0,0.0,0.0,0.0,0.0,0.0
nuc_moderate,114,114,new_utility_pv,WECC_NMAZ,0.0,0.0,0.0,0.0,0.0,0.0,0.0
nuc_moderate,115,115,new_utility_pv,WECC_NMAZ,0.0,0.0,0.0,0.0,0.0,0.0,0.0
nuc_moderate,116,116,battery,WECC_NMAZ,0.0,0.0,0.0,0.0,0.0,0.0,0.0
nuc_moderate,117,117,nuclear,WECC_NMAZ,0.0,0.0,0.0,0.0,0.0,0.0,0.0
nuc_moderate,118,118,naturalgas_ccs100,WECC_NMAZ,0.0,0.0,0.0,0.0,0.0,0.0,0.0
nuc_moderate,119,119,naturalgas_ccccsavgcf,WECC_PNW,0.0,0.0,0.0,0.0,0.0,0.0,0.0
nuc_moderate,120,120,new_onshore_wind,WECC_PNW,0.0,0.0,0.0,0.0,0.0,0.0,0.0
nuc_moderate,121,121,new_floating_offshore_wind,WECC_PNW,0.0,0.0,0.0,0.0,0.0,0.0,0.0
nuc_moderate,122,122,new_floating_offshore_wind,WECC_PNW,0.0,0.0,0.0,0.0,0.0,0.0,0.0
nuc_moderate,123,123,new_floating_offshore_wind,WECC_PNW,0.0,0.0,0.0,0.0,0.0,0.0,0.0
nuc_moderate,124,124,new_utility_pv,WECC_PNW,0.0,0.0,0.0,0.0,0.0,0.0,0.0
nuc_moderate,125,125,battery,WECC_PNW,0.0,0.0,0.0,0.0,6.839949851932393e-16,6.839949851932393e-13,5.893353574963631e-20
nuc_moderate,126,126,nuclear,WECC_PNW,0.0,0.0,0.0,0.0,0.0,0.0,0.0
nuc_moderate,127,127,naturalgas_ccs100,WECC_PNW,0.0,0.0,0.0,0.0,0.0,0.0,0.0
nuc_moderate,128,128,naturalgas_ccccsavgcf,WECC_WYCO,0.0,0.0,0.0,0.0,0.0,0.0,0.0
nuc_moderate,129,129,new_onshore_wind,WECC_WYCO,0.0,0.0,0.0,0.0,0.0,0.0,0.0
nuc_moderate,130,130,new_onshore_wind,WECC_WYCO,0.0,0.0,0.0,0.0,0.0,0.0,0.0
nuc_moderate,131,131,new_onshore_wind,WECC_WYCO,0.0,0.0,0.0,0.0,0.0,0.0,0.0
nuc_moderate,132,132,new_onshore_wind,WECC_WYCO,0.0,0.0,0.0,0.0,0.0,0.0,0.0
nuc_moderate,133,133,new_onshore_wind,WECC_WYCO,0.0,0.0,0.0,0.0,0.0,0.0,0.0
nuc_moderate,134,134,new_onshore_wind,WECC_WYCO,0.0,0.0,0.0,0.0,0.0,0.0,0.0
nuc_moderate,135,135,new_onshore_wind,WECC_WYCO,0.0,0.0,0.0,0.0,0.0,0.0,0.0
nuc_moderate,136,136,new_utility_pv,WECC_WYCO,0.0,0.0,0.0,0.0,0.0,0.0,0.0
nuc_moderate,137,137,new_utility_pv,WECC_WYCO,13395.625497280515,0.0,13395.625497280515,0.0,78000.12519382099,0.664703852939217,6.720550977851808
nuc_moderate,138,138,new_utility_pv,WECC_WYCO,0.0,0.0,0.0,0.0,0.0,0.0,0.0
nuc_moderate,139,139,new_utility_pv,WECC_WYCO,0.0,0.0,0.0,0.0,0.0,0.0,0.0
nuc_moderate,140,140,new_utility_pv,WECC_WYCO,0.0,0.0,0.0,0.0,0.0,0.0,0.0
nuc_moderate,141,141,battery,WECC_WYCO,5646.157058314514,0.0,5646.157058314514,0.0,4548.589621217094,0.09196439014838549,0.39190999182061237
nuc_moderate,142,142,nuclear,WECC_WYCO,0.0,0.0,0.0,0.0,0.0,0.0,0.0
nuc_moderate,143,143,naturalgas_ccs100,WECC_WYCO,0.0,0.0,0.0,0.0,0.0,0.0,0.0
nuc_moderate,144,156,new_biogas_CCGT,CA_N,0.0,0.0,0.0,0.0,0.0,0.0,0.0
nuc_moderate,145,157,new_biogas_CCGT,CA_S,0.0,0.0,0.0,0.0,0.0,0.0,0.0
nuc_moderate,146,158,new_biogas_CCGT,WECC_N,0.0,0.0,0.0,0.0,0.0,0.0,0.0
nuc_moderate,147,159,new_biogas_CCGT,WECC_NMAZ,0.0,0.0,0.0,0.0,0.0,0.0,0.0
nuc_moderate,148,160,new_biogas_CCGT,WECC_PNW,0.0,0.0,0.0,0.0,0.0,0.0,0.0
nuc_moderate,149,161,new_biogas_CCGT,WECC_WYCO,0.0,0.0,0.0,0.0,0.0,0.0,0.0
nuc_moderate,150,162,biomass,WECC_PNW,0.0,28.4,0.0,28.4,0.0,0.0,0.0
nuc_moderate,151,163,biomass,WECC_PNW,0.0,74.43,0.0,74.43,0.0,0.0,0.0
nuc_moderate,152,164,conventional_hydroelectric,WECC_PNW,29850.0,29850.0,0.0,0.0,236985.01365148695,0.9063009631547653,20.418811652854792
nuc_moderate,153,165,geothermal,WECC_PNW,14.49,14.49,0.0,0.0,27.701077584132477,0.2182348839550223,0.002386746221021938
nuc_moderate,154,166,geothermal,WECC_PNW,1.17,1.17,0.0,0.0,9.793148142857635,0.9555036630037111,0.0008437852011671291
nuc_moderate,155,167,hydroelectric_pumped_storage,WECC_PNW,214.0,214.0,0.0,0.0,444.458840610952,0.23709023631788076,0.038294916687126535
nuc_moderate,156,168,hydroelectric_pumped_storage,WECC_PNW,100.0,100.0,0.0,0.0,214.9489855899814,0.2453755543264628,0.01852017047030894
nuc_moderate,157,169,nuclear,WECC_PNW,1163.0,1163.0,0.0,0.0,25.65629120879122,0.0025183150183150193,0.002210565849001377
nuc_moderate,158,170,onshore_wind_turbine,WECC_PNW,5254.0,5254.0,0.0,0.0,33160.85026240383,0.7204958488336747,2.8571644481802694
nuc_moderate,159,171,solar_photovoltaic,WECC_PNW,209.9,209.9,0.0,0.0,423.19606252279686,0.2301574692682517,0.03646289931898625
pessimistic_all,1,1,biomass,CA_N,36.72,36.72,0.0,0.0,135.9563830813139,0.4226616300366151,0.011714106881134861
pessimistic_all,2,2,biomass,CA_N,0.0,33.06,0.0,33.06,0.0,0.0,0.0
pessimistic_all,3,3,conventional_hydroelectric,CA_N,0.0,6607.44,0.0,6607.44,0.0,0.0,0.0
pessimistic_all,4,4,geothermal,CA_N,542.55,542.55,0.0,0.0,3931.1282174205135,0.827129165845143,0.33870904078675956
pessimistic_all,5,5,geothermal,CA_N,100.32,100.32,0.0,0.0,684.9985834798056,0.7794675571047143,0.0590200065524638
pessimistic_all,6,6,hydroelectric_pumped_storage,CA_N,615.15,615.15,0.0,0.0,1660.8937147956233,0.30821708385258956,0.14310388414558453
pessimistic_all,7,7,hydroelectric_pumped_storage,CA_N,1175.8,1175.8,0.0,0.0,2761.7660001854247,0.26813241311904074,0.23795588977611493
pessimistic_all,8,8,onshore_wind_turbine,CA_N,1327.6,1327.6,0.0,0.0,1553.7810343619399,0.13360369403176295,0.13387497294268372
pessimistic_all,9,9,small_hydroelectric,CA_N,231.4,231.4,0.0,0.0,992.540257465411,0.4896442625715868,0.08551803450688397
pessimistic_all,10,10,small_hydroelectric,CA_N,1.95,1.95,0.0,0.0,9.626223214285755,0.5635302197802222,0.0008294028205087136
pessimistic_all,11,11,solar_photovoltaic,CA_N,2787.1,2787.1,0.0,0.0,4729.106755593643,0.1936968064870313,0.4074634874199942
pessimistic_all,12,12,biomass,CA_S,0.0,67.2,0.0,67.2,0.0,0.0,0.0
pessimistic_all,13,13,biomass,CA_S,0.0,38.1,0.0,38.1,0.0,0.0,0.0
pessimistic_all,14,14,conventional_hydroelectric,CA_S,0.0,1396.0,0.0,1396.0,0.0,0.0,0.0
pessimistic_all,15,15,geothermal,CA_S,0.0,535.15,0.0,535.15,0.0,0.0,0.0
pessimistic_all,16,16,geothermal,CA_S,0.0,73.02,0.0,73.02,0.0,0.0,0.0
pessimistic_all,17,17,hydroelectric_pumped_storage,CA_S,1623.0,1623.0,0.0,0.0,4279.809520033709,0.3010244797273293,0.3687516908903698
pessimistic_all,18,18,hydroelectric_pumped_storage,CA_S,42.0,42.0,0.0,0.0,106.92736656923019,0.29062667582417423,0.009212944417336466
pessimistic_all,19,19,onshore_wind_turbine,CA_S,4735.6,4735.6,0.0,0.0,11229.834688035155,0.2707037332314324,0.9675712225621844
pessimistic_all,20,20,small_hydroelectric,CA_S,126.44,126.44,0.0,0.0,649.9247848092102,0.5867789230703485,0.05599802099324933
pessimistic_all,21,21,small_hydroelectric,CA_S,7.0,7.0,0.0,0.0,22.456238942307618,0.36621394230769105,0.0019348468763041773
pessimistic_all,22,22,solar_photovoltaic,CA_S,9520.0,9520.0,0.0,0.0,12015.13854834478,0.14407470152172763,1.0352336091699015
pessimistic_all,23,23,biomass,WECC_N,6.24,6.24,0.0,0.0,20.46332245714287,0.37435828754578776,0.0017631356540481914
pessimistic_all,24,24,biomass,WECC_N,0.0,13.8,0.0,13.8,0.0,0.0,0.0
pessimistic_all,25,25,conventional_hydroelectric,WECC_N,0.0,4648.1,0.0,4648.1,0.0,0.0,0.0
pessimistic_all,26,26,geothermal,WECC_N,0.0,165.24,0.0,165.24,0.0,0.0,0.0
pessimistic_all,27,27,geothermal,WECC_N,0.0,215.16,0.0,215.16,0.0,0.0,0.0
pessimistic_all,28,28,onshore_wind_turbine,WECC_N,3893.9,3893.9,0.0,0.0,6709.331271209999,0.1966936480795216,0.5780811597855492
pessimistic_all,29,29,solar_photovoltaic,WECC_N,1185.7,1185.7,0.0,0.0,1848.096763617178,0.17792860772928176,0.15923344329293582
pessimistic_all,30,30,biomass,WECC_NMAZ,0.0,3.54,0.0,3.54,0.0,0.0,0.0
pessimistic_all,31,31,biomass,WECC_NMAZ,0.0,11.4,0.0,11.4,0.0,0.0,0.0
pessimistic_all,32,32,conventional_hydroelectric,WECC_NMAZ,0.0,3960.0,0.0,3960.0,0.0,0.0,0.0
pessimistic_all,33,33,geothermal,WECC_NMAZ,0.0,0.68,0.0,0.68,0.0,0.0,0.0
pessimistic_all,34,34,geothermal,WECC_NMAZ,0.0,2.66,0.0,2.66,0.0,0.0,0.0
pessimistic_all,35,35,hydroelectric_pumped_storage,WECC_NMAZ,119.0,119.0,0.0,0.0,380.5352503894215,0.36504283257494097,0.03278721082507059
pessimistic_all,36,36,hydroelectric_pumped_storage,WECC_NMAZ,97.3,97.3,0.0,0.0,239.12795795107684,0.28055202564102555,0.02060344938737514
pessimistic_all,37,37,nuclear,WECC_NMAZ,4002.99,4002.99,0.0,0.0,36.12588502747253,0.0010302197802197802,0.0031126341315972075
pessimistic_all,38,38,onshore_wind_turbine,WECC_NMAZ,0.0,1235.1,0.0,1235.1,0.0,0.0,0.0
pessimistic_all,39,39,solar_photovoltaic,WECC_NMAZ,6266.4,6266.4,0.0,0.0,7151.800348029225,0.13028462352283907,0.6162046368889191
pessimistic_all,40,40,biomass,WECC_WYCO,0.0,4.8,0.0,4.8,0.0,0.0,0.0
pessimistic_all,41,41,biomass,WECC_WYCO,0.0,8.04,0.0,8.04,0.0,0.0,0.0
pessimistic_all,42,42,conventional_hydroelectric,WECC_WYCO,0.0,961.87,0.0,961.87,0.0,0.0,0.0
pessimistic_all,43,43,hydroelectric_pumped_storage,WECC_WYCO,324.0,324.0,0.0,0.0,882.490993492114,0.31092895367978535,0.07603610500010669
pessimistic_all,44,44,hydroelectric_pumped_storage,WECC_WYCO,238.5,238.5,0.0,0.0,414.8378487940282,0.1985573115811475,0.035742749174247496
pessimistic_all,45,45,onshore_wind_turbine,WECC_WYCO,5751.7,5751.7,0.0,0.0,35285.2040231157,0.7003131816401572,3.0402004075249383
pessimistic_all,46,46,solar_photovoltaic,WECC_WYCO,593.1,593.1,0.0,0.0,3919.453755838741,0.754385816616882,0.3377031601679232
pessimistic_all,47,47,naturalgas_ccccsavgcf,CA_N,0.0,0.0,0.0,0.0,0.0,0.0,0.0
pessimistic_all,48,48,new_onshore_wind,CA_N,0.0,0.0,0.0,0.0,0.0,0.0,0.0
pessimistic_all,49,49,new_floating_offshore_wind,CA_N,0.0,0.0,0.0,0.0,0.0,0.0,0.0
pessimistic_all,50,50,new_floating_offshore_wind,CA_N,0.0,0.0,0.0,0.0,0.0,0.0,0.0
pessimistic_all,51,51,new_floating_offshore_wind,CA_N,0.0,0.0,0.0,0.0,-7.295946508727886e-15,-7.295946508727886e-12,-6.28624381329454e-19
pessimistic_all,52,52,new_floating_offshore_wind,CA_N,0.0,0.0,0.0,0.0,0.0,0.0,0.0
pessimistic_all,53,53,new_floating_offshore_wind,CA_N,0.0,0.0,0.0,0.0,0.0,0.0,0.0
pessimistic_all,54,54,new_utility_pv,CA_N,0.0,0.0,0.0,0.0,0.0,0.0,0.0
pessimistic_all,55,55,new_utility_pv,CA_N,0.0,0.0,0.0,0.0,0.0,0.0,0.0
pessimistic_all,56,56,new_utility_pv,CA_N,0.0,0.0,0.0,0.0,0.0,0.0,0.0
pessimistic_all,57,57,new_utility_pv,CA_N,20046.180479999995,0.0,20046.180479999995,0.0,142644.92895454608,0.8123077463620204,12.290397154990961
pessimistic_all,58,58,battery,CA_N,26629.412070000002,0.0,26629.412070000002,0.0,15208.200581958637,0.06519467843604529,1.3103502980088193
pessimistic_all,59,59,nuclear,CA_N,0.0,0.0,0.0,0.0,0.0,0.0,0.0
pessimistic_all,60,60,naturalgas_ccs100,CA_N,0.0,0.0,0.0,0.0,0.0,0.0,0.0
pessimistic_all,61,61,naturalgas_ccccsavgcf,CA_S,0.0,0.0,0.0,0.0,0.0,0.0,0.0
pessimistic_all,62,62,new_onshore_wind,CA_S,0.0,0.0,0.0,0.0,0.0,0.0,0.0
pessimistic_all,63,63,new_onshore_wind,CA_S,0.0,0.0,0.0,0.0,0.0,0.0,0.0
pessimistic_all,64,64,new_onshore_wind,CA_S,0.0,0.0,0.0,0.0,0.0,0.0,0.0
pessimistic_all,65,65,new_utility_pv,CA_S,0.0,0.0,0.0,0.0,0.0,0.0,0.0
pessimistic_all,66,66,new_utility_pv,CA_S,0.0,0.0,0.0,0.0,0.0,0.0,0.0
pessimistic_all,67,67,new_utility_pv,CA_S,0.0,0.0,0.0,0.0,0.0,0.0,0.0
pessimistic_all,68,68,new_utility_pv,CA_S,0.0,0.0,0.0,0.0,0.0,0.0,0.0
pessimistic_all,69,69,new_utility_pv,CA_S,20451.59,0.0,20451.59,0.0,107953.24723358743,0.60256586649235,9.301335087029283
pessimistic_all,70,70,new_utility_pv,CA_S,19525.137043312217,0.0,19525.137043312217,0.0,120961.64795671587,0.7072117993519867,10.422148931659299
pessimistic_all,71,71,new_utility_pv,CA_S,0.0,0.0,0.0,0.0,0.0,0.0,0.0
pessimistic_all,72,72,new_utility_pv,CA_S,0.0,0.0,0.0,0.0,0.0,0.0,0.0
pessimistic_all,73,73,new_utility_pv,CA_S,0.0,0.0,0.0,0.0,0.0,0.0,0.0
pessimistic_all,74,74,new_utility_pv,CA_S,0.0,0.0,0.0,0.0,0.0,0.0,0.0
pessimistic_all,75,75,battery,CA_S,0.0,0.0,0.0,0.0,0.0,0.0,0.0
pessimistic_all,76,76,nuclear,CA_S,0.0,0.0,0.0,0.0,0.0,0.0,0.0
pessimistic_all,77,77,naturalgas_ccs100,CA_S,0.0,0.0,0.0,0.0,0.0,0.0,0.0
pessimistic_all,78,78,naturalgas_ccccsavgcf,WECC_N,0.0,0.0,0.0,0.0,0.0,0.0,0.0
pessimistic_all,79,79,new_onshore_wind,WECC_N,0.0,0.0,0.0,0.0,0.0,0.0,0.0
pessimistic_all,80,80,new_onshore_wind,WECC_N,0.0,0.0,0.0,0.0,0.0,0.0,0.0
pessimistic_all,81,81,new_onshore_wind,WECC_N,0.0,0.0,0.0,0.0,0.0,0.0,0.0
pessimistic_all,82,82,new_onshore_wind,WECC_N,0.0,0.0,0.0,0.0,0.0,0.0,0.0
pessimistic_all,83,83,new_onshore_wind,WECC_N,0.0,0.0,0.0,0.0,0.0,0.0,0.0
pessimistic_all,84,84,new_onshore_wind,WECC_N,0.0,0.0,0.0,0.0,0.0,0.0,0.0
pessimistic_all,85,85,new_utility_pv,WECC_N,0.0,0.0,0.0,0.0,0.0,0.0,0.0
pessimistic_all,86,86,new_utility_pv,WECC_N,26992.498025933997,0.0,26992.498025933997,0.0,131943.36695134465,0.5580079389584984,11.36834231461162
pessimistic_all,87,87,new_utility_pv,WECC_N,0.0,0.0,0.0,0.0,0.0,0.0,0.0
pessimistic_all,88,88,new_utility_pv,WECC_N,0.0,0.0,0.0,0.0,0.0,0.0,0.0
pessimistic_all,89,89,new_utility_pv,WECC_N,0.0,0.0,0.0,0.0,0.0,0.0,0.0
pessimistic_all,90,90,new_utility_pv,WECC_N,0.0,0.0,0.0,0.0,0.0,0.0,0.0
pessimistic_all,91,91,new_utility_pv,WECC_N,0.0,0.0,0.0,0.0,0.0,0.0,0.0
pessimistic_all,92,92,new_utility_pv,WECC_N,0.0,0.0,0.0,0.0,0.0,0.0,0.0
pessimistic_all,93,93,battery,WECC_N,0.0,0.0,0.0,0.0,0.0,0.0,0.0
pessimistic_all,94,94,nuclear,WECC_N,0.0,0.0,0.0,0.0,0.0,0.0,0.0
pessimistic_all,95,95,naturalgas_ccs100,WECC_N,0.0,0.0,0.0,0.0,0.0,0.0,0.0
pessimistic_all,96,96,naturalgas_ccccsavgcf,WECC_NMAZ,0.0,0.0,0.0,0.0,0.0,0.0,0.0
pessimistic_all,97,97,new_onshore_wind,WECC_NMAZ,0.0,0.0,0.0,0.0,0.0,0.0,0.0
pessimistic_all,98,98,new_onshore_wind,WECC_NMAZ,0.0,0.0,0.0,0.0,0.0,0.0,0.0
pessimistic_all,99,99,new_onshore_wind,WECC_NMAZ,0.0,0.0,0.0,0.0,0.0,0.0,0.0
pessimistic_all,100,100,new_onshore_wind,WECC_NMAZ,0.0,0.0,0.0,0.0,0.0,0.0,0.0
pessimistic_all,101,101,new_onshore_wind,WECC_NMAZ,0.0,0.0,0.0,0.0,0.0,0.0,0.0
pessimistic_all,102,102,new_onshore_wind,WECC_NMAZ,0.0,0.0,0.0,0.0,0.0,0.0,0.0
pessimistic_all,103,103,new_onshore_wind,WECC_NMAZ,0.0,0.0,0.0,0.0,0.0,0.0,0.0
pessimistic_all,104,104,new_utility_pv,WECC_NMAZ,41235.9608820632,0.0,41235.9608820632,0.0,203273.5245294479,0.562730678435124,17.514203735611243
pessimistic_all,105,105,new_utility_pv,WECC_NMAZ,0.0,0.0,0.0,0.0,0.0,0.0,0.0
pessimistic_all,106,106,new_utility_pv,WECC_NMAZ,0.0,0.0,0.0,0.0,0.0,0.0,0.0
pessimistic_all,107,107,new_utility_pv,WECC_NMAZ,0.0,0.0,0.0,0.0,0.0,0.0,0.0
pessimistic_all,108,108,new_utility_pv,WECC_NMAZ,0.0,0.0,0.0,0.0,0.0,0.0,0.0
pessimistic_all,109,109,new_utility_pv,WECC_NMAZ,0.0,0.0,0.0,0.0,0.0,0.0,0.0
pessimistic_all,110,110,new_utility_pv,WECC_NMAZ,0.0,0.0,0.0,0.0,0.0,0.0,0.0
pessimistic_all,111,111,new_utility_pv,WECC_NMAZ,0.0,0.0,0.0,0.0,0.0,0.0,0.0
pessimistic_all,112,112,new_utility_pv,WECC_NMAZ,0.0,0.0,0.0,0.0,0.0,0.0,0.0
pessimistic_all,113,113,new_utility_pv,WECC_NMAZ,0.0,0.0,0.0,0.0,0.0,0.0,0.0
pessimistic_all,114,114,new_utility_pv,WECC_NMAZ,0.0,0.0,0.0,0.0,0.0,0.0,0.0
pessimistic_all,115,115,new_utility_pv,WECC_NMAZ,0.0,0.0,0.0,0.0,0.0,0.0,0.0
pessimistic_all,116,116,battery,WECC_NMAZ,0.0,0.0,0.0,0.0,0.0,0.0,0.0
pessimistic_all,117,117,nuclear,WECC_NMAZ,0.0,0.0,0.0,0.0,0.0,0.0,0.0
pessimistic_all,118,118,naturalgas_ccs100,WECC_NMAZ,0.0,0.0,0.0,0.0,0.0,0.0,0.0
pessimistic_all,119,119,naturalgas_ccccsavgcf,WECC_PNW,0.0,0.0,0.0,0.0,0.0,0.0,0.0
pessimistic_all,120,120,new_onshore_wind,WECC_PNW,0.0,0.0,0.0,0.0,0.0,0.0,0.0
pessimistic_all,121,121,new_floating_offshore_wind,WECC_PNW,0.0,0.0,0.0,0.0,0.0,0.0,0.0
pessimistic_all,122,122,new_floating_offshore_wind,WECC_PNW,0.0,0.0,0.0,0.0,0.0,0.0,0.0
pessimistic_all,123,123,new_floating_offshore_wind,WECC_PNW,0.0,0.0,0.0,0.0,0.0,0.0,0.0
pessimistic_all,124,124,new_utility_pv,WECC_PNW,0.0,0.0,0.0,0.0,0.0,0.0,0.0
pessimistic_all,125,125,battery,WECC_PNW,0.0,0.0,0.0,0.0,0.0,0.0,0.0
pessimistic_all,126,126,nuclear,WECC_PNW,0.0,0.0,0.0,0.0,0.0,0.0,0.0
pessimistic_all,127,127,naturalgas_ccs100,WECC_PNW,0.0,0.0,0.0,0.0,0.0,0.0,0.0
pessimistic_all,128,128,naturalgas_ccccsavgcf,WECC_WYCO,0.0,0.0,0.0,0.0,0.0,0.0,0.0
pessimistic_all,129,129,new_onshore_wind,WECC_WYCO,0.0,0.0,0.0,0.0,0.0,0.0,0.0
pessimistic_all,130,130,new_onshore_wind,WECC_WYCO,0.0,0.0,0.0,0.0,0.0,0.0,0.0
pessimistic_all,131,131,new_onshore_wind,WECC_WYCO,0.0,0.0,0.0,0.0,0.0,0.0,0.0
pessimistic_all,132,132,new_onshore_wind,WECC_WYCO,0.0,0.0,0.0,0.0,0.0,0.0,0.0
pessimistic_all,133,133,new_onshore_wind,WECC_WYCO,0.0,0.0,0.0,0.0,0.0,0.0,0.0
pessimistic_all,134,134,new_onshore_wind,WECC_WYCO,0.0,0.0,0.0,0.0,0.0,0.0,0.0
pessimistic_all,135,135,new_onshore_wind,WECC_WYCO,0.0,0.0,0.0,0.0,0.0,0.0,0.0
pessimistic_all,136,136,new_utility_pv,WECC_WYCO,0.0,0.0,0.0,0.0,0.0,0.0,0.0
pessimistic_all,137,137,new_utility_pv,WECC_WYCO,14675.7,0.0,14675.7,0.0,99272.08769018865,0.7721900898505495,8.553359681691115
pessimistic_all,138,138,new_utility_pv,WECC_WYCO,0.0,0.0,0.0,0.0,0.0,0.0,0.0
pessimistic_all,139,139,new_utility_pv,WECC_WYCO,0.0,0.0,0.0,0.0,0.0,0.0,0.0
pessimistic_all,140,140,new_utility_pv,WECC_WYCO,0.0,0.0,0.0,0.0,0.0,0.0,0.0
pessimistic_all,141,141,battery,WECC_WYCO,0.0,0.0,0.0,0.0,0.0,0.0,0.0
pessimistic_all,142,142,nuclear,WECC_WYCO,0.0,0.0,0.0,0.0,0.0,0.0,0.0
pessimistic_all,143,143,naturalgas_ccs100,WECC_WYCO,0.0,0.0,0.0,0.0,0.0,0.0,0.0
pessimistic_all,144,156,new_biogas_CCGT,CA_N,0.0,0.0,0.0,0.0,0.0,0.0,0.0
pessimistic_all,145,157,new_biogas_CCGT,CA_S,0.0,0.0,0.0,0.0,0.0,0.0,0.0
pessimistic_all,146,158,new_biogas_CCGT,WECC_N,0.0,0.0,0.0,0.0,0.0,0.0,0.0
pessimistic_all,147,159,new_biogas_CCGT,WECC_NMAZ,0.0,0.0,0.0,0.0,0.0,0.0,0.0
pessimistic_all,148,160,new_biogas_CCGT,WECC_PNW,0.0,0.0,0.0,0.0,0.0,0.0,0.0
pessimistic_all,149,161,new_biogas_CCGT,WECC_WYCO,0.0,0.0,0.0,0.0,0.0,0.0,0.0
pessimistic_all,150,162,biomass,WECC_PNW,0.0,28.4,0.0,28.4,0.0,0.0,0.0
pessimistic_all,151,163,biomass,WECC_PNW,0.0,74.43,0.0,74.43,0.0,0.0,0.0
pessimistic_all,152,164,conventional_hydroelectric,WECC_PNW,29850.0,29850.0,0.0,0.0,234159.65141767391,0.8954959401944039,20.175376262513367
pessimistic_all,153,165,geothermal,WECC_PNW,14.49,14.49,0.0,0.0,52.052815274824894,0.41008296758609225,0.004484910732205803
pessimistic_all,154,166,geothermal,WECC_PNW,1.17,1.17,0.0,0.0,8.427644035714497,0.8222733516483723,0.0007261323135631941
pessimistic_all,155,167,hydroelectric_pumped_storage,WECC_PNW,214.0,214.0,0.0,0.0,592.9350557078732,0.3162927579203864,0.05108774195603259
pessimistic_all,156,168,hydroelectric_pumped_storage,WECC_PNW,100.0,100.0,0.0,0.0,254.1569340737895,0.2901334863856045,0.02189835756767136
pessimistic_all,157,169,nuclear,WECC_PNW,1163.0,1163.0,0.0,0.0,22.939948575623816,0.002251690103890487,0.0019765236715798477
pessimistic_all,158,170,onshore_wind_turbine,WECC_PNW,5254.0,5254.0,0.0,0.0,34945.20656754122,0.7592650993359533,3.010905964383337
pessimistic_all,159,171,solar_photovoltaic,WECC_PNW,209.9,209.9,0.0,0.0,1077.572269046807,0.5860435111777553,0.09284445824225673
nuc_opt_bat_opt,1,1,biomass,CA_N,36.72,36.72,0.0,0.0,136.93537661537945,0.4257051282051121,0.011798457719499875
nuc_opt_bat_opt,2,2,biomass,CA_N,0.0,33.06,0.0,33.06,0.0,0.0,0.0
nuc_opt_bat_opt,3,3,conventional_hydroelectric,CA_N,0.0,6607.44,0.0,6607.44,0.0,0.0,0.0
nuc_opt_bat_opt,4,4,geothermal,CA_N,542.55,542.55,0.0,0.0,4366.4517968855,0.9187234383392268,0.37621685632404955
nuc_opt_bat_opt,5,5,geothermal,CA_N,100.32,100.32,0.0,0.0,826.2118443723854,0.9401557076401013,0.07118705008244584
nuc_opt_bat_opt,6,6,hydroelectric_pumped_storage,CA_N,264.24598987500013,615.15,0.0,350.90401012499984,617.1409903311056,0.26660720480306876,0.05317334396241077
nuc_opt_bat_opt,7,7,hydroelectric_pumped_storage,CA_N,505.0807522500002,1175.8,0.0,670.7192477499998,1076.8835260759577,0.24339060402078805,0.09278511561639903
nuc_opt_bat_opt,8,8,onshore_wind_turbine,CA_N,1327.6,1327.6,0.0,0.0,1301.5298543063277,0.1119135789293214,0.11214081661185117
nuc_opt_bat_opt,9,9,small_hydroelectric,CA_N,231.4,231.4,0.0,0.0,762.7985674515414,0.37630709610132757,0.06572331320817572
nuc_opt_bat_opt,10,10,small_hydroelectric,CA_N,1.95,1.95,0.0,0.0,4.9509642857142735,0.28983516483516414,0.00042657890341825085
nuc_opt_bat_opt,11,11,solar_photovoltaic,CA_N,2787.1,2787.1,0.0,0.0,4417.5891446592495,0.1809375330087807,0.38062288966991453
nuc_opt_bat_opt,12,12,biomass,CA_S,0.0,67.2,0.0,67.2,0.0,0.0,0.0
nuc_opt_bat_opt,13,13,biomass,CA_S,0.0,38.1,0.0,38.1,0.0,0.0,0.0
nuc_opt_bat_opt,14,14,conventional_hydroelectric,CA_S,0.0,1396.0,0.0,1396.0,0.0,0.0,0.0
nuc_opt_bat_opt,15,15,geothermal,CA_S,535.15,535.15,0.0,0.0,4529.903238848387,0.9662940145336256,0.39029995869581335
nuc_opt_bat_opt,16,16,geothermal,CA_S,73.02,73.02,0.0,0.0,639.0237455076971,0.9990128205128281,0.055058779034914775
nuc_opt_bat_opt,17,17,hydroelectric_pumped_storage,CA_S,1623.0,1623.0,0.0,0.0,2693.328490804581,0.18943782518453206,0.23205926115599054
nuc_opt_bat_opt,18,18,hydroelectric_pumped_storage,CA_S,42.0,42.0,0.0,0.0,99.2609804676914,0.2697895750915726,0.008552402674829528
nuc_opt_bat_opt,19,19,onshore_wind_turbine,CA_S,4735.6,4735.6,0.0,0.0,9099.02657153391,0.21933897783113293,0.7839791509420041
nuc_opt_bat_opt,20,20,small_hydroelectric,CA_S,126.44,126.44,0.0,0.0,478.1116273363991,0.4316589124666483,0.041194466760580244
nuc_opt_bat_opt,21,21,small_hydroelectric,CA_S,7.0,7.0,0.0,0.0,11.000749038461278,0.1793990384615342,0.0009478330262140392
nuc_opt_bat_opt,22,22,solar_photovoltaic,CA_S,9520.0,9520.0,0.0,0.0,15171.279237075461,0.1819202932192196,1.3071691264422143
nuc_opt_bat_opt,23,23,biomass,WECC_N,6.24,6.24,0.0,0.0,20.533827942857148,0.3756481227106228,0.001769210461105021
nuc_opt_bat_opt,24,24,biomass,WECC_N,0.0,13.8,0.0,13.8,0.0,0.0,0.0
nuc_opt_bat_opt,25,25,conventional_hydroelectric,WECC_N,0.0,4648.1,0.0,4648.1,0.0,0.0,0.0
nuc_opt_bat_opt,26,26,geothermal,WECC_N,165.24,165.24,0.0,0.0,523.9559761144474,0.3619724403320142,0.045144451228473104
nuc_opt_bat_opt,27,27,geothermal,WECC_N,215.16,215.16,0.0,0.0,1855.3565428149616,0.9843776357230182,0.1598589514708447
nuc_opt_bat_opt,28,28,onshore_wind_turbine,WECC_N,3893.9,3893.9,0.0,0.0,3376.8701631022045,0.09899778154070406,0.290953739116728
nuc_opt_bat_opt,29,29,solar_photovoltaic,WECC_N,1185.7,1185.7,0.0,0.0,1077.6710159629195,0.1037545799740399,0.09285296635275002
nuc_opt_bat_opt,30,30,biomass,WECC_NMAZ,0.0,3.54,0.0,3.54,0.0,0.0,0.0
nuc_opt_bat_opt,31,31,biomass,WECC_NMAZ,0.0,11.4,0.0,11.4,0.0,0.0,0.0
nuc_opt_bat_opt,32,32,conventional_hydroelectric,WECC_NMAZ,0.0,3960.0,0.0,3960.0,0.0,0.0,0.0
nuc_opt_bat_opt,33,33,geothermal,WECC_NMAZ,0.68,0.68,0.0,0.0,5.843110762637574,0.9809143772894128,0.000503446932321734
nuc_opt_bat_opt,34,34,geothermal,WECC_NMAZ,2.66,2.66,0.0,0.0,22.843569923077364,0.9803434065934254,0.0019682196125029475
nuc_opt_bat_opt,35,35,hydroelectric_pumped_storage,WECC_NMAZ,119.0,119.0,0.0,0.0,271.1504882028181,0.26011136199955687,0.02336253530501771
nuc_opt_bat_opt,36,36,hydroelectric_pumped_storage,WECC_NMAZ,97.3,97.3,0.0,0.0,219.29326832613464,0.2572813784113233,0.018894477223252867
nuc_opt_bat_opt,37,37,nuclear,WECC_NMAZ,4002.99,4002.99,0.0,0.0,120.3481091121861,0.003432026715058636,0.010369285951358834
nuc_opt_bat_opt,38,38,onshore_wind_turbine,WECC_NMAZ,0.0,1235.1,0.0,1235.1,0.0,0.0,0.0
nuc_opt_bat_opt,39,39,solar_photovoltaic,WECC_NMAZ,6266.4,6266.4,0.0,0.0,5590.423139923664,0.10184095453937386,0.4816751717546683
nuc_opt_bat_opt,40,40,biomass,WECC_WYCO,0.0,4.8,0.0,4.8,0.0,0.0,0.0
nuc_opt_bat_opt,41,41,biomass,WECC_WYCO,0.0,8.04,0.0,8.04,0.0,0.0,0.0
nuc_opt_bat_opt,42,42,conventional_hydroelectric,WECC_WYCO,0.0,961.87,0.0,961.87,0.0,0.0,0.0
nuc_opt_bat_opt,43,43,hydroelectric_pumped_storage,WECC_WYCO,324.0,324.0,0.0,0.0,681.7240184599738,0.24019252017446507,0.05873786750343809
nuc_opt_bat_opt,44,44,hydroelectric_pumped_storage,WECC_WYCO,238.5,238.5,0.0,0.0,535.4541921704932,0.2562889215179026,0.04613514639680767
nuc_opt_bat_opt,45,45,onshore_wind_turbine,WECC_WYCO,5751.7,5751.7,0.0,0.0,34213.3610298775,0.6790400787179914,2.9478495881075197
nuc_opt_bat_opt,46,46,solar_photovoltaic,WECC_WYCO,593.1,593.1,0.0,0.0,1443.763420893347,0.2778842959046822,0.12439577046781584
nuc_opt_bat_opt,47,47,naturalgas_ccccsavgcf,CA_N,0.0,0.0,0.0,0.0,0.0,0.0,0.0
nuc_opt_bat_opt,48,48,new_onshore_wind,CA_N,0.0,0.0,0.0,0.0,0.0,0.0,0.0
nuc_opt_bat_opt,49,49,new_floating_offshore_wind,CA_N,0.0,0.0,0.0,0.0,0.0,0.0,0.0
nuc_opt_bat_opt,50,50,new_floating_offshore_wind,CA_N,0.0,0.0,0.0,0.0,0.0,0.0,0.0
nuc_opt_bat_opt,51,51,new_floating_offshore_wind,CA_N,0.0,0.0,0.0,0.0,0.0,0.0,0.0
nuc_opt_bat_opt,52,52,new_floating_offshore_wind,CA_N,0.0,0.0,0.0,0.0,0.0,0.0,0.0
nuc_opt_bat_opt,53,53,new_floating_offshore_wind,CA_N,0.0,0.0,0.0,0.0,0.0,0.0,0.0
nuc_opt_bat_opt,54,54,new_utility_pv,CA_N,0.0,0.0,0.0,0.0,0.0,0.0,0.0
nuc_opt_bat_opt,55,55,new_utility_pv,CA_N,0.0,0.0,0.0,0.0,0.0,0.0,0.0
nuc_opt_bat_opt,56,56,new_utility_pv,CA_N,0.0,0.0,0.0,0.0,0.0,0.0,0.0
nuc_opt_bat_opt,57,57,new_utility_pv,CA_N,13968.0121912969,0.0,13968.0121912969,0.0,112466.14582257184,0.91914303520565,9.690169911970665
nuc_opt_bat_opt,58,58,battery,CA_N,39509.78136670556,0.0,39509.78136670556,0.0,27197.079912909638,0.07858027507060211,2.343321392744355
nuc_opt_bat_opt,59,59,nuclear,CA_N,0.0,0.0,0.0,0.0,0.0,0.0,0.0
nuc_opt_bat_opt,60,60,naturalgas_ccs100,CA_N,0.0,0.0,0.0,0.0,0.0,0.0,0.0
nuc_opt_bat_opt,61,61,naturalgas_ccccsavgcf,CA_S,0.0,0.0,0.0,0.0,0.0,0.0,0.0
nuc_opt_bat_opt,62,62,new_onshore_wind,CA_S,0.0,0.0,0.0,0.0,0.0,0.0,0.0
nuc_opt_bat_opt,63,63,new_onshore_wind,CA_S,0.0,0.0,0.0,0.0,0.0,0.0,0.0
nuc_opt_bat_opt,64,64,new_onshore_wind,CA_S,0.0,0.0,0.0,0.0,0.0,0.0,0.0
nuc_opt_bat_opt,65,65,new_utility_pv,CA_S,0.0,0.0,0.0,0.0,0.0,0.0,0.0
nuc_opt_bat_opt,66,66,new_utility_pv,CA_S,0.0,0.0,0.0,0.0,0.0,0.0,0.0
nuc_opt_bat_opt,67,67,new_utility_pv,CA_S,0.0,0.0,0.0,0.0,0.0,0.0,0.0
nuc_opt_bat_opt,68,68,new_utility_pv,CA_S,0.0,0.0,0.0,0.0,0.0,0.0,0.0
nuc_opt_bat_opt,69,69,new_utility_pv,CA_S,20451.59,0.0,20451.59,0.0,161480.86325482253,0.9013425606228642,13.913315789620324
nuc_opt_bat_opt,70,70,new_utility_pv,CA_S,13609.913408282659,0.0,13609.913408282659,0.0,85868.84359893281,0.720238190516729,7.398525827770435
nuc_opt_bat_opt,71,71,new_utility_pv,CA_S,0.0,0.0,0.0,0.0,0.0,0.0,0.0
nuc_opt_bat_opt,72,72,new_utility_pv,CA_S,0.0,0.0,0.0,0.0,0.0,0.0,0.0
nuc_opt_bat_opt,73,73,new_utility_pv,CA_S,0.0,0.0,0.0,0.0,0.0,0.0,0.0
nuc_opt_bat_opt,74,74,new_utility_pv,CA_S,0.0,0.0,0.0,0.0,0.0,0.0,0.0
nuc_opt_bat_opt,75,75,battery,CA_S,18754.73399488243,0.0,18754.73399488243,0.0,9474.567392790144,0.05766925942413525,0.8163360378988573
nuc_opt_bat_opt,76,76,nuclear,CA_S,0.0,0.0,0.0,0.0,0.0,0.0,0.0
nuc_opt_bat_opt,77,77,naturalgas_ccs100,CA_S,0.0,0.0,0.0,0.0,0.0,0.0,0.0
nuc_opt_bat_opt,78,78,naturalgas_ccccsavgcf,WECC_N,0.0,0.0,0.0,0.0,0.0,0.0,0.0
nuc_opt_bat_opt,79,79,new_onshore_wind,WECC_N,0.0,0.0,0.0,0.0,0.0,0.0,0.0
nuc_opt_bat_opt,80,80,new_onshore_wind,WECC_N,0.0,0.0,0.0,0.0,0.0,0.0,0.0
nuc_opt_bat_opt,81,81,new_onshore_wind,WECC_N,0.0,0.0,0.0,0.0,0.0,0.0,0.0
nuc_opt_bat_opt,82,82,new_onshore_wind,WECC_N,0.0,0.0,0.0,0.0,0.0,0.0,0.0
nuc_opt_bat_opt,83,83,new_onshore_wind,WECC_N,0.0,0.0,0.0,0.0,0.0,0.0,0.0
nuc_opt_bat_opt,84,84,new_onshore_wind,WECC_N,0.0,0.0,0.0,0.0,0.0,0.0,0.0
nuc_opt_bat_opt,85,85,new_utility_pv,WECC_N,0.0,0.0,0.0,0.0,0.0,0.0,0.0
nuc_opt_bat_opt,86,86,new_utility_pv,WECC_N,23434.628268506254,0.0,23434.628268506254,0.0,180439.7257123587,0.8789617641295788,15.546826009140407
nuc_opt_bat_opt,87,87,new_utility_pv,WECC_N,0.0,0.0,0.0,0.0,0.0,0.0,0.0
nuc_opt_bat_opt,88,88,new_utility_pv,WECC_N,0.0,0.0,0.0,0.0,0.0,0.0,0.0
nuc_opt_bat_opt,89,89,new_utility_pv,WECC_N,0.0,0.0,0.0,0.0,0.0,0.0,0.0
nuc_opt_bat_opt,90,90,new_utility_pv,WECC_N,0.0,0.0,0.0,0.0,0.0,0.0,0.0
nuc_opt_bat_opt,91,91,new_utility_pv,WECC_N,0.0,0.0,0.0,0.0,0.0,0.0,0.0
nuc_opt_bat_opt,92,92,new_utility_pv,WECC_N,0.0,0.0,0.0,0.0,0.0,0.0,0.0
nuc_opt_bat_opt,93,93,battery,WECC_N,0.0,0.0,0.0,0.0,0.0,0.0,0.0
nuc_opt_bat_opt,94,94,nuclear,WECC_N,0.0,0.0,0.0,0.0,0.0,0.0,0.0
nuc_opt_bat_opt,95,95,naturalgas_ccs100,WECC_N,0.0,0.0,0.0,0.0,0.0,0.0,0.0
nuc_opt_bat_opt,96,96,naturalgas_ccccsavgcf,WECC_NMAZ,0.0,0.0,0.0,0.0,0.0,0.0,0.0
nuc_opt_bat_opt,97,97,new_onshore_wind,WECC_NMAZ,0.0,0.0,0.0,0.0,0.0,0.0,0.0
nuc_opt_bat_opt,98,98,new_onshore_wind,WECC_NMAZ,0.0,0.0,0.0,0.0,0.0,0.0,0.0
nuc_opt_bat_opt,99,99,new_onshore_wind,WECC_NMAZ,0.0,0.0,0.0,0.0,0.0,0.0,0.0
nuc_opt_bat_opt,100,100,new_onshore_wind,WECC_NMAZ,0.0,0.0,0.0,0.0,0.0,0.0,0.0
nuc_opt_bat_opt,101,101,new_onshore_wind,WECC_NMAZ,0.0,0.0,0.0,0.0,0.0,0.0,0.0
nuc_opt_bat_opt,102,102,new_onshore_wind,WECC_NMAZ,0.0,0.0,0.0,0.0,0.0,0.0,0.0
nuc_opt_bat_opt,103,103,new_onshore_wind,WECC_NMAZ,0.0,0.0,0.0,0.0,0.0,0.0,0.0
nuc_opt_bat_opt,104,104,new_utility_pv,WECC_NMAZ,36917.369999999995,0.0,36917.369999999995,0.0,194401.86331637492,0.6011260696324399,16.749814559407582
nuc_opt_bat_opt,105,105,new_utility_pv,WECC_NMAZ,0.0,0.0,0.0,0.0,0.0,0.0,0.0
nuc_opt_bat_opt,106,106,new_utility_pv,WECC_NMAZ,0.0,0.0,0.0,0.0,0.0,0.0,0.0
nuc_opt_bat_opt,107,107,new_utility_pv,WECC_NMAZ,0.0,0.0,0.0,0.0,0.0,0.0,0.0
nuc_opt_bat_opt,108,108,new_utility_pv,WECC_NMAZ,0.0,0.0,0.0,0.0,0.0,0.0,0.0
nuc_opt_bat_opt,109,109,new_utility_pv,WECC_NMAZ,0.0,0.0,0.0,0.0,0.0,0.0,0.0
nuc_opt_bat_opt,110,110,new_utility_pv,WECC_NMAZ,0.0,0.0,0.0,0.0,0.0,0.0,0.0
nuc_opt_bat_opt,111,111,new_utility_pv,WECC_NMAZ,0.0,0.0,0.0,0.0,0.0,0.0,0.0
nuc_opt_bat_opt,112,112,new_utility_pv,WECC_NMAZ,0.0,0.0,0.0,0.0,0.0,0.0,0.0
nuc_opt_bat_opt,113,113,new_utility_pv,WECC_NMAZ,0.0,0.0,0.0,0.0,0.0,0.0,0.0
nuc_opt_bat_opt,114,114,new_utility_pv,WECC_NMAZ,0.0,0.0,0.0,0.0,0.0,0.0,0.0
nuc_opt_bat_opt,115,115,new_utility_pv,WECC_NMAZ,0.0,0.0,0.0,0.0,0.0,0.0,0.0
nuc_opt_bat_opt,116,116,battery,WECC_NMAZ,0.0,0.0,0.0,0.0,0.0,0.0,0.0
nuc_opt_bat_opt,117,117,nuclear,WECC_NMAZ,0.0,0.0,0.0,0.0,0.0,0.0,0.0
nuc_opt_bat_opt,118,118,naturalgas_ccs100,WECC_NMAZ,0.0,0.0,0.0,0.0,0.0,0.0,0.0
nuc_opt_bat_opt,119,119,naturalgas_ccccsavgcf,WECC_PNW,0.0,0.0,0.0,0.0,0.0,0.0,0.0
nuc_opt_bat_opt,120,120,new_onshore_wind,WECC_PNW,0.0,0.0,0.0,0.0,0.0,0.0,0.0
nuc_opt_bat_opt,121,121,new_floating_offshore_wind,WECC_PNW,0.0,0.0,0.0,0.0,0.0,0.0,0.0
nuc_opt_bat_opt,122,122,new_floating_offshore_wind,WECC_PNW,0.0,0.0,0.0,0.0,0.0,0.0,0.0
nuc_opt_bat_opt,123,123,new_floating_offshore_wind,WECC_PNW,0.0,0.0,0.0,0.0,0.0,0.0,0.0
nuc_opt_bat_opt,124,124,new_utility_pv,WECC_PNW,0.0,0.0,0.0,0.0,0.0,0.0,0.0
nuc_opt_bat_opt,125,125,battery,WECC_PNW,0.0,0.0,0.0,0.0,0.0,0.0,0.0
nuc_opt_bat_opt,126,126,nuclear,WECC_PNW,0.0,0.0,0.0,0.0,0.0,0.0,0.0
nuc_opt_bat_opt,127,127,naturalgas_ccs100,WECC_PNW,0.0,0.0,0.0,0.0,0.0,0.0,0.0
nuc_opt_bat_opt,128,128,naturalgas_ccccsavgcf,WECC_WYCO,0.0,0.0,0.0,0.0,0.0,0.0,0.0
nuc_opt_bat_opt,129,129,new_onshore_wind,WECC_WYCO,0.0,0.0,0.0,0.0,0.0,0.0,0.0
nuc_opt_bat_opt,130,130,new_onshore_wind,WECC_WYCO,0.0,0.0,0.0,0.0,0.0,0.0,0.0
nuc_opt_bat_opt,131,131,new_onshore_wind,WECC_WYCO,0.0,0.0,0.0,0.0,0.0,0.0,0.0
nuc_opt_bat_opt,132,132,new_onshore_wind,WECC_WYCO,0.0,0.0,0.0,0.0,0.0,0.0,0.0
nuc_opt_bat_opt,133,133,new_onshore_wind,WECC_WYCO,0.0,0.0,0.0,0.0,0.0,0.0,0.0
nuc_opt_bat_opt,134,134,new_onshore_wind,WECC_WYCO,0.0,0.0,0.0,0.0,0.0,0.0,0.0
nuc_opt_bat_opt,135,135,new_onshore_wind,WECC_WYCO,0.0,0.0,0.0,0.0,0.0,0.0,0.0
nuc_opt_bat_opt,136,136,new_utility_pv,WECC_WYCO,0.0,0.0,0.0,0.0,0.0,0.0,0.0
nuc_opt_bat_opt,137,137,new_utility_pv,WECC_WYCO,11772.876207828393,0.0,11772.876207828393,0.0,72742.98568271076,0.705349623388926,6.267591780744082
nuc_opt_bat_opt,138,138,new_utility_pv,WECC_WYCO,0.0,0.0,0.0,0.0,0.0,0.0,0.0
nuc_opt_bat_opt,139,139,new_utility_pv,WECC_WYCO,0.0,0.0,0.0,0.0,0.0,0.0,0.0
nuc_opt_bat_opt,140,140,new_utility_pv,WECC_WYCO,0.0,0.0,0.0,0.0,0.0,0.0,0.0
nuc_opt_bat_opt,141,141,battery,WECC_WYCO,15782.514740758259,0.0,15782.514740758259,0.0,10764.734509036194,0.07786154434423956,0.9274978322310348
nuc_opt_bat_opt,142,142,nuclear,WECC_WYCO,0.0,0.0,0.0,0.0,0.0,0.0,0.0
nuc_opt_bat_opt,143,143,naturalgas_ccs100,WECC_WYCO,0.0,0.0,0.0,0.0,0.0,0.0,0.0
nuc_opt_bat_opt,144,156,new_biogas_CCGT,CA_N,0.0,0.0,0.0,0.0,0.0,0.0,0.0
nuc_opt_bat_opt,145,157,new_biogas_CCGT,CA_S,0.0,0.0,0.0,0.0,0.0,0.0,0.0
nuc_opt_bat_opt,146,158,new_biogas_CCGT,WECC_N,0.0,0.0,0.0,0.0,0.0,0.0,0.0
nuc_opt_bat_opt,147,159,new_biogas_CCGT,WECC_NMAZ,0.0,0.0,0.0,0.0,0.0,0.0,0.0
nuc_opt_bat_opt,148,160,new_biogas_CCGT,WECC_PNW,0.0,0.0,0.0,0.0,0.0,0.0,0.0
nuc_opt_bat_opt,149,161,new_biogas_CCGT,WECC_WYCO,0.0,0.0,0.0,0.0,0.0,0.0,0.0
nuc_opt_bat_opt,150,162,biomass,WECC_PNW,0.0,28.4,0.0,28.4,0.0,0.0,0.0
nuc_opt_bat_opt,151,163,biomass,WECC_PNW,0.0,74.43,0.0,74.43,0.0,0.0,0.0
nuc_opt_bat_opt,152,164,conventional_hydroelectric,WECC_PNW,29850.0,29850.0,0.0,0.0,241417.1393836255,0.9232507261712883,20.800687026119522
nuc_opt_bat_opt,153,165,geothermal,WECC_PNW,14.49,14.49,0.0,0.0,30.515068705668856,0.24040409466510404,0.002629201867554743
nuc_opt_bat_opt,154,166,geothermal,WECC_PNW,1.17,1.17,0.0,0.0,9.980739241071936,0.9738066620879616,0.0008599481949496093
nuc_opt_bat_opt,155,167,hydroelectric_pumped_storage,WECC_PNW,214.0,214.0,0.0,0.0,418.43715876792066,0.22320934086967134,0.036052868499114314
nuc_opt_bat_opt,156,168,hydroelectric_pumped_storage,WECC_PNW,100.0,100.0,0.0,0.0,205.44545480116187,0.23452677488717108,0.01770133892385771
nuc_opt_bat_opt,157,169,nuclear,WECC_PNW,1163.0,1163.0,0.0,0.0,40.816826923076924,0.004006410256410256,0.0035168093052294616
nuc_opt_bat_opt,158,170,onshore_wind_turbine,WECC_PNW,5254.0,5254.0,0.0,0.0,32142.90547755865,0.6983786538275393,2.769457539990173
nuc_opt_bat_opt,159,171,solar_photovoltaic,WECC_PNW,209.9,209.9,0.0,0.0,465.1533012783762,0.25297614067058255,0.04007796738773735
geo_pessimistic,1,1,biomass,CA_N,36.72,36.72,0.0,0.0,136.4245973802148,0.42411721611720066,0.011754448586439868
geo_pessimistic,2,2,biomass,CA_N,0.0,33.06,0.0,33.06,0.0,0.0,0.0
geo_pessimistic,3,3,conventional_hydroelectric,CA_N,0.0,6607.44,0.0,6607.44,0.0,0.0,0.0
geo_pessimistic,4,4,geothermal,CA_N,542.55,542.55,0.0,0.0,4379.834426234249,0.9215392109209994,0.3773699139958479
geo_pessimistic,5,5,geothermal,CA_N,100.32,100.32,0.0,0.0,830.3037831246772,0.9448119705580013,0.07153961468301143
geo_pessimistic,6,6,hydroelectric_pumped_storage,CA_N,615.15,615.15,0.0,0.0,1342.0586931222979,0.24904990191023277,0.1156328126395376
geo_pessimistic,7,7,hydroelectric_pumped_storage,CA_N,1175.8,1175.8,0.0,0.0,2437.5482136311844,0.23665498256226444,0.21002103509415526
geo_pessimistic,8,8,onshore_wind_turbine,CA_N,1327.6,1327.6,0.0,0.0,1394.1113025043637,0.11987430389926372,0.12011770563186439
geo_pessimistic,9,9,small_hydroelectric,CA_N,231.4,231.4,0.0,0.0,800.0054512819466,0.3946621573280107,0.06892908703081899
geo_pessimistic,10,10,small_hydroelectric,CA_N,1.95,1.95,0.0,0.0,5.441758928571418,0.31856684981684924,0.00046886614858333045
geo_pessimistic,11,11,solar_photovoltaic,CA_N,2787.1,2787.1,0.0,0.0,4471.6559112050345,0.1831520230928989,0.3852813239977526
geo_pessimistic,12,12,biomass,CA_S,0.0,67.2,0.0,67.2,0.0,0.0,0.0
geo_pessimistic,13,13,biomass,CA_S,0.0,38.1,0.0,38.1,0.0,0.0,0.0
geo_pessimistic,14,14,conventional_hydroelectric,CA_S,0.0,1396.0,0.0,1396.0,0.0,0.0,0.0
geo_pessimistic,15,15,geothermal,CA_S,0.0,535.15,0.0,535.15,0.0,0.0,0.0
geo_pessimistic,16,16,geothermal,CA_S,0.0,73.02,0.0,73.02,0.0,0.0,0.0
geo_pessimistic,17,17,hydroelectric_pumped_storage,CA_S,1623.0,1623.0,0.0,0.0,2534.2092116527797,0.17824601910133014,0.21834942127507417
geo_pessimistic,18,18,hydroelectric_pumped_storage,CA_S,42.0,42.0,0.0,0.0,99.09374195999911,0.2693350238095214,0.008537993275952114
geo_pessimistic,19,19,onshore_wind_turbine,CA_S,4735.6,4735.6,0.0,0.0,7150.592147489274,0.17237047943395797,0.6161005373980527
geo_pessimistic,20,20,small_hydroelectric,CA_S,126.44,126.44,0.0,0.0,465.41712254434555,0.42019778954150977,0.04010069843159891
geo_pessimistic,21,21,small_hydroelectric,CA_S,7.0,7.0,0.0,0.0,10.052205288461444,0.16393028846153693,0.0008661057647416232
geo_pessimistic,22,22,solar_photovoltaic,CA_S,9520.0,9520.0,0.0,0.0,9039.772193741737,0.1083967925461146,0.7788737480260004
geo_pessimistic,23,23,biomass,WECC_N,6.24,6.24,0.0,0.0,20.4868242857143,0.3747882326007328,0.0017651605897338013
geo_pessimistic,24,24,biomass,WECC_N,0.0,13.8,0.0,13.8,0.0,0.0,0.0
geo_pessimistic,25,25,conventional_hydroelectric,WECC_N,0.0,4648.1,0.0,4648.1,0.0,0.0,0.0
geo_pessimistic,26,26,geothermal,WECC_N,0.0,165.24,0.0,165.24,0.0,0.0,0.0
geo_pessimistic,27,27,geothermal,WECC_N,0.0,215.16,0.0,215.16,0.0,0.0,0.0
geo_pessimistic,28,28,onshore_wind_turbine,WECC_N,3893.9,3893.9,0.0,0.0,3374.4363158227497,0.09892642982457721,0.2907440369569784
geo_pessimistic,29,29,solar_photovoltaic,WECC_N,1185.7,1185.7,0.0,0.0,921.0321841878866,0.08867391439269702,0.07935684373192821
geo_pessimistic,30,30,biomass,WECC_NMAZ,0.0,3.54,0.0,3.54,0.0,0.0,0.0
geo_pessimistic,31,31,biomass,WECC_NMAZ,0.0,11.4,0.0,11.4,0.0,0.0,0.0
geo_pessimistic,32,32,conventional_hydroelectric,WECC_NMAZ,0.0,3960.0,0.0,3960.0,0.0,0.0,0.0
geo_pessimistic,33,33,geothermal,WECC_NMAZ,0.0,0.68,0.0,0.68,0.0,0.0,0.0
geo_pessimistic,34,34,geothermal,WECC_NMAZ,0.0,2.66,0.0,2.66,0.0,0.0,0.0
geo_pessimistic,35,35,hydroelectric_pumped_storage,WECC_NMAZ,119.0,119.0,0.0,0.0,260.15280557653864,0.2495614189560441,0.022414966483243544
geo_pessimistic,36,36,hydroelectric_pumped_storage,WECC_NMAZ,97.3,97.3,0.0,0.0,224.1807569435238,0.26301552528254163,0.019315587014105313
geo_pessimistic,37,37,nuclear,WECC_NMAZ,4002.99,4002.99,0.0,0.0,54.51725716442533,0.0015546956607819598,0.004697248947174786
geo_pessimistic,38,38,onshore_wind_turbine,WECC_NMAZ,0.0,1235.1,0.0,1235.1,0.0,0.0,0.0
geo_pessimistic,39,39,solar_photovoltaic,WECC_NMAZ,6266.4,6266.4,0.0,0.0,6969.4211547276955,0.12696221470528357,0.6004907048556472
geo_pessimistic,40,40,biomass,WECC_WYCO,0.0,4.8,0.0,4.8,0.0,0.0,0.0
geo_pessimistic,41,41,biomass,WECC_WYCO,0.0,8.04,0.0,8.04,0.0,0.0,0.0
geo_pessimistic,42,42,conventional_hydroelectric,WECC_WYCO,0.0,961.87,0.0,961.87,0.0,0.0,0.0
geo_pessimistic,43,43,hydroelectric_pumped_storage,WECC_WYCO,324.0,324.0,0.0,0.0,653.5399093919735,0.23026238422119819,0.05630950291702027
geo_pessimistic,44,44,hydroelectric_pumped_storage,WECC_WYCO,238.5,238.5,0.0,0.0,506.92261447750906,0.24263261368977965,0.043676843645526583
geo_pessimistic,45,45,onshore_wind_turbine,WECC_WYCO,5751.7,5751.7,0.0,0.0,27196.699822453622,0.5397788651100736,2.343288643857356
geo_pessimistic,46,46,solar_photovoltaic,WECC_WYCO,593.1,593.1,0.0,0.0,1558.6676009950158,0.30000015416925846,0.13429600329465627
geo_pessimistic,47,47,naturalgas_ccccsavgcf,CA_N,0.0,0.0,0.0,0.0,0.0,0.0,0.0
geo_pessimistic,48,48,new_onshore_wind,CA_N,0.0,0.0,0.0,0.0,0.0,0.0,0.0
geo_pessimistic,49,49,new_floating_offshore_wind,CA_N,0.0,0.0,0.0,0.0,0.0,0.0,0.0
geo_pessimistic,50,50,new_floating_offshore_wind,CA_N,0.0,0.0,0.0,0.0,0.0,0.0,0.0
geo_pessimistic,51,51,new_floating_offshore_wind,CA_N,0.0,0.0,0.0,0.0,0.0,0.0,0.0
geo_pessimistic,52,52,new_floating_offshore_wind,CA_N,0.0,0.0,0.0,0.0,0.0,0.0,0.0
geo_pessimistic,53,53,new_floating_offshore_wind,CA_N,0.0,0.0,0.0,0.0,0.0,0.0,0.0
geo_pessimistic,54,54,new_utility_pv,CA_N,0.0,0.0,0.0,0.0,0.0,0.0,0.0
geo_pessimistic,55,55,new_utility_pv,CA_N,0.0,0.0,0.0,0.0,0.0,0.0,0.0
geo_pessimistic,56,56,new_utility_pv,CA_N,0.0,0.0,0.0,0.0,0.0,0.0,0.0
geo_pessimistic,57,57,new_utility_pv,CA_N,14825.834709930772,0.0,14825.834709930772,0.0,121553.64475786511,0.9359329249239918,10.473155832878527
geo_pessimistic,58,58,battery,CA_N,35919.400769694206,0.0,35919.400769694206,0.0,21369.528767355212,0.06791438250474002,1.8412150890375532
geo_pessimistic,59,59,nuclear,CA_N,0.0,0.0,0.0,0.0,0.0,0.0,0.0
geo_pessimistic,60,60,naturalgas_ccs100,CA_N,0.0,0.0,0.0,0.0,0.0,0.0,0.0
geo_pessimistic,61,61,naturalgas_ccccsavgcf,CA_S,0.0,0.0,0.0,0.0,0.0,0.0,0.0
geo_pessimistic,62,62,new_onshore_wind,CA_S,0.0,0.0,0.0,0.0,0.0,0.0,0.0
geo_pessimistic,63,63,new_onshore_wind,CA_S,0.0,0.0,0.0,0.0,0.0,0.0,0.0
geo_pessimistic,64,64,new_onshore_wind,CA_S,0.0,0.0,0.0,0.0,0.0,0.0,0.0
geo_pessimistic,65,65,new_utility_pv,CA_S,0.0,0.0,0.0,0.0,0.0,0.0,0.0
geo_pessimistic,66,66,new_utility_pv,CA_S,0.0,0.0,0.0,0.0,0.0,0.0,0.0
geo_pessimistic,67,67,new_utility_pv,CA_S,0.0,0.0,0.0,0.0,0.0,0.0,0.0
geo_pessimistic,68,68,new_utility_pv,CA_S,0.0,0.0,0.0,0.0,0.0,0.0,0.0
geo_pessimistic,69,69,new_utility_pv,CA_S,20451.59,0.0,20451.59,0.0,144040.52365940166,0.803995295862069,12.410642671714118
geo_pessimistic,70,70,new_utility_pv,CA_S,17725.003140982182,0.0,17725.003140982182,0.0,98690.10079372725,0.6355989418836735,8.503215241584234
geo_pessimistic,71,71,new_utility_pv,CA_S,0.0,0.0,0.0,0.0,0.0,0.0,0.0
geo_pessimistic,72,72,new_utility_pv,CA_S,0.0,0.0,0.0,0.0,0.0,0.0,0.0
geo_pessimistic,73,73,new_utility_pv,CA_S,0.0,0.0,0.0,0.0,0.0,0.0,0.0
geo_pessimistic,74,74,new_utility_pv,CA_S,0.0,0.0,0.0,0.0,0.0,0.0,0.0
geo_pessimistic,75,75,battery,CA_S,0.0,0.0,0.0,0.0,0.0,0.0,0.0
geo_pessimistic,76,76,nuclear,CA_S,0.0,0.0,0.0,0.0,0.0,0.0,0.0
geo_pessimistic,77,77,naturalgas_ccs100,CA_S,0.0,0.0,0.0,0.0,0.0,0.0,0.0
geo_pessimistic,78,78,naturalgas_ccccsavgcf,WECC_N,0.0,0.0,0.0,0.0,0.0,0.0,0.0
geo_pessimistic,79,79,new_onshore_wind,WECC_N,0.0,0.0,0.0,0.0,0.0,0.0,0.0
geo_pessimistic,80,80,new_onshore_wind,WECC_N,0.0,0.0,0.0,0.0,0.0,0.0,0.0
geo_pessimistic,81,81,new_onshore_wind,WECC_N,0.0,0.0,0.0,0.0,0.0,0.0,0.0
geo_pessimistic,82,82,new_onshore_wind,WECC_N,0.0,0.0,0.0,0.0,0.0,0.0,0.0
geo_pessimistic,83,83,new_onshore_wind,WECC_N,0.0,0.0,0.0,0.0,0.0,0.0,0.0
geo_pessimistic,84,84,new_onshore_wind,WECC_N,0.0,0.0,0.0,0.0,0.0,0.0,0.0
geo_pessimistic,85,85,new_utility_pv,WECC_N,0.0,0.0,0.0,0.0,0.0,0.0,0.0
geo_pessimistic,86,86,new_utility_pv,WECC_N,26111.321628494796,0.0,26111.321628494796,0.0,181103.7814403356,0.79176182451237,15.604041563101557
geo_pessimistic,87,87,new_utility_pv,WECC_N,0.0,0.0,0.0,0.0,0.0,0.0,0.0
geo_pessimistic,88,88,new_utility_pv,WECC_N,0.0,0.0,0.0,0.0,0.0,0.0,0.0
geo_pessimistic,89,89,new_utility_pv,WECC_N,0.0,0.0,0.0,0.0,0.0,0.0,0.0
geo_pessimistic,90,90,new_utility_pv,WECC_N,0.0,0.0,0.0,0.0,0.0,0.0,0.0
geo_pessimistic,91,91,new_utility_pv,WECC_N,0.0,0.0,0.0,0.0,0.0,0.0,0.0
geo_pessimistic,92,92,new_utility_pv,WECC_N,0.0,0.0,0.0,0.0,0.0,0.0,0.0
geo_pessimistic,93,93,battery,WECC_N,0.0,0.0,0.0,0.0,0.0,0.0,0.0
geo_pessimistic,94,94,nuclear,WECC_N,0.0,0.0,0.0,0.0,0.0,0.0,0.0
geo_pessimistic,95,95,naturalgas_ccs100,WECC_N,0.0,0.0,0.0,0.0,0.0,0.0,0.0
geo_pessimistic,96,96,naturalgas_ccccsavgcf,WECC_NMAZ,0.0,0.0,0.0,0.0,0.0,0.0,0.0
geo_pessimistic,97,97,new_onshore_wind,WECC_NMAZ,0.0,0.0,0.0,0.0,0.0,0.0,0.0
geo_pessimistic,98,98,new_onshore_wind,WECC_NMAZ,0.0,0.0,0.0,0.0,0.0,0.0,0.0
geo_pessimistic,99,99,new_onshore_wind,WECC_NMAZ,0.0,0.0,0.0,0.0,0.0,0.0,0.0
geo_pessimistic,100,100,new_onshore_wind,WECC_NMAZ,0.0,0.0,0.0,0.0,0.0,0.0,0.0
geo_pessimistic,101,101,new_onshore_wind,WECC_NMAZ,0.0,0.0,0.0,0.0,0.0,0.0,0.0
geo_pessimistic,102,102,new_onshore_wind,WECC_NMAZ,0.0,0.0,0.0,0.0,0.0,0.0,0.0
geo_pessimistic,103,103,new_onshore_wind,WECC_NMAZ,0.0,0.0,0.0,0.0,0.0,0.0,0.0
geo_pessimistic,104,104,new_utility_pv,WECC_NMAZ,39161.1053575032,0.0,39161.1053575032,0.0,201834.85195913093,0.5883518354289289,17.390246596757603
geo_pessimistic,105,105,new_utility_pv,WECC_NMAZ,0.0,0.0,0.0,0.0,0.0,0.0,0.0
geo_pessimistic,106,106,new_utility_pv,WECC_NMAZ,0.0,0.0,0.0,0.0,0.0,0.0,0.0
geo_pessimistic,107,107,new_utility_pv,WECC_NMAZ,0.0,0.0,0.0,0.0,0.0,0.0,0.0
geo_pessimistic,108,108,new_utility_pv,WECC_NMAZ,0.0,0.0,0.0,0.0,0.0,0.0,0.0
geo_pessimistic,109,109,new_utility_pv,WECC_NMAZ,0.0,0.0,0.0,0.0,0.0,0.0,0.0
geo_pessimistic,110,110,new_utility_pv,WECC_NMAZ,0.0,0.0,0.0,0.0,0.0,0.0,0.0
geo_pessimistic,111,111,new_utility_pv,WECC_NMAZ,0.0,0.0,0.0,0.0,0.0,0.0,0.0
geo_pessimistic,112,112,new_utility_pv,WECC_NMAZ,0.0,0.0,0.0,0.0,0.0,0.0,0.0
geo_pessimistic,113,113,new_utility_pv,WECC_NMAZ,0.0,0.0,0.0,0.0,0.0,0.0,0.0
geo_pessimistic,114,114,new_utility_pv,WECC_NMAZ,0.0,0.0,0.0,0.0,0.0,0.0,0.0
geo_pessimistic,115,115,new_utility_pv,WECC_NMAZ,0.0,0.0,0.0,0.0,0.0,0.0,0.0
geo_pessimistic,116,116,battery,WECC_NMAZ,0.0,0.0,0.0,0.0,0.0,0.0,0.0
geo_pessimistic,117,117,nuclear,WECC_NMAZ,0.0,0.0,0.0,0.0,0.0,0.0,0.0
geo_pessimistic,118,118,naturalgas_ccs100,WECC_NMAZ,0.0,0.0,0.0,0.0,0.0,0.0,0.0
geo_pessimistic,119,119,naturalgas_ccccsavgcf,WECC_PNW,0.0,0.0,0.0,0.0,0.0,0.0,0.0
geo_pessimistic,120,120,new_onshore_wind,WECC_PNW,0.0,0.0,0.0,0.0,0.0,0.0,0.0
geo_pessimistic,121,121,new_floating_offshore_wind,WECC_PNW,0.0,0.0,0.0,0.0,0.0,0.0,0.0
geo_pessimistic,122,122,new_floating_offshore_wind,WECC_PNW,0.0,0.0,0.0,0.0,0.0,0.0,0.0
geo_pessimistic,123,123,new_floating_offshore_wind,WECC_PNW,0.0,0.0,0.0,0.0,0.0,0.0,0.0
geo_pessimistic,124,124,new_utility_pv,WECC_PNW,0.0,0.0,0.0,0.0,0.0,0.0,0.0
geo_pessimistic,125,125,battery,WECC_PNW,0.0,0.0,0.0,0.0,0.0,0.0,0.0
geo_pessimistic,126,126,nuclear,WECC_PNW,0.0,0.0,0.0,0.0,0.0,0.0,0.0
geo_pessimistic,127,127,naturalgas_ccs100,WECC_PNW,0.0,0.0,0.0,0.0,0.0,0.0,0.0
geo_pessimistic,128,128,naturalgas_ccccsavgcf,WECC_WYCO,0.0,0.0,0.0,0.0,0.0,0.0,0.0
geo_pessimistic,129,129,new_onshore_wind,WECC_WYCO,0.0,0.0,0.0,0.0,0.0,0.0,0.0
geo_pessimistic,130,130,new_onshore_wind,WECC_WYCO,0.0,0.0,0.0,0.0,0.0,0.0,0.0
geo_pessimistic,131,131,new_onshore_wind,WECC_WYCO,0.0,0.0,0.0,0.0,0.0,0.0,0.0
geo_pessimistic,132,132,new_onshore_wind,WECC_WYCO,0.0,0.0,0.0,0.0,0.0,0.0,0.0
geo_pessimistic,133,133,new_onshore_wind,WECC_WYCO,0.0,0.0,0.0,0.0,0.0,0.0,0.0
geo_pessimistic,134,134,new_onshore_wind,WECC_WYCO,0.0,0.0,0.0,0.0,0.0,0.0,0.0
geo_pessimistic,135,135,new_onshore_wind,WECC_WYCO,0.0,0.0,0.0,0.0,0.0,0.0,0.0
geo_pessimistic,136,136,new_utility_pv,WECC_WYCO,0.0,0.0,0.0,0.0,0.0,0.0,0.0
geo_pessimistic,137,137,new_utility_pv,WECC_WYCO,13395.625497280515,0.0,13395.625497280515,0.0,79007.68745530403,0.6732901278409524,6.807363319817034
geo_pessimistic,138,138,new_utility_pv,WECC_WYCO,0.0,0.0,0.0,0.0,0.0,0.0,0.0
geo_pessimistic,139,139,new_utility_pv,WECC_WYCO,0.0,0.0,0.0,0.0,0.0,0.0,0.0
geo_pessimistic,140,140,new_utility_pv,WECC_WYCO,0.0,0.0,0.0,0.0,0.0,0.0,0.0
geo_pessimistic,141,141,battery,WECC_WYCO,5646.157058314514,0.0,5646.157058314514,0.0,5424.881563137161,0.10968145428068682,0.4674119817535861
geo_pessimistic,142,142,nuclear,WECC_WYCO,0.0,0.0,0.0,0.0,0.0,0.0,0.0
geo_pessimistic,143,143,naturalgas_ccs100,WECC_WYCO,0.0,0.0,0.0,0.0,0.0,0.0,0.0
geo_pessimistic,144,156,new_biogas_CCGT,CA_N,0.0,0.0,0.0,0.0,0.0,0.0,0.0
geo_pessimistic,145,157,new_biogas_CCGT,CA_S,0.0,0.0,0.0,0.0,0.0,0.0,0.0
geo_pessimistic,146,158,new_biogas_CCGT,WECC_N,0.0,0.0,0.0,0.0,0.0,0.0,0.0
geo_pessimistic,147,159,new_biogas_CCGT,WECC_NMAZ,0.0,0.0,0.0,0.0,0.0,0.0,0.0
geo_pessimistic,148,160,new_biogas_CCGT,WECC_PNW,0.0,0.0,0.0,0.0,0.0,0.0,0.0
geo_pessimistic,149,161,new_biogas_CCGT,WECC_WYCO,0.0,0.0,0.0,0.0,0.0,0.0,0.0
geo_pessimistic,150,162,biomass,WECC_PNW,0.0,28.4,0.0,28.4,0.0,0.0,0.0
geo_pessimistic,151,163,biomass,WECC_PNW,0.0,74.43,0.0,74.43,0.0,0.0,0.0
geo_pessimistic,152,164,conventional_hydroelectric,WECC_PNW,29850.0,29850.0,0.0,0.0,237511.8606927241,0.9083157824614858,20.464205200485214
geo_pessimistic,153,165,geothermal,WECC_PNW,14.49,14.49,0.0,0.0,30.929509131181383,0.24366914303346807,0.002664910374432373
geo_pessimistic,154,166,geothermal,WECC_PNW,1.17,1.17,0.0,0.0,9.84617742857191,0.9606776556777027,0.0008483542453459208
geo_pessimistic,155,167,hydroelectric_pumped_storage,WECC_PNW,214.0,214.0,0.0,0.0,452.2304846795639,0.24123590912365248,0.038964527537301986
geo_pessimistic,156,168,hydroelectric_pumped_storage,WECC_PNW,100.0,100.0,0.0,0.0,213.152121361215,0.24332433945344176,0.018365351261753877
geo_pessimistic,157,169,nuclear,WECC_PNW,1163.0,1163.0,0.0,0.0,25.983246918034087,0.002550407633191016,0.002238736605214989
geo_pessimistic,158,170,onshore_wind_turbine,WECC_PNW,5254.0,5254.0,0.0,0.0,35364.98848884595,0.7683858284283067,3.047074698660349
geo_pessimistic,159,171,solar_photovoltaic,WECC_PNW,209.9,209.9,0.0,0.0,438.7985394019,0.23864296077165467,0.03780722076701224
bat_pessimistic,1,1,biomass,CA_N,36.72,36.72,0.0,0.0,135.9563830813139,0.4226616300366151,0.011714106881134861
bat_pessimistic,2,2,biomass,CA_N,0.0,33.06,0.0,33.06,0.0,0.0,0.0
bat_pessimistic,3,3,conventional_hydroelectric,CA_N,0.0,6607.44,0.0,6607.44,0.0,0.0,0.0
bat_pessimistic,4,4,geothermal,CA_N,542.55,542.55,0.0,0.0,4363.826977327818,0.9181711630912156,0.3759906998454384
bat_pessimistic,5,5,geothermal,CA_N,100.32,100.32,0.0,0.0,821.5292962752899,0.9348273837365293,0.07078359812497044
bat_pessimistic,6,6,hydroelectric_pumped_storage,CA_N,615.15,615.15,0.0,0.0,1193.512069068364,0.22148365436880935,0.10283392088056213
bat_pessimistic,7,7,hydroelectric_pumped_storage,CA_N,1175.8,1175.8,0.0,0.0,2196.2929624264007,0.21323216083195282,0.1892342964784507
bat_pessimistic,8,8,onshore_wind_turbine,CA_N,1327.6,1327.6,0.0,0.0,1238.2735441685625,0.1064744105276458,0.10669060411673927
bat_pessimistic,9,9,small_hydroelectric,CA_N,231.4,231.4,0.0,0.0,620.3823712226233,0.3060497207895869,0.05345262384133338
bat_pessimistic,10,10,small_hydroelectric,CA_N,1.95,1.95,0.0,0.0,3.990883928571426,0.23363095238095224,0.00034385763897182135
bat_pessimistic,11,11,solar_photovoltaic,CA_N,2787.1,2787.1,0.0,0.0,3774.400402435036,0.15459352942081317,0.32520525130385924
bat_pessimistic,12,12,biomass,CA_S,0.0,67.2,0.0,67.2,0.0,0.0,0.0
bat_pessimistic,13,13,biomass,CA_S,0.0,38.1,0.0,38.1,0.0,0.0,0.0
bat_pessimistic,14,14,conventional_hydroelectric,CA_S,0.0,1396.0,0.0,1396.0,0.0,0.0,0.0
bat_pessimistic,15,15,geothermal,CA_S,535.15,535.15,0.0,0.0,4288.955807265717,0.9148964352301936,0.36953974205628837
bat_pessimistic,16,16,geothermal,CA_S,73.02,73.02,0.0,0.0,635.6184016384664,0.9936891025641102,0.05476537197930542
bat_pessimistic,17,17,hydroelectric_pumped_storage,CA_S,1623.0,1623.0,0.0,0.0,2592.043707222387,0.18231386344291584,0.22333248604308667
bat_pessimistic,18,18,hydroelectric_pumped_storage,CA_S,42.0,42.0,0.0,0.0,96.30153894723674,0.26174586580570974,0.00829741490968473
bat_pessimistic,19,19,onshore_wind_turbine,CA_S,4735.6,4735.6,0.0,0.0,7051.5261753716195,0.16998241859126162,0.6075649367931465
bat_pessimistic,20,20,small_hydroelectric,CA_S,126.44,126.44,0.0,0.0,463.02091002211966,0.41803438996650794,0.03989423891157417
bat_pessimistic,21,21,small_hydroelectric,CA_S,7.0,7.0,0.0,0.0,9.229691826922801,0.15051682692307242,0.0007952373701781014
bat_pessimistic,22,22,solar_photovoltaic,CA_S,9520.0,9520.0,0.0,0.0,9823.773515490826,0.11779782907758271,0.8464239069061985
bat_pessimistic,23,23,biomass,WECC_N,6.24,6.24,0.0,0.0,20.46332245714287,0.37435828754578776,0.0017631356540481914
bat_pessimistic,24,24,biomass,WECC_N,0.0,13.8,0.0,13.8,0.0,0.0,0.0
bat_pessimistic,25,25,conventional_hydroelectric,WECC_N,0.0,4648.1,0.0,4648.1,0.0,0.0,0.0
bat_pessimistic,26,26,geothermal,WECC_N,165.24,165.24,0.0,0.0,640.504512812836,0.4424894306308825,0.05518636308860435
bat_pessimistic,27,27,geothermal,WECC_N,215.16,215.16,0.0,0.0,1736.8975598754507,0.9215280589084023,0.14965243408832482
bat_pessimistic,28,28,onshore_wind_turbine,WECC_N,3893.9,3893.9,0.0,0.0,3830.0744728576497,0.11228411447133062,0.33000217217404937
bat_pessimistic,29,29,solar_photovoltaic,WECC_N,1185.7,1185.7,0.0,0.0,1238.9023376936364,0.11927739520896816,0.10674478145208716
bat_pessimistic,30,30,biomass,WECC_NMAZ,0.0,3.54,0.0,3.54,0.0,0.0,0.0
bat_pessimistic,31,31,biomass,WECC_NMAZ,0.0,11.4,0.0,11.4,0.0,0.0,0.0
bat_pessimistic,32,32,conventional_hydroelectric,WECC_NMAZ,0.0,3960.0,0.0,3960.0,0.0,0.0,0.0
bat_pessimistic,33,33,geothermal,WECC_NMAZ,0.68,0.68,0.0,0.0,5.641429170329858,0.9470570054945371,0.00048606989069480973
bat_pessimistic,34,34,geothermal,WECC_NMAZ,2.66,2.66,0.0,0.0,22.06322238461573,0.9468543956044104,0.0019009842664103487
bat_pessimistic,35,35,hydroelectric_pumped_storage,WECC_NMAZ,119.0,119.0,0.0,0.0,285.6609792347436,0.27403109937717623,0.02461277040978703
bat_pessimistic,36,36,hydroelectric_pumped_storage,WECC_NMAZ,97.3,97.3,0.0,0.0,235.6877497493326,0.2765158711574763,0.02030703839397231
bat_pessimistic,37,37,nuclear,WECC_NMAZ,4002.99,4002.99,0.0,0.0,36.12588502747253,0.0010302197802197802,0.0031126341315972075
bat_pessimistic,38,38,onshore_wind_turbine,WECC_NMAZ,0.0,1235.1,0.0,1235.1,0.0,0.0,0.0
bat_pessimistic,39,39,solar_photovoltaic,WECC_NMAZ,6266.4,6266.4,0.0,0.0,9727.068363510285,0.17719838055463533,0.8380917163861041
bat_pessimistic,40,40,biomass,WECC_WYCO,0.0,4.8,0.0,4.8,0.0,0.0,0.0
bat_pessimistic,41,41,biomass,WECC_WYCO,0.0,8.04,0.0,8.04,0.0,0.0,0.0
bat_pessimistic,42,42,conventional_hydroelectric,WECC_WYCO,0.0,961.87,0.0,961.87,0.0,0.0,0.0
bat_pessimistic,43,43,hydroelectric_pumped_storage,WECC_WYCO,324.0,324.0,0.0,0.0,683.5971648344083,0.24085248775100354,0.05889925924052934
bat_pessimistic,44,44,hydroelectric_pumped_storage,WECC_WYCO,238.5,238.5,0.0,0.0,514.3366518450555,0.2461812564472854,0.044315642826380224
bat_pessimistic,45,45,onshore_wind_turbine,WECC_WYCO,5751.7,5751.7,0.0,0.0,26070.805644860466,0.5174329964795888,2.246280732685686
bat_pessimistic,46,46,solar_photovoltaic,WECC_WYCO,593.1,593.1,0.0,0.0,1255.9469773011785,0.24173485519185597,0.10821336075368389
bat_pessimistic,47,47,naturalgas_ccccsavgcf,CA_N,0.0,0.0,0.0,0.0,0.0,0.0,0.0
bat_pessimistic,48,48,new_onshore_wind,CA_N,0.0,0.0,0.0,0.0,0.0,0.0,0.0
bat_pessimistic,49,49,new_floating_offshore_wind,CA_N,0.0,0.0,0.0,0.0,0.0,0.0,0.0
bat_pessimistic,50,50,new_floating_offshore_wind,CA_N,0.0,0.0,0.0,0.0,0.0,0.0,0.0
bat_pessimistic,51,51,new_floating_offshore_wind,CA_N,0.0,0.0,0.0,0.0,0.0,0.0,0.0
bat_pessimistic,52,52,new_floating_offshore_wind,CA_N,0.0,0.0,0.0,0.0,0.0,0.0,0.0
bat_pessimistic,53,53,new_floating_offshore_wind,CA_N,0.0,0.0,0.0,0.0,0.0,0.0,0.0
bat_pessimistic,54,54,new_utility_pv,CA_N,0.0,0.0,0.0,0.0,0.0,0.0,0.0
bat_pessimistic,55,55,new_utility_pv,CA_N,0.0,0.0,0.0,0.0,0.0,0.0,0.0
bat_pessimistic,56,56,new_utility_pv,CA_N,0.0,0.0,0.0,0.0,0.0,0.0,0.0
bat_pessimistic,57,57,new_utility_pv,CA_N,20046.18047999999,0.0,20046.18047999999,0.0,160924.43805471135,0.9164024867119619,13.865373764996436
bat_pessimistic,58,58,battery,CA_N,26629.412070000013,0.0,26629.412070000013,0.0,24817.21839591936,0.10638671973582668,2.1382706879484616
bat_pessimistic,59,59,nuclear,CA_N,0.0,0.0,0.0,0.0,0.0,0.0,0.0
bat_pessimistic,60,60,naturalgas_ccs100,CA_N,0.0,0.0,0.0,0.0,0.0,0.0,0.0
bat_pessimistic,61,61,naturalgas_ccccsavgcf,CA_S,0.0,0.0,0.0,0.0,0.0,0.0,0.0
bat_pessimistic,62,62,new_onshore_wind,CA_S,0.0,0.0,0.0,0.0,0.0,0.0,0.0
bat_pessimistic,63,63,new_onshore_wind,CA_S,0.0,0.0,0.0,0.0,0.0,0.0,0.0
bat_pessimistic,64,64,new_onshore_wind,CA_S,0.0,0.0,0.0,0.0,0.0,0.0,0.0
bat_pessimistic,65,65,new_utility_pv,CA_S,0.0,0.0,0.0,0.0,0.0,0.0,0.0
bat_pessimistic,66,66,new_utility_pv,CA_S,0.0,0.0,0.0,0.0,0.0,0.0,0.0
bat_pessimistic,67,67,new_utility_pv,CA_S,0.0,0.0,0.0,0.0,0.0,0.0,0.0
bat_pessimistic,68,68,new_utility_pv,CA_S,0.0,0.0,0.0,0.0,0.0,0.0,0.0
bat_pessimistic,69,69,new_utility_pv,CA_S,20451.59,0.0,20451.59,0.0,137453.4036867025,0.7672277714405934,11.843091331716305
bat_pessimistic,70,70,new_utility_pv,CA_S,18916.967043312223,0.0,18916.967043312223,0.0,96588.4961068369,0.5828674335169876,8.322139359995038
bat_pessimistic,71,71,new_utility_pv,CA_S,0.0,0.0,0.0,0.0,0.0,0.0,0.0
bat_pessimistic,72,72,new_utility_pv,CA_S,0.0,0.0,0.0,0.0,0.0,0.0,0.0
bat_pessimistic,73,73,new_utility_pv,CA_S,0.0,0.0,0.0,0.0,0.0,0.0,0.0
bat_pessimistic,74,74,new_utility_pv,CA_S,0.0,0.0,0.0,0.0,0.0,0.0,0.0
bat_pessimistic,75,75,battery,CA_S,0.0,0.0,0.0,0.0,0.0,0.0,0.0
bat_pessimistic,76,76,nuclear,CA_S,0.0,0.0,0.0,0.0,0.0,0.0,0.0
bat_pessimistic,77,77,naturalgas_ccs100,CA_S,0.0,0.0,0.0,0.0,0.0,0.0,0.0
bat_pessimistic,78,78,naturalgas_ccccsavgcf,WECC_N,0.0,0.0,0.0,0.0,0.0,0.0,0.0
bat_pessimistic,79,79,new_onshore_wind,WECC_N,0.0,0.0,0.0,0.0,0.0,0.0,0.0
bat_pessimistic,80,80,new_onshore_wind,WECC_N,0.0,0.0,0.0,0.0,0.0,0.0,0.0
bat_pessimistic,81,81,new_onshore_wind,WECC_N,0.0,0.0,0.0,0.0,0.0,0.0,0.0
bat_pessimistic,82,82,new_onshore_wind,WECC_N,0.0,0.0,0.0,0.0,0.0,0.0,0.0
bat_pessimistic,83,83,new_onshore_wind,WECC_N,0.0,0.0,0.0,0.0,0.0,0.0,0.0
bat_pessimistic,84,84,new_onshore_wind,WECC_N,0.0,0.0,0.0,0.0,0.0,0.0,0.0
bat_pessimistic,85,85,new_utility_pv,WECC_N,0.0,0.0,0.0,0.0,0.0,0.0,0.0
bat_pessimistic,86,86,new_utility_pv,WECC_N,26612.098025933992,0.0,26612.098025933992,0.0,158893.98516298996,0.6815916115853341,13.690428376985428
bat_pessimistic,87,87,new_utility_pv,WECC_N,0.0,0.0,0.0,0.0,0.0,0.0,0.0
bat_pessimistic,88,88,new_utility_pv,WECC_N,0.0,0.0,0.0,0.0,0.0,0.0,0.0
bat_pessimistic,89,89,new_utility_pv,WECC_N,0.0,0.0,0.0,0.0,0.0,0.0,0.0
bat_pessimistic,90,90,new_utility_pv,WECC_N,0.0,0.0,0.0,0.0,0.0,0.0,0.0
bat_pessimistic,91,91,new_utility_pv,WECC_N,0.0,0.0,0.0,0.0,0.0,0.0,0.0
bat_pessimistic,92,92,new_utility_pv,WECC_N,0.0,0.0,0.0,0.0,0.0,0.0,0.0
bat_pessimistic,93,93,battery,WECC_N,0.0,0.0,0.0,0.0,0.0,0.0,0.0
bat_pessimistic,94,94,nuclear,WECC_N,0.0,0.0,0.0,0.0,0.0,0.0,0.0
bat_pessimistic,95,95,naturalgas_ccs100,WECC_N,0.0,0.0,0.0,0.0,0.0,0.0,0.0
bat_pessimistic,96,96,naturalgas_ccccsavgcf,WECC_NMAZ,0.0,0.0,0.0,0.0,0.0,0.0,0.0
bat_pessimistic,97,97,new_onshore_wind,WECC_NMAZ,0.0,0.0,0.0,0.0,0.0,0.0,0.0
bat_pessimistic,98,98,new_onshore_wind,WECC_NMAZ,0.0,0.0,0.0,0.0,0.0,0.0,0.0
bat_pessimistic,99,99,new_onshore_wind,WECC_NMAZ,0.0,0.0,0.0,0.0,0.0,0.0,0.0
bat_pessimistic,100,100,new_onshore_wind,WECC_NMAZ,0.0,0.0,0.0,0.0,0.0,0.0,0.0
bat_pessimistic,101,101,new_onshore_wind,WECC_NMAZ,0.0,0.0,0.0,0.0,0.0,0.0,0.0
bat_pessimistic,102,102,new_onshore_wind,WECC_NMAZ,0.0,0.0,0.0,0.0,0.0,0.0,0.0
bat_pessimistic,103,103,new_onshore_wind,WECC_NMAZ,0.0,0.0,0.0,0.0,0.0,0.0,0.0
bat_pessimistic,104,104,new_utility_pv,WECC_NMAZ,41232.620882063195,0.0,41232.620882063195,0.0,194655.069432142,0.5389154960719205,16.77163099373622
bat_pessimistic,105,105,new_utility_pv,WECC_NMAZ,0.0,0.0,0.0,0.0,0.0,0.0,0.0
bat_pessimistic,106,106,new_utility_pv,WECC_NMAZ,0.0,0.0,0.0,0.0,0.0,0.0,0.0
bat_pessimistic,107,107,new_utility_pv,WECC_NMAZ,0.0,0.0,0.0,0.0,0.0,0.0,0.0
bat_pessimistic,108,108,new_utility_pv,WECC_NMAZ,0.0,0.0,0.0,0.0,0.0,0.0,0.0
bat_pessimistic,109,109,new_utility_pv,WECC_NMAZ,0.0,0.0,0.0,0.0,0.0,0.0,0.0
bat_pessimistic,110,110,new_utility_pv,WECC_NMAZ,0.0,0.0,0.0,0.0,0.0,0.0,0.0
bat_pessimistic,111,111,new_utility_pv,WECC_NMAZ,0.0,0.0,0.0,0.0,0.0,0.0,0.0
bat_pessimistic,112,112,new_utility_pv,WECC_NMAZ,0.0,0.0,0.0,0.0,0.0,0.0,0.0
bat_pessimistic,113,113,new_utility_pv,WECC_NMAZ,0.0,0.0,0.0,0.0,0.0,0.0,0.0
bat_pessimistic,114,114,new_utility_pv,WECC_NMAZ,0.0,0.0,0.0,0.0,0.0,0.0,0.0
bat_pessimistic,115,115,new_utility_pv,WECC_NMAZ,0.0,0.0,0.0,0.0,0.0,0.0,0.0
bat_pessimistic,116,116,battery,WECC_NMAZ,0.0,0.0,0.0,0.0,0.0,0.0,0.0
bat_pessimistic,117,117,nuclear,WECC_NMAZ,0.0,0.0,0.0,0.0,0.0,0.0,0.0
bat_pessimistic,118,118,naturalgas_ccs100,WECC_NMAZ,0.0,0.0,0.0,0.0,0.0,0.0,0.0
bat_pessimistic,119,119,naturalgas_ccccsavgcf,WECC_PNW,0.0,0.0,0.0,0.0,0.0,0.0,0.0
bat_pessimistic,120,120,new_onshore_wind,WECC_PNW,0.0,0.0,0.0,0.0,0.0,0.0,0.0
bat_pessimistic,121,121,new_floating_offshore_wind,WECC_PNW,0.0,0.0,0.0,0.0,0.0,0.0,0.0
bat_pessimistic,122,122,new_floating_offshore_wind,WECC_PNW,0.0,0.0,0.0,0.0,0.0,0.0,0.0
bat_pessimistic,123,123,new_floating_offshore_wind,WECC_PNW,0.0,0.0,0.0,0.0,0.0,0.0,0.0
bat_pessimistic,124,124,new_utility_pv,WECC_PNW,0.0,0.0,0.0,0.0,0.0,0.0,0.0
bat_pessimistic,125,125,battery,WECC_PNW,0.0,0.0,0.0,0.0,0.0,0.0,0.0
bat_pessimistic,126,126,nuclear,WECC_PNW,0.0,0.0,0.0,0.0,0.0,0.0,0.0
bat_pessimistic,127,127,naturalgas_ccs100,WECC_PNW,0.0,0.0,0.0,0.0,0.0,0.0,0.0
bat_pessimistic,128,128,naturalgas_ccccsavgcf,WECC_WYCO,0.0,0.0,0.0,0.0,0.0,0.0,0.0
bat_pessimistic,129,129,new_onshore_wind,WECC_WYCO,0.0,0.0,0.0,0.0,0.0,0.0,0.0
bat_pessimistic,130,130,new_onshore_wind,WECC_WYCO,0.0,0.0,0.0,0.0,0.0,0.0,0.0
bat_pessimistic,131,131,new_onshore_wind,WECC_WYCO,0.0,0.0,0.0,0.0,0.0,0.0,0.0
bat_pessimistic,132,132,new_onshore_wind,WECC_WYCO,0.0,0.0,0.0,0.0,0.0,0.0,0.0
bat_pessimistic,133,133,new_onshore_wind,WECC_WYCO,0.0,0.0,0.0,0.0,0.0,0.0,0.0
bat_pessimistic,134,134,new_onshore_wind,WECC_WYCO,0.0,0.0,0.0,0.0,0.0,0.0,0.0
bat_pessimistic,135,135,new_onshore_wind,WECC_WYCO,0.0,0.0,0.0,0.0,0.0,0.0,0.0
bat_pessimistic,136,136,new_utility_pv,WECC_WYCO,0.0,0.0,0.0,0.0,0.0,0.0,0.0
bat_pessimistic,137,137,new_utility_pv,WECC_WYCO,14675.7,0.0,14675.7,0.0,87035.46895195608,0.677007285269755,7.499043168448603
bat_pessimistic,138,138,new_utility_pv,WECC_WYCO,0.0,0.0,0.0,0.0,0.0,0.0,0.0
bat_pessimistic,139,139,new_utility_pv,WECC_WYCO,0.0,0.0,0.0,0.0,0.0,0.0,0.0
bat_pessimistic,140,140,new_utility_pv,WECC_WYCO,0.0,0.0,0.0,0.0,0.0,0.0,0.0
bat_pessimistic,141,141,battery,WECC_WYCO,0.0,0.0,0.0,0.0,0.0,0.0,0.0
bat_pessimistic,142,142,nuclear,WECC_WYCO,0.0,0.0,0.0,0.0,0.0,0.0,0.0
bat_pessimistic,143,143,naturalgas_ccs100,WECC_WYCO,0.0,0.0,0.0,0.0,0.0,0.0,0.0
bat_pessimistic,144,156,new_biogas_CCGT,CA_N,0.0,0.0,0.0,0.0,0.0,0.0,0.0
bat_pessimistic,145,157,new_biogas_CCGT,CA_S,0.0,0.0,0.0,0.0,0.0,0.0,0.0
bat_pessimistic,146,158,new_biogas_CCGT,WECC_N,0.0,0.0,0.0,0.0,0.0,0.0,0.0
bat_pessimistic,147,159,new_biogas_CCGT,WECC_NMAZ,0.0,0.0,0.0,0.0,0.0,0.0,0.0
bat_pessimistic,148,160,new_biogas_CCGT,WECC_PNW,0.0,0.0,0.0,0.0,0.0,0.0,0.0
bat_pessimistic,149,161,new_biogas_CCGT,WECC_WYCO,0.0,0.0,0.0,0.0,0.0,0.0,0.0
bat_pessimistic,150,162,biomass,WECC_PNW,0.0,28.4,0.0,28.4,0.0,0.0,0.0
bat_pessimistic,151,163,biomass,WECC_PNW,0.0,74.43,0.0,74.43,0.0,0.0,0.0
bat_pessimistic,152,164,conventional_hydroelectric,WECC_PNW,29850.0,29850.0,0.0,0.0,229404.6454972309,0.8773113875971597,19.76568128306408
bat_pessimistic,153,165,geothermal,WECC_PNW,14.49,14.49,0.0,0.0,24.47746617115388,0.19283859890109914,0.002108997374082603
bat_pessimistic,154,166,geothermal,WECC_PNW,1.17,1.17,0.0,0.0,9.767959232143339,0.9530460164835636,0.0008416149051822017
bat_pessimistic,155,167,hydroelectric_pumped_storage,WECC_PNW,214.0,214.0,0.0,0.0,445.7182146123754,0.23776203143663602,0.03840342532292315
bat_pessimistic,156,168,hydroelectric_pumped_storage,WECC_PNW,100.0,100.0,0.0,0.0,217.43209435594898,0.24821015337437097,0.01873411703775057
bat_pessimistic,157,169,nuclear,WECC_PNW,1163.0,1163.0,0.0,0.0,22.93994857562392,0.002251690103890497,0.0019765236715798564
bat_pessimistic,158,170,onshore_wind_turbine,WECC_PNW,5254.0,5254.0,0.0,0.0,24737.446840405642,0.5374780085015818,2.1313975091672694
bat_pessimistic,159,171,solar_photovoltaic,WECC_PNW,209.9,209.9,0.0,0.0,380.419364333799,0.2068931304175064,0.03277722599309119
bat_moderate,1,1,biomass,CA_N,36.72,36.72,0.0,0.0,136.4245973802148,0.42411721611720066,0.011754448586439868
bat_moderate,2,2,biomass,CA_N,0.0,33.06,0.0,33.06,0.0,0.0,0.0
bat_moderate,3,3,conventional_hydroelectric,CA_N,0.0,6607.44,0.0,6607.44,0.0,0.0,0.0
bat_moderate,4,4,geothermal,CA_N,542.55,542.55,0.0,0.0,4355.190805239672,0.9163540690102572,0.3752466005939607
bat_moderate,5,5,geothermal,CA_N,100.32,100.32,0.0,0.0,824.2619885129875,0.9379369448279063,0.07101904899693495
bat_moderate,6,6,hydroelectric_pumped_storage,CA_N,615.15,615.15,0.0,0.0,1285.0472858866915,0.23847012216396926,0.11072066579754362
bat_moderate,7,7,hydroelectric_pumped_storage,CA_N,1175.8,1175.8,0.0,0.0,2357.609995469516,0.22889399653568387,0.20313349653060578
bat_moderate,8,8,onshore_wind_turbine,CA_N,1327.6,1327.6,0.0,0.0,1280.112999818387,0.11007202544729898,0.11029552390220765
bat_moderate,9,9,small_hydroelectric,CA_N,231.4,231.4,0.0,0.0,738.2789313455343,0.3642109629224999,0.06361068243996446
bat_moderate,10,10,small_hydroelectric,CA_N,1.95,1.95,0.0,0.0,4.659616071428524,0.2727793040293013,0.0004014761164477425
bat_moderate,11,11,solar_photovoltaic,CA_N,2787.1,2787.1,0.0,0.0,4315.339825558181,0.1767495610303676,0.3718130094323915
bat_moderate,12,12,biomass,CA_S,0.0,67.2,0.0,67.2,0.0,0.0,0.0
bat_moderate,13,13,biomass,CA_S,0.0,38.1,0.0,38.1,0.0,0.0,0.0
bat_moderate,14,14,conventional_hydroelectric,CA_S,0.0,1396.0,0.0,1396.0,0.0,0.0,0.0
bat_moderate,15,15,geothermal,CA_S,535.15,535.15,0.0,0.0,4327.1308833246085,0.9230397322400983,0.37282893606847267
bat_moderate,16,16,geothermal,CA_S,73.02,73.02,0.0,0.0,636.5768593500048,0.9951875000000076,0.05484795343535441
bat_moderate,17,17,hydroelectric_pumped_storage,CA_S,1623.0,1623.0,0.0,0.0,2476.159026192535,0.17416300400581078,0.2133477724996408
bat_moderate,18,18,hydroelectric_pumped_storage,CA_S,42.0,42.0,0.0,0.0,103.25441247640636,0.2806436520885148,0.008896479858352818
bat_moderate,19,19,onshore_wind_turbine,CA_S,4735.6,4735.6,0.0,0.0,5575.335001880445,0.134397704058187,0.48037516613764714
bat_moderate,20,20,small_hydroelectric,CA_S,126.44,126.44,0.0,0.0,365.6454759788809,0.3301198286866629,0.03150429637171432
bat_moderate,21,21,small_hydroelectric,CA_S,7.0,7.0,0.0,0.0,7.637730288461482,0.12455528846153754,0.000658072735539076
bat_moderate,22,22,solar_photovoltaic,CA_S,9520.0,9520.0,0.0,0.0,7278.465974193097,0.08727679739593043,0.6271182449845542
bat_moderate,23,23,biomass,WECC_N,6.24,6.24,0.0,0.0,20.4868242857143,0.3747882326007328,0.0017651605897338013
bat_moderate,24,24,biomass,WECC_N,0.0,13.8,0.0,13.8,0.0,0.0,0.0
bat_moderate,25,25,conventional_hydroelectric,WECC_N,0.0,4648.1,0.0,4648.1,0.0,0.0,0.0
bat_moderate,26,26,geothermal,WECC_N,165.24,165.24,0.0,0.0,449.156957898578,0.31029790202667573,0.03869971009807248
bat_moderate,27,27,geothermal,WECC_N,215.16,215.16,0.0,0.0,1697.946385795175,0.9008621309506397,0.14629637087171846
bat_moderate,28,28,onshore_wind_turbine,WECC_N,3893.9,3893.9,0.0,0.0,2501.4797196432014,0.07333445790117106,0.21552942298682798
bat_moderate,29,29,solar_photovoltaic,WECC_N,1185.7,1185.7,0.0,0.0,669.8710540627658,0.06449295640464833,0.05771660694427672
bat_moderate,30,30,biomass,WECC_NMAZ,0.0,3.54,0.0,3.54,0.0,0.0,0.0
bat_moderate,31,31,biomass,WECC_NMAZ,0.0,11.4,0.0,11.4,0.0,0.0,0.0
bat_moderate,32,32,conventional_hydroelectric,WECC_NMAZ,0.0,3960.0,0.0,3960.0,0.0,0.0,0.0
bat_moderate,33,33,geothermal,WECC_NMAZ,0.68,0.68,0.0,0.0,5.906184928571644,0.9915029761905124,0.0005088814511316985
bat_moderate,34,34,geothermal,WECC_NMAZ,2.66,2.66,0.0,0.0,23.089549038461993,0.9908997252747447,0.0019894133629016998
bat_moderate,35,35,hydroelectric_pumped_storage,WECC_NMAZ,119.0,119.0,0.0,0.0,289.7704686645113,0.27797328255296355,0.02496684719026744
bat_moderate,36,36,hydroelectric_pumped_storage,WECC_NMAZ,97.3,97.3,0.0,0.0,245.98925683409007,0.28860190536505054,0.021194624193864055
bat_moderate,37,37,nuclear,WECC_NMAZ,4002.99,4002.99,0.0,0.0,54.84421287366833,0.0015640196188984675,0.00472541970338841
bat_moderate,38,38,onshore_wind_turbine,WECC_NMAZ,0.0,1235.1,0.0,1235.1,0.0,0.0,0.0
bat_moderate,39,39,solar_photovoltaic,WECC_NMAZ,6266.4,6266.4,0.0,0.0,2756.123114853956,0.050208401371312286,0.2374696944214527
bat_moderate,40,40,biomass,WECC_WYCO,0.0,4.8,0.0,4.8,0.0,0.0,0.0
bat_moderate,41,41,biomass,WECC_WYCO,0.0,8.04,0.0,8.04,0.0,0.0,0.0
bat_moderate,42,42,conventional_hydroelectric,WECC_WYCO,0.0,961.87,0.0,961.87,0.0,0.0,0.0
bat_moderate,43,43,hydroelectric_pumped_storage,WECC_WYCO,324.0,324.0,0.0,0.0,722.1572325894841,0.25443839583315153,0.06222162443434746
bat_moderate,44,44,hydroelectric_pumped_storage,WECC_WYCO,238.5,238.5,0.0,0.0,561.6325225631931,0.2688188748950313,0.048390691544741925
bat_moderate,45,45,onshore_wind_turbine,WECC_WYCO,5751.7,5751.7,0.0,0.0,24732.688651619912,0.4908750950904075,2.130987539949691
bat_moderate,46,46,solar_photovoltaic,WECC_WYCO,593.1,593.1,0.0,0.0,1219.1482410917217,0.23465212213894368,0.10504275324502096
bat_moderate,47,47,naturalgas_ccccsavgcf,CA_N,0.0,0.0,0.0,0.0,0.0,0.0,0.0
bat_moderate,48,48,new_onshore_wind,CA_N,0.0,0.0,0.0,0.0,0.0,0.0,0.0
bat_moderate,49,49,new_floating_offshore_wind,CA_N,0.0,0.0,0.0,0.0,0.0,0.0,0.0
bat_moderate,50,50,new_floating_offshore_wind,CA_N,0.0,0.0,0.0,0.0,0.0,0.0,0.0
bat_moderate,51,51,new_floating_offshore_wind,CA_N,0.0,0.0,0.0,0.0,0.0,0.0,0.0
bat_moderate,52,52,new_floating_offshore_wind,CA_N,0.0,0.0,0.0,0.0,-5.471959881545914e-15,-5.471959881545914e-12,-4.714682859970905e-19
bat_moderate,53,53,new_floating_offshore_wind,CA_N,0.0,0.0,0.0,0.0,0.0,0.0,0.0
bat_moderate,54,54,new_utility_pv,CA_N,0.0,0.0,0.0,0.0,0.0,0.0,0.0
bat_moderate,55,55,new_utility_pv,CA_N,0.0,0.0,0.0,0.0,0.0,0.0,0.0
bat_moderate,56,56,new_utility_pv,CA_N,0.0,0.0,0.0,0.0,0.0,0.0,0.0
bat_moderate,57,57,new_utility_pv,CA_N,14825.834709930787,0.0,14825.834709930787,0.0,121074.91752456476,0.9322468439299072,10.431908325033042
bat_moderate,58,58,battery,CA_N,35919.400769694184,0.0,35919.400769694184,0.0,26677.300518618424,0.08478298287901764,2.298536799028757
bat_moderate,59,59,nuclear,CA_N,0.0,0.0,0.0,0.0,0.0,0.0,0.0
bat_moderate,60,60,naturalgas_ccs100,CA_N,0.0,0.0,0.0,0.0,0.0,0.0,0.0
bat_moderate,61,61,naturalgas_ccccsavgcf,CA_S,0.0,0.0,0.0,0.0,0.0,0.0,0.0
bat_moderate,62,62,new_onshore_wind,CA_S,0.0,0.0,0.0,0.0,0.0,0.0,0.0
bat_moderate,63,63,new_onshore_wind,CA_S,0.0,0.0,0.0,0.0,0.0,0.0,0.0
bat_moderate,64,64,new_onshore_wind,CA_S,0.0,0.0,0.0,0.0,0.0,0.0,0.0
bat_moderate,65,65,new_utility_pv,CA_S,0.0,0.0,0.0,0.0,0.0,0.0,0.0
bat_moderate,66,66,new_utility_pv,CA_S,0.0,0.0,0.0,0.0,0.0,0.0,0.0
bat_moderate,67,67,new_utility_pv,CA_S,0.0,0.0,0.0,0.0,0.0,0.0,0.0
bat_moderate,68,68,new_utility_pv,CA_S,0.0,0.0,0.0,0.0,0.0,0.0,0.0
bat_moderate,69,69,new_utility_pv,CA_S,20451.59,0.0,20451.59,0.0,141213.75024928388,0.7882170102347775,12.167085693333302
bat_moderate,70,70,new_utility_pv,CA_S,17116.833140982177,0.0,17116.833140982177,0.0,93519.06610487502,0.6236955393439606,8.057674902407646
bat_moderate,71,71,new_utility_pv,CA_S,0.0,0.0,0.0,0.0,0.0,0.0,0.0
bat_moderate,72,72,new_utility_pv,CA_S,0.0,0.0,0.0,0.0,0.0,0.0,0.0
bat_moderate,73,73,new_utility_pv,CA_S,0.0,0.0,0.0,0.0,0.0,0.0,0.0
bat_moderate,74,74,new_utility_pv,CA_S,0.0,0.0,0.0,0.0,0.0,0.0,0.0
bat_moderate,75,75,battery,CA_S,0.0,0.0,0.0,0.0,0.0,0.0,0.0
bat_moderate,76,76,nuclear,CA_S,0.0,0.0,0.0,0.0,0.0,0.0,0.0
bat_moderate,77,77,naturalgas_ccs100,CA_S,0.0,0.0,0.0,0.0,0.0,0.0,0.0
bat_moderate,78,78,naturalgas_ccccsavgcf,WECC_N,0.0,0.0,0.0,0.0,0.0,0.0,0.0
bat_moderate,79,79,new_onshore_wind,WECC_N,0.0,0.0,0.0,0.0,0.0,0.0,0.0
bat_moderate,80,80,new_onshore_wind,WECC_N,0.0,0.0,0.0,0.0,0.0,0.0,0.0
bat_moderate,81,81,new_onshore_wind,WECC_N,0.0,0.0,0.0,0.0,0.0,0.0,0.0
bat_moderate,82,82,new_onshore_wind,WECC_N,0.0,0.0,0.0,0.0,0.0,0.0,0.0
bat_moderate,83,83,new_onshore_wind,WECC_N,0.0,0.0,0.0,0.0,0.0,0.0,0.0
bat_moderate,84,84,new_onshore_wind,WECC_N,0.0,0.0,0.0,0.0,0.0,0.0,0.0
bat_moderate,85,85,new_utility_pv,WECC_N,0.0,0.0,0.0,0.0,0.0,0.0,0.0
bat_moderate,86,86,new_utility_pv,WECC_N,25730.921628494794,0.0,25730.921628494794,0.0,186685.46324483212,0.8282301834688515,16.084963574650306
bat_moderate,87,87,new_utility_pv,WECC_N,0.0,0.0,0.0,0.0,0.0,0.0,0.0
bat_moderate,88,88,new_utility_pv,WECC_N,0.0,0.0,0.0,0.0,0.0,0.0,0.0
bat_moderate,89,89,new_utility_pv,WECC_N,0.0,0.0,0.0,0.0,0.0,0.0,0.0
bat_moderate,90,90,new_utility_pv,WECC_N,0.0,0.0,0.0,0.0,0.0,0.0,0.0
bat_moderate,91,91,new_utility_pv,WECC_N,0.0,0.0,0.0,0.0,0.0,0.0,0.0
bat_moderate,92,92,new_utility_pv,WECC_N,0.0,0.0,0.0,0.0,0.0,0.0,0.0
bat_moderate,93,93,battery,WECC_N,0.0,0.0,0.0,0.0,0.0,0.0,0.0
bat_moderate,94,94,nuclear,WECC_N,0.0,0.0,0.0,0.0,0.0,0.0,0.0
bat_moderate,95,95,naturalgas_ccs100,WECC_N,0.0,0.0,0.0,0.0,0.0,0.0,0.0
bat_moderate,96,96,naturalgas_ccccsavgcf,WECC_NMAZ,0.0,0.0,0.0,0.0,0.0,0.0,0.0
bat_moderate,97,97,new_onshore_wind,WECC_NMAZ,0.0,0.0,0.0,0.0,0.0,0.0,0.0
bat_moderate,98,98,new_onshore_wind,WECC_NMAZ,0.0,0.0,0.0,0.0,0.0,0.0,0.0
bat_moderate,99,99,new_onshore_wind,WECC_NMAZ,0.0,0.0,0.0,0.0,0.0,0.0,0.0
bat_moderate,100,100,new_onshore_wind,WECC_NMAZ,0.0,0.0,0.0,0.0,0.0,0.0,0.0
bat_moderate,101,101,new_onshore_wind,WECC_NMAZ,0.0,0.0,0.0,0.0,0.0,0.0,0.0
bat_moderate,102,102,new_onshore_wind,WECC_NMAZ,0.0,0.0,0.0,0.0,0.0,0.0,0.0
bat_moderate,103,103,new_onshore_wind,WECC_NMAZ,0.0,0.0,0.0,0.0,0.0,0.0,0.0
bat_moderate,104,104,new_utility_pv,WECC_NMAZ,39157.765357503195,0.0,39157.765357503195,0.0,214087.3796441511,0.6241213809416748,18.445933837131953
bat_moderate,105,105,new_utility_pv,WECC_NMAZ,0.0,0.0,0.0,0.0,0.0,0.0,0.0
bat_moderate,106,106,new_utility_pv,WECC_NMAZ,0.0,0.0,0.0,0.0,0.0,0.0,0.0
bat_moderate,107,107,new_utility_pv,WECC_NMAZ,0.0,0.0,0.0,0.0,0.0,0.0,0.0
bat_moderate,108,108,new_utility_pv,WECC_NMAZ,0.0,0.0,0.0,0.0,0.0,0.0,0.0
bat_moderate,109,109,new_utility_pv,WECC_NMAZ,0.0,0.0,0.0,0.0,0.0,0.0,0.0
bat_moderate,110,110,new_utility_pv,WECC_NMAZ,0.0,0.0,0.0,0.0,0.0,0.0,0.0
bat_moderate,111,111,new_utility_pv,WECC_NMAZ,0.0,0.0,0.0,0.0,0.0,0.0,0.0
bat_moderate,112,112,new_utility_pv,WECC_NMAZ,0.0,0.0,0.0,0.0,0.0,0.0,0.0
bat_moderate,113,113,new_utility_pv,WECC_NMAZ,0.0,0.0,0.0,0.0,0.0,0.0,0.0
bat_moderate,114,114,new_utility_pv,WECC_NMAZ,0.0,0.0,0.0,0.0,0.0,0.0,0.0
bat_moderate,115,115,new_utility_pv,WECC_NMAZ,0.0,0.0,0.0,0.0,0.0,0.0,0.0
bat_moderate,116,116,battery,WECC_NMAZ,0.0,0.0,0.0,0.0,0.0,0.0,0.0
bat_moderate,117,117,nuclear,WECC_NMAZ,0.0,0.0,0.0,0.0,0.0,0.0,0.0
bat_moderate,118,118,naturalgas_ccs100,WECC_NMAZ,0.0,0.0,0.0,0.0,0.0,0.0,0.0
bat_moderate,119,119,naturalgas_ccccsavgcf,WECC_PNW,0.0,0.0,0.0,0.0,0.0,0.0,0.0
bat_moderate,120,120,new_onshore_wind,WECC_PNW,0.0,0.0,0.0,0.0,0.0,0.0,0.0
bat_moderate,121,121,new_floating_offshore_wind,WECC_PNW,0.0,0.0,0.0,0.0,0.0,0.0,0.0
bat_moderate,122,122,new_floating_offshore_wind,WECC_PNW,0.0,0.0,0.0,0.0,0.0,0.0,0.0
bat_moderate,123,123,new_floating_offshore_wind,WECC_PNW,0.0,0.0,0.0,0.0,0.0,0.0,0.0
bat_moderate,124,124,new_utility_pv,WECC_PNW,0.0,0.0,0.0,0.0,0.0,0.0,0.0
bat_moderate,125,125,battery,WECC_PNW,0.0,0.0,0.0,0.0,6.839949851932393e-16,6.839949851932393e-13,5.893353574963631e-20
bat_moderate,126,126,nuclear,WECC_PNW,0.0,0.0,0.0,0.0,0.0,0.0,0.0
bat_moderate,127,127,naturalgas_ccs100,WECC_PNW,0.0,0.0,0.0,0.0,0.0,0.0,0.0
bat_moderate,128,128,naturalgas_ccccsavgcf,WECC_WYCO,0.0,0.0,0.0,0.0,0.0,0.0,0.0
bat_moderate,129,129,new_onshore_wind,WECC_WYCO,0.0,0.0,0.0,0.0,0.0,0.0,0.0
bat_moderate,130,130,new_onshore_wind,WECC_WYCO,0.0,0.0,0.0,0.0,0.0,0.0,0.0
bat_moderate,131,131,new_onshore_wind,WECC_WYCO,0.0,0.0,0.0,0.0,0.0,0.0,0.0
bat_moderate,132,132,new_onshore_wind,WECC_WYCO,0.0,0.0,0.0,0.0,0.0,0.0,0.0
bat_moderate,133,133,new_onshore_wind,WECC_WYCO,0.0,0.0,0.0,0.0,0.0,0.0,0.0
bat_moderate,134,134,new_onshore_wind,WECC_WYCO,0.0,0.0,0.0,0.0,0.0,0.0,0.0
bat_moderate,135,135,new_onshore_wind,WECC_WYCO,0.0,0.0,0.0,0.0,0.0,0.0,0.0
bat_moderate,136,136,new_utility_pv,WECC_WYCO,0.0,0.0,0.0,0.0,0.0,0.0,0.0
bat_moderate,137,137,new_utility_pv,WECC_WYCO,13395.625497280515,0.0,13395.625497280515,0.0,78000.12519382099,0.664703852939217,6.720550977851808
bat_moderate,138,138,new_utility_pv,WECC_WYCO,0.0,0.0,0.0,0.0,0.0,0.0,0.0
bat_moderate,139,139,new_utility_pv,WECC_WYCO,0.0,0.0,0.0,0.0,0.0,0.0,0.0
bat_moderate,140,140,new_utility_pv,WECC_WYCO,0.0,0.0,0.0,0.0,0.0,0.0,0.0
bat_moderate,141,141,battery,WECC_WYCO,5646.157058314514,0.0,5646.157058314514,0.0,4548.589621217094,0.09196439014838549,0.39190999182061237
bat_moderate,142,142,nuclear,WECC_WYCO,0.0,0.0,0.0,0.0,0.0,0.0,0.0
bat_moderate,143,143,naturalgas_ccs100,WECC_WYCO,0.0,0.0,0.0,0.0,0.0,0.0,0.0
bat_moderate,144,156,new_biogas_CCGT,CA_N,0.0,0.0,0.0,0.0,0.0,0.0,0.0
bat_moderate,145,157,new_biogas_CCGT,CA_S,0.0,0.0,0.0,0.0,0.0,0.0,0.0
bat_moderate,146,158,new_biogas_CCGT,WECC_N,0.0,0.0,0.0,0.0,0.0,0.0,0.0
bat_moderate,147,159,new_biogas_CCGT,WECC_NMAZ,0.0,0.0,0.0,0.0,0.0,0.0,0.0
bat_moderate,148,160,new_biogas_CCGT,WECC_PNW,0.0,0.0,0.0,0.0,0.0,0.0,0.0
bat_moderate,149,161,new_biogas_CCGT,WECC_WYCO,0.0,0.0,0.0,0.0,0.0,0.0,0.0
bat_moderate,150,162,biomass,WECC_PNW,0.0,28.4,0.0,28.4,0.0,0.0,0.0
bat_moderate,151,163,biomass,WECC_PNW,0.0,74.43,0.0,74.43,0.0,0.0,0.0
bat_moderate,152,164,conventional_hydroelectric,WECC_PNW,29850.0,29850.0,0.0,0.0,236985.01365148695,0.9063009631547653,20.418811652854792
bat_moderate,153,165,geothermal,WECC_PNW,14.49,14.49,0.0,0.0,27.701077584132477,0.2182348839550223,0.002386746221021938
bat_moderate,154,166,geothermal,WECC_PNW,1.17,1.17,0.0,0.0,9.793148142857635,0.9555036630037111,0.0008437852011671291
bat_moderate,155,167,hydroelectric_pumped_storage,WECC_PNW,214.0,214.0,0.0,0.0,444.458840610952,0.23709023631788076,0.038294916687126535
bat_moderate,156,168,hydroelectric_pumped_storage,WECC_PNW,100.0,100.0,0.0,0.0,214.9489855899814,0.2453755543264628,0.01852017047030894
bat_moderate,157,169,nuclear,WECC_PNW,1163.0,1163.0,0.0,0.0,25.65629120879122,0.0025183150183150193,0.002210565849001377
bat_moderate,158,170,onshore_wind_turbine,WECC_PNW,5254.0,5254.0,0.0,0.0,33160.85026240383,0.7204958488336747,2.8571644481802694
bat_moderate,159,171,solar_photovoltaic,WECC_PNW,209.9,209.9,0.0,0.0,423.19606252279686,0.2301574692682517,0.03646289931898625
bat_optimistic,1,1,biomass,CA_N,36.72,36.72,0.0,0.0,136.93537661537945,0.4257051282051121,0.011798457719499875
bat_optimistic,2,2,biomass,CA_N,0.0,33.06,0.0,33.06,0.0,0.0,0.0
bat_optimistic,3,3,conventional_hydroelectric,CA_N,0.0,6607.44,0.0,6607.44,0.0,0.0,0.0
bat_optimistic,4,4,geothermal,CA_N,542.55,542.55,0.0,0.0,4431.3021197245225,0.9323682727144905,0.3818044101835698
bat_optimistic,5,5,geothermal,CA_N,100.32,100.32,0.0,0.0,834.9018239988314,0.9500441327464801,0.07193578543294565
bat_optimistic,6,6,hydroelectric_pumped_storage,CA_N,264.2459898750001,615.15,0.0,350.9040101249999,622.0903523693534,0.2687453476249671,0.05359978481495088
bat_optimistic,7,7,hydroelectric_pumped_storage,CA_N,505.08075225000016,1175.8,0.0,670.7192477499998,1081.2352272180722,0.244374148799634,0.09316006154492523
bat_optimistic,8,8,onshore_wind_turbine,CA_N,1327.6,1327.6,0.0,0.0,1573.7976264704987,0.1353248443022891,0.13559961796516495
bat_optimistic,9,9,small_hydroelectric,CA_N,231.4,231.4,0.0,0.0,917.5955773318515,0.45267222807560664,0.07906074303325074
bat_optimistic,10,10,small_hydroelectric,CA_N,1.95,1.95,0.0,0.0,6.435080357142856,0.3767170329670329,0.0005544514893955241
bat_optimistic,11,11,solar_photovoltaic,CA_N,2787.1,2787.1,0.0,0.0,4878.14260343704,0.19980108141066416,0.4203045310781941
bat_optimistic,12,12,biomass,CA_S,0.0,67.2,0.0,67.2,0.0,0.0,0.0
bat_optimistic,13,13,biomass,CA_S,0.0,38.1,0.0,38.1,0.0,0.0,0.0
bat_optimistic,14,14,conventional_hydroelectric,CA_S,0.0,1396.0,0.0,1396.0,0.0,0.0,0.0
bat_optimistic,15,15,geothermal,CA_S,535.15,535.15,0.0,0.0,4439.464416473441,0.9470021029552677,0.3825076799701394
bat_optimistic,16,16,geothermal,CA_S,73.02,73.02,0.0,0.0,637.7213706173122,0.9969767628205201,0.05494656540934229
bat_optimistic,17,17,hydroelectric_pumped_storage,CA_S,1623.0,1623.0,0.0,0.0,2714.7038265331967,0.19094127978609404,0.2339009765772914
bat_optimistic,18,18,hydroelectric_pumped_storage,CA_S,42.0,42.0,0.0,0.0,98.3076581298513,0.2671984619750253,0.008470263686541253
bat_optimistic,19,19,onshore_wind_turbine,CA_S,4735.6,4735.6,0.0,0.0,9833.465011521102,0.2370431767847498,0.8472589336829027
bat_optimistic,20,20,small_hydroelectric,CA_S,126.44,126.44,0.0,0.0,568.8779414514847,0.5136064874666533,0.049014962427303424
bat_optimistic,21,21,small_hydroelectric,CA_S,7.0,7.0,0.0,0.0,14.92095432692303,0.24332932692307613,0.001285600939012704
bat_optimistic,22,22,solar_photovoltaic,CA_S,9520.0,9520.0,0.0,0.0,15788.736459444104,0.18932428316550717,1.3603697172010092
bat_optimistic,23,23,biomass,WECC_N,6.24,6.24,0.0,0.0,20.533827942857148,0.3756481227106228,0.001769210461105021
bat_optimistic,24,24,biomass,WECC_N,0.0,13.8,0.0,13.8,0.0,0.0,0.0
bat_optimistic,25,25,conventional_hydroelectric,WECC_N,0.0,4648.1,0.0,4648.1,0.0,0.0,0.0
bat_optimistic,26,26,geothermal,WECC_N,165.24,165.24,0.0,0.0,725.4222256670776,0.5011544199630187,0.06250293875744342
bat_optimistic,27,27,geothermal,WECC_N,215.16,215.16,0.0,0.0,1820.9448057707605,0.9661201506677204,0.1568940096522602
bat_optimistic,28,28,onshore_wind_turbine,WECC_N,3893.9,3893.9,0.0,0.0,4865.786912391994,0.1426475068659666,0.4192399552031107
bat_optimistic,29,29,solar_photovoltaic,WECC_N,1185.7,1185.7,0.0,0.0,1367.3011320855212,0.1316392039464888,0.11780772065969926
bat_optimistic,30,30,biomass,WECC_NMAZ,0.0,3.54,0.0,3.54,0.0,0.0,0.0
bat_optimistic,31,31,biomass,WECC_NMAZ,0.0,11.4,0.0,11.4,0.0,0.0,0.0
bat_optimistic,32,32,conventional_hydroelectric,WECC_NMAZ,0.0,3960.0,0.0,3960.0,0.0,0.0,0.0
bat_optimistic,33,33,geothermal,WECC_NMAZ,0.68,0.68,0.0,0.0,5.658560425274919,0.9499329212454537,0.00048754593284072636
bat_optimistic,34,34,geothermal,WECC_NMAZ,2.66,2.66,0.0,0.0,22.112418207692652,0.948965659340674,0.0019052230164900987
bat_optimistic,35,35,hydroelectric_pumped_storage,WECC_NMAZ,119.0,119.0,0.0,0.0,262.6864576492496,0.2519919205414696,0.02263326790099746
bat_optimistic,36,36,hydroelectric_pumped_storage,WECC_NMAZ,97.3,97.3,0.0,0.0,221.56113171859178,0.2599421031299326,0.019089878083212254
bat_optimistic,37,37,nuclear,WECC_NMAZ,4002.99,4002.99,0.0,0.0,116.36226582453395,0.003318360445217142,0.010025862617898383
bat_optimistic,38,38,onshore_wind_turbine,WECC_NMAZ,0.0,1235.1,0.0,1235.1,0.0,0.0,0.0
bat_optimistic,39,39,solar_photovoltaic,WECC_NMAZ,6266.4,6266.4,0.0,0.0,9476.188271583123,0.17262808821766976,0.8164756940664604
bat_optimistic,40,40,biomass,WECC_WYCO,0.0,4.8,0.0,4.8,0.0,0.0,0.0
bat_optimistic,41,41,biomass,WECC_WYCO,0.0,8.04,0.0,8.04,0.0,0.0,0.0
bat_optimistic,42,42,conventional_hydroelectric,WECC_WYCO,0.0,961.87,0.0,961.87,0.0,0.0,0.0
bat_optimistic,43,43,hydroelectric_pumped_storage,WECC_WYCO,324.0,324.0,0.0,0.0,647.7922965051616,0.22823732189848697,0.05581428415537351
bat_optimistic,44,44,hydroelectric_pumped_storage,WECC_WYCO,238.5,238.5,0.0,0.0,509.7157878943436,0.24396953365992913,0.04391750562255767
bat_optimistic,45,45,onshore_wind_turbine,WECC_WYCO,5751.7,5751.7,0.0,0.0,36076.38577138866,0.7160159392896716,3.1083692374954257
bat_optimistic,46,46,solar_photovoltaic,WECC_WYCO,593.1,593.1,0.0,0.0,2081.862824412829,0.400700680430127,0.17937490748372958
bat_optimistic,47,47,naturalgas_ccccsavgcf,CA_N,0.0,0.0,0.0,0.0,0.0,0.0,0.0
bat_optimistic,48,48,new_onshore_wind,CA_N,0.0,0.0,0.0,0.0,0.0,0.0,0.0
bat_optimistic,49,49,new_floating_offshore_wind,CA_N,0.0,0.0,0.0,0.0,0.0,0.0,0.0
bat_optimistic,50,50,new_floating_offshore_wind,CA_N,0.0,0.0,0.0,0.0,0.0,0.0,0.0
bat_optimistic,51,51,new_floating_offshore_wind,CA_N,0.0,0.0,0.0,0.0,0.0,0.0,0.0
bat_optimistic,52,52,new_floating_offshore_wind,CA_N,0.0,0.0,0.0,0.0,0.0,0.0,0.0
bat_optimistic,53,53,new_floating_offshore_wind,CA_N,0.0,0.0,0.0,0.0,0.0,0.0,0.0
bat_optimistic,54,54,new_utility_pv,CA_N,0.0,0.0,0.0,0.0,0.0,0.0,0.0
bat_optimistic,55,55,new_utility_pv,CA_N,0.0,0.0,0.0,0.0,0.0,0.0,0.0
bat_optimistic,56,56,new_utility_pv,CA_N,0.0,0.0,0.0,0.0,0.0,0.0,0.0
bat_optimistic,57,57,new_utility_pv,CA_N,13968.012191296906,0.0,13968.012191296906,0.0,114340.1665755696,0.9344586940677054,9.851636986193661
bat_optimistic,58,58,battery,CA_N,39509.78136670554,0.0,39509.78136670554,0.0,23705.490936241025,0.06849205886876401,2.042483392124508
bat_optimistic,59,59,nuclear,CA_N,0.0,0.0,0.0,0.0,0.0,0.0,0.0
bat_optimistic,60,60,naturalgas_ccs100,CA_N,0.0,0.0,0.0,0.0,0.0,0.0,0.0
bat_optimistic,61,61,naturalgas_ccccsavgcf,CA_S,0.0,0.0,0.0,0.0,0.0,0.0,0.0
bat_optimistic,62,62,new_onshore_wind,CA_S,0.0,0.0,0.0,0.0,0.0,0.0,0.0
bat_optimistic,63,63,new_onshore_wind,CA_S,0.0,0.0,0.0,0.0,0.0,0.0,0.0
bat_optimistic,64,64,new_onshore_wind,CA_S,0.0,0.0,0.0,0.0,0.0,0.0,0.0
bat_optimistic,65,65,new_utility_pv,CA_S,0.0,0.0,0.0,0.0,0.0,0.0,0.0
bat_optimistic,66,66,new_utility_pv,CA_S,0.0,0.0,0.0,0.0,0.0,0.0,0.0
bat_optimistic,67,67,new_utility_pv,CA_S,0.0,0.0,0.0,0.0,0.0,0.0,0.0
bat_optimistic,68,68,new_utility_pv,CA_S,0.0,0.0,0.0,0.0,0.0,0.0,0.0
bat_optimistic,69,69,new_utility_pv,CA_S,20451.59,0.0,20451.59,0.0,157668.65862537356,0.8800638641069584,13.584853296944171
bat_optimistic,70,70,new_utility_pv,CA_S,13609.913408282646,0.0,13609.913408282646,0.0,87090.25249412292,0.7304829463057047,7.503763360717073
bat_optimistic,71,71,new_utility_pv,CA_S,0.0,0.0,0.0,0.0,0.0,0.0,0.0
bat_optimistic,72,72,new_utility_pv,CA_S,0.0,0.0,0.0,0.0,0.0,0.0,0.0
bat_optimistic,73,73,new_utility_pv,CA_S,0.0,0.0,0.0,0.0,0.0,0.0,0.0
bat_optimistic,74,74,new_utility_pv,CA_S,0.0,0.0,0.0,0.0,0.0,0.0,0.0
bat_optimistic,75,75,battery,CA_S,18754.73399488243,0.0,18754.73399488243,0.0,8262.406334986545,0.0502911462493316,0.7118953057578118
bat_optimistic,76,76,nuclear,CA_S,0.0,0.0,0.0,0.0,0.0,0.0,0.0
bat_optimistic,77,77,naturalgas_ccs100,CA_S,0.0,0.0,0.0,0.0,0.0,0.0,0.0
bat_optimistic,78,78,naturalgas_ccccsavgcf,WECC_N,0.0,0.0,0.0,0.0,0.0,0.0,0.0
bat_optimistic,79,79,new_onshore_wind,WECC_N,0.0,0.0,0.0,0.0,0.0,0.0,0.0
bat_optimistic,80,80,new_onshore_wind,WECC_N,0.0,0.0,0.0,0.0,0.0,0.0,0.0
bat_optimistic,81,81,new_onshore_wind,WECC_N,0.0,0.0,0.0,0.0,0.0,0.0,0.0
bat_optimistic,82,82,new_onshore_wind,WECC_N,0.0,0.0,0.0,0.0,0.0,0.0,0.0
bat_optimistic,83,83,new_onshore_wind,WECC_N,0.0,0.0,0.0,0.0,0.0,0.0,0.0
bat_optimistic,84,84,new_onshore_wind,WECC_N,0.0,0.0,0.0,0.0,0.0,0.0,0.0
bat_optimistic,85,85,new_utility_pv,WECC_N,0.0,0.0,0.0,0.0,0.0,0.0,0.0
bat_optimistic,86,86,new_utility_pv,WECC_N,23434.628268506265,0.0,23434.628268506265,0.0,172685.56066228985,0.8411895132305426,14.878721164690841
bat_optimistic,87,87,new_utility_pv,WECC_N,0.0,0.0,0.0,0.0,0.0,0.0,0.0
bat_optimistic,88,88,new_utility_pv,WECC_N,0.0,0.0,0.0,0.0,1.8239866271819713e-14,1.8239866271819714e-11,1.571560953323635e-18
bat_optimistic,89,89,new_utility_pv,WECC_N,0.0,0.0,0.0,0.0,0.0,0.0,0.0
bat_optimistic,90,90,new_utility_pv,WECC_N,0.0,0.0,0.0,0.0,0.0,0.0,0.0
bat_optimistic,91,91,new_utility_pv,WECC_N,0.0,0.0,0.0,0.0,0.0,0.0,0.0
bat_optimistic,92,92,new_utility_pv,WECC_N,0.0,0.0,0.0,0.0,0.0,0.0,0.0
bat_optimistic,93,93,battery,WECC_N,0.0,0.0,0.0,0.0,0.0,0.0,0.0
bat_optimistic,94,94,nuclear,WECC_N,0.0,0.0,0.0,0.0,0.0,0.0,0.0
bat_optimistic,95,95,naturalgas_ccs100,WECC_N,0.0,0.0,0.0,0.0,0.0,0.0,0.0
bat_optimistic,96,96,naturalgas_ccccsavgcf,WECC_NMAZ,0.0,0.0,0.0,0.0,0.0,0.0,0.0
bat_optimistic,97,97,new_onshore_wind,WECC_NMAZ,0.0,0.0,0.0,0.0,0.0,0.0,0.0
bat_optimistic,98,98,new_onshore_wind,WECC_NMAZ,0.0,0.0,0.0,0.0,0.0,0.0,0.0
bat_optimistic,99,99,new_onshore_wind,WECC_NMAZ,0.0,0.0,0.0,0.0,0.0,0.0,0.0
bat_optimistic,100,100,new_onshore_wind,WECC_NMAZ,0.0,0.0,0.0,0.0,0.0,0.0,0.0
bat_optimistic,101,101,new_onshore_wind,WECC_NMAZ,0.0,0.0,0.0,0.0,0.0,0.0,0.0
bat_optimistic,102,102,new_onshore_wind,WECC_NMAZ,0.0,0.0,0.0,0.0,0.0,0.0,0.0
bat_optimistic,103,103,new_onshore_wind,WECC_NMAZ,0.0,0.0,0.0,0.0,0.0,0.0,0.0
bat_optimistic,104,104,new_utility_pv,WECC_NMAZ,36917.369999999995,0.0,36917.369999999995,0.0,195185.7695698741,0.6035500509517926,16.817356527134006
bat_optimistic,105,105,new_utility_pv,WECC_NMAZ,0.0,0.0,0.0,0.0,0.0,0.0,0.0
bat_optimistic,106,106,new_utility_pv,WECC_NMAZ,0.0,0.0,0.0,0.0,0.0,0.0,0.0
bat_optimistic,107,107,new_utility_pv,WECC_NMAZ,0.0,0.0,0.0,0.0,0.0,0.0,0.0
bat_optimistic,108,108,new_utility_pv,WECC_NMAZ,0.0,0.0,0.0,0.0,0.0,0.0,0.0
bat_optimistic,109,109,new_utility_pv,WECC_NMAZ,0.0,0.0,0.0,0.0,0.0,0.0,0.0
bat_optimistic,110,110,new_utility_pv,WECC_NMAZ,0.0,0.0,0.0,0.0,0.0,0.0,0.0
bat_optimistic,111,111,new_utility_pv,WECC_NMAZ,0.0,0.0,0.0,0.0,0.0,0.0,0.0
bat_optimistic,112,112,new_utility_pv,WECC_NMAZ,0.0,0.0,0.0,0.0,0.0,0.0,0.0
bat_optimistic,113,113,new_utility_pv,WECC_NMAZ,0.0,0.0,0.0,0.0,0.0,0.0,0.0
bat_optimistic,114,114,new_utility_pv,WECC_NMAZ,0.0,0.0,0.0,0.0,0.0,0.0,0.0
bat_optimistic,115,115,new_utility_pv,WECC_NMAZ,0.0,0.0,0.0,0.0,0.0,0.0,0.0
bat_optimistic,116,116,battery,WECC_NMAZ,0.0,0.0,0.0,0.0,0.0,0.0,0.0
bat_optimistic,117,117,nuclear,WECC_NMAZ,0.0,0.0,0.0,0.0,0.0,0.0,0.0
bat_optimistic,118,118,naturalgas_ccs100,WECC_NMAZ,0.0,0.0,0.0,0.0,0.0,0.0,0.0
bat_optimistic,119,119,naturalgas_ccccsavgcf,WECC_PNW,0.0,0.0,0.0,0.0,0.0,0.0,0.0
bat_optimistic,120,120,new_onshore_wind,WECC_PNW,0.0,0.0,0.0,0.0,0.0,0.0,0.0
bat_optimistic,121,121,new_floating_offshore_wind,WECC_PNW,0.0,0.0,0.0,0.0,0.0,0.0,0.0
bat_optimistic,122,122,new_floating_offshore_wind,WECC_PNW,0.0,0.0,0.0,0.0,0.0,0.0,0.0
bat_optimistic,123,123,new_floating_offshore_wind,WECC_PNW,0.0,0.0,0.0,0.0,0.0,0.0,0.0
bat_optimistic,124,124,new_utility_pv,WECC_PNW,0.0,0.0,0.0,0.0,0.0,0.0,0.0
bat_optimistic,125,125,battery,WECC_PNW,0.0,0.0,0.0,0.0,0.0,0.0,0.0
bat_optimistic,126,126,nuclear,WECC_PNW,0.0,0.0,0.0,0.0,0.0,0.0,0.0
bat_optimistic,127,127,naturalgas_ccs100,WECC_PNW,0.0,0.0,0.0,0.0,0.0,0.0,0.0
bat_optimistic,128,128,naturalgas_ccccsavgcf,WECC_WYCO,0.0,0.0,0.0,0.0,0.0,0.0,0.0
bat_optimistic,129,129,new_onshore_wind,WECC_WYCO,0.0,0.0,0.0,0.0,0.0,0.0,0.0
bat_optimistic,130,130,new_onshore_wind,WECC_WYCO,0.0,0.0,0.0,0.0,0.0,0.0,0.0
bat_optimistic,131,131,new_onshore_wind,WECC_WYCO,0.0,0.0,0.0,0.0,0.0,0.0,0.0
bat_optimistic,132,132,new_onshore_wind,WECC_WYCO,0.0,0.0,0.0,0.0,0.0,0.0,0.0
bat_optimistic,133,133,new_onshore_wind,WECC_WYCO,0.0,0.0,0.0,0.0,0.0,0.0,0.0
bat_optimistic,134,134,new_onshore_wind,WECC_WYCO,0.0,0.0,0.0,0.0,0.0,0.0,0.0
bat_optimistic,135,135,new_onshore_wind,WECC_WYCO,0.0,0.0,0.0,0.0,0.0,0.0,0.0
bat_optimistic,136,136,new_utility_pv,WECC_WYCO,0.0,0.0,0.0,0.0,0.0,0.0,0.0
bat_optimistic,137,137,new_utility_pv,WECC_WYCO,11772.87620782839,0.0,11772.87620782839,0.0,73197.2338920795,0.7097542240579291,6.3067301569976415
bat_optimistic,138,138,new_utility_pv,WECC_WYCO,0.0,0.0,0.0,0.0,0.0,0.0,0.0
bat_optimistic,139,139,new_utility_pv,WECC_WYCO,0.0,0.0,0.0,0.0,0.0,0.0,0.0
bat_optimistic,140,140,new_utility_pv,WECC_WYCO,0.0,0.0,0.0,0.0,0.0,0.0,0.0
bat_optimistic,141,141,battery,WECC_WYCO,15782.514740758263,0.0,15782.514740758263,0.0,8701.03029597856,0.06293472966399831,0.7496874847143098
bat_optimistic,142,142,nuclear,WECC_WYCO,0.0,0.0,0.0,0.0,0.0,0.0,0.0
bat_optimistic,143,143,naturalgas_ccs100,WECC_WYCO,0.0,0.0,0.0,0.0,0.0,0.0,0.0
bat_optimistic,144,156,new_biogas_CCGT,CA_N,0.0,0.0,0.0,0.0,0.0,0.0,0.0
bat_optimistic,145,157,new_biogas_CCGT,CA_S,0.0,0.0,0.0,0.0,0.0,0.0,0.0
bat_optimistic,146,158,new_biogas_CCGT,WECC_N,0.0,0.0,0.0,0.0,0.0,0.0,0.0
bat_optimistic,147,159,new_biogas_CCGT,WECC_NMAZ,0.0,0.0,0.0,0.0,0.0,0.0,0.0
bat_optimistic,148,160,new_biogas_CCGT,WECC_PNW,0.0,0.0,0.0,0.0,0.0,0.0,0.0
bat_optimistic,149,161,new_biogas_CCGT,WECC_WYCO,0.0,0.0,0.0,0.0,0.0,0.0,0.0
bat_optimistic,150,162,biomass,WECC_PNW,0.0,28.4,0.0,28.4,0.0,0.0,0.0
bat_optimistic,151,163,biomass,WECC_PNW,0.0,74.43,0.0,74.43,0.0,0.0,0.0
bat_optimistic,152,164,conventional_hydroelectric,WECC_PNW,29850.0,29850.0,0.0,0.0,237609.25036823103,0.9086882294586748,20.472596370080577
bat_optimistic,153,165,geothermal,WECC_PNW,14.49,14.49,0.0,0.0,36.44315840675935,0.28710682541856414,0.0031399706507901455
bat_optimistic,154,166,geothermal,WECC_PNW,1.17,1.17,0.0,0.0,9.759341973214774,0.9522052426740404,0.0008408724355031483
bat_optimistic,155,167,hydroelectric_pumped_storage,WECC_PNW,214.0,214.0,0.0,0.0,460.52984412444954,0.24566308417853536,0.03967960675152468
bat_optimistic,156,168,hydroelectric_pumped_storage,WECC_PNW,100.0,100.0,0.0,0.0,220.07691772813095,0.25122935813713576,0.0189619970604556
bat_optimistic,157,169,nuclear,WECC_PNW,1163.0,1163.0,0.0,0.0,44.80267021072886,0.004397644084022276,0.0038602326386898973
bat_optimistic,158,170,onshore_wind_turbine,WECC_PNW,5254.0,5254.0,0.0,0.0,31238.92948404789,0.6787376933088572,2.691570270808911
bat_optimistic,159,171,solar_photovoltaic,WECC_PNW,209.9,209.9,0.0,0.0,533.7802687494893,0.29029928839210745,0.04599091986312042
