Scenario,idx,R_ID,Resource,Zone,Total_MW,Start_MW,New_MW,Retired_MW,GWh_yr,CF_realized,Pct_demand
geo_opt_nuc_pess,1,1,biomass,CA_N,36.72,36.72,0.0,0.0,135.9138181450502,0.4225293040292892,0.01507135769115251
geo_opt_nuc_pess,2,2,biomass,CA_N,0.0,33.06,0.0,33.06,0.0,0.0,0.0
geo_opt_nuc_pess,3,3,conventional_hydroelectric,CA_N,0.0,6607.44,0.0,6607.44,0.0,0.0,0.0
geo_opt_nuc_pess,4,4,geothermal,CA_N,542.55,542.55,0.0,0.0,4504.401841258484,0.947748822101804,0.49948895749394395
geo_opt_nuc_pess,5,5,geothermal,CA_N,100.32,100.32,0.0,0.0,810.8664597869482,0.9226940227197036,0.08991623237429226
geo_opt_nuc_pess,6,6,hydroelectric_pumped_storage,CA_N,615.15,615.15,0.0,0.0,930.0955064480913,0.17260064394734836,0.10313743117460457
geo_opt_nuc_pess,7,7,hydroelectric_pumped_storage,CA_N,1175.8,1175.8,0.0,0.0,1617.6072871110152,0.15704912919592057,0.17937497717742415
geo_opt_nuc_pess,8,8,onshore_wind_turbine,CA_N,1327.6,1327.6,0.0,0.0,1252.448568114225,0.10769326667291142,0.1388828642844563
geo_opt_nuc_pess,9,9,small_hydroelectric,CA_N,231.4,231.4,0.0,0.0,1385.236780585092,0.6833710137346882,0.15360762645088566
geo_opt_nuc_pess,10,10,small_hydroelectric,CA_N,1.95,1.95,0.0,0.0,11.047767857142746,0.6467490842490777,0.001225076768030446
geo_opt_nuc_pess,11,11,solar_photovoltaic,CA_N,2787.1,2787.1,0.0,0.0,3031.425859425221,0.12416245570653467,0.33615201209966755
geo_opt_nuc_pess,12,12,biomass,CA_S,0.0,67.2,0.0,67.2,0.0,0.0,0.0
geo_opt_nuc_pess,13,13,biomass,CA_S,0.0,38.1,0.0,38.1,0.0,0.0,0.0
geo_opt_nuc_pess,14,14,conventional_hydroelectric,CA_S,0.0,1396.0,0.0,1396.0,0.0,0.0,0.0
geo_opt_nuc_pess,15,15,geothermal,CA_S,535.15,535.15,0.0,0.0,4321.168386423719,0.9217678452343023,0.4791703690200834
geo_opt_nuc_pess,16,16,geothermal,CA_S,73.02,73.02,0.0,0.0,631.0008906634658,0.9864703525641093,0.06997110563456904
geo_opt_nuc_pess,17,17,hydroelectric_pumped_storage,CA_S,1623.0,1623.0,0.0,0.0,2369.324110406783,0.16664866842835602,0.2627321610235613
geo_opt_nuc_pess,18,18,hydroelectric_pumped_storage,CA_S,42.0,42.0,0.0,0.0,130.39089276165328,0.3544001216613755,0.01445892559932586
geo_opt_nuc_pess,19,19,onshore_wind_turbine,CA_S,4735.6,4735.6,0.0,0.0,9480.655583009722,0.2285384363259221,1.0513011361778548
geo_opt_nuc_pess,20,20,small_hydroelectric,CA_S,126.44,126.44,0.0,0.0,760.8178233408224,0.6868977356567615,0.08436638533056484
geo_opt_nuc_pess,21,21,small_hydroelectric,CA_S,7.0,7.0,0.0,0.0,32.99635096153789,0.5381009615384523,0.0036589348649849023
geo_opt_nuc_pess,22,22,solar_photovoltaic,CA_S,9520.0,9520.0,0.0,0.0,13071.229629238052,0.15673839296791725,1.4494565739827394
geo_opt_nuc_pess,23,23,biomass,WECC_N,6.24,6.24,0.0,0.0,20.471156400000012,0.37450160256410275,0.0022700276150483703
geo_opt_nuc_pess,24,24,biomass,WECC_N,0.0,13.8,0.0,13.8,0.0,0.0,0.0
geo_opt_nuc_pess,25,25,conventional_hydroelectric,WECC_N,0.0,4648.1,0.0,4648.1,0.0,0.0,0.0
geo_opt_nuc_pess,26,26,geothermal,WECC_N,165.24,165.24,0.0,0.0,1131.5238666048974,0.7817077654620105,0.12547363588504576
geo_opt_nuc_pess,27,27,geothermal,WECC_N,215.16,215.16,0.0,0.0,1792.3428536292422,0.950945104051929,0.19875124266907443
geo_opt_nuc_pess,28,28,onshore_wind_turbine,WECC_N,3893.9,3893.9,0.0,0.0,5779.704471902939,0.16944030804952212,0.6409060876520987
geo_opt_nuc_pess,29,29,solar_photovoltaic,WECC_N,1185.7,1185.7,0.0,0.0,1465.889163590182,0.14113093161450416,0.16255109466849021
geo_opt_nuc_pess,30,30,biomass,WECC_NMAZ,0.0,3.54,0.0,3.54,0.0,0.0,0.0
geo_opt_nuc_pess,31,31,biomass,WECC_NMAZ,0.0,11.4,0.0,11.4,0.0,0.0,0.0
geo_opt_nuc_pess,32,32,conventional_hydroelectric,WECC_NMAZ,0.0,3960.0,0.0,3960.0,0.0,0.0,0.0
geo_opt_nuc_pess,33,33,geothermal,WECC_NMAZ,0.68,0.68,0.0,0.0,4.676628039560527,0.785090659340674,0.000518586961463101
geo_opt_nuc_pess,34,34,geothermal,WECC_NMAZ,2.66,2.66,0.0,0.0,17.76282888461565,0.7623008241758354,0.001969703679732345
geo_opt_nuc_pess,35,35,hydroelectric_pumped_storage,WECC_NMAZ,119.0,119.0,0.0,0.0,334.44470899279105,0.3208287373784497,0.037086264707569296
geo_opt_nuc_pess,36,36,hydroelectric_pumped_storage,WECC_NMAZ,97.3,97.3,0.0,0.0,233.73744576734467,0.2742277165750898,0.02591892935578094
geo_opt_nuc_pess,37,37,nuclear,WECC_NMAZ,4002.99,4002.99,0.0,0.0,44.844955824873686,0.001278865846434861,0.004972815708549199
geo_opt_nuc_pess,38,38,onshore_wind_turbine,WECC_NMAZ,0.0,1235.1,0.0,1235.1,0.0,0.0,0.0
geo_opt_nuc_pess,39,39,solar_photovoltaic,WECC_NMAZ,6266.4,6266.4,0.0,0.0,9303.524917215902,0.16948267321372285,1.0316592803409332
geo_opt_nuc_pess,40,40,biomass,WECC_WYCO,0.0,4.8,0.0,4.8,0.0,0.0,0.0
geo_opt_nuc_pess,41,41,biomass,WECC_WYCO,0.0,8.04,0.0,8.04,0.0,0.0,0.0
geo_opt_nuc_pess,42,42,conventional_hydroelectric,WECC_WYCO,0.0,961.87,0.0,961.87,0.0,0.0,0.0
geo_opt_nuc_pess,43,43,hydroelectric_pumped_storage,WECC_WYCO,324.0,324.0,0.0,0.0,540.3804461837422,0.1903927948953373,0.05992228829189414
geo_opt_nuc_pess,44,44,hydroelectric_pumped_storage,WECC_WYCO,238.5,238.5,0.0,0.0,422.4699261139963,0.20221031662598063,0.046847299686803026
geo_opt_nuc_pess,45,45,onshore_wind_turbine,WECC_WYCO,5751.7,5751.7,0.0,0.0,40390.394036918166,0.8016370073179508,4.478853468506997
geo_opt_nuc_pess,46,46,solar_photovoltaic,WECC_WYCO,593.1,593.1,0.0,0.0,1617.0455441718798,0.3112362842729209,0.17931268602203068
geo_opt_nuc_pess,47,47,naturalgas_ccccsavgcf,CA_N,0.0,0.0,0.0,0.0,0.0,0.0,0.0
geo_opt_nuc_pess,48,48,new_onshore_wind,CA_N,0.0,0.0,0.0,0.0,0.0,0.0,0.0
geo_opt_nuc_pess,49,49,new_floating_offshore_wind,CA_N,0.0,0.0,0.0,0.0,0.0,0.0,0.0
geo_opt_nuc_pess,50,50,new_floating_offshore_wind,CA_N,0.0,0.0,0.0,0.0,0.0,0.0,0.0
geo_opt_nuc_pess,51,51,new_floating_offshore_wind,CA_N,0.0,0.0,0.0,0.0,0.0,0.0,0.0
geo_opt_nuc_pess,52,52,new_floating_offshore_wind,CA_N,0.0,0.0,0.0,0.0,0.0,0.0,0.0
geo_opt_nuc_pess,53,53,new_floating_offshore_wind,CA_N,0.0,0.0,0.0,0.0,0.0,0.0,0.0
geo_opt_nuc_pess,54,54,new_utility_pv,CA_N,0.0,0.0,0.0,0.0,0.0,0.0,0.0
geo_opt_nuc_pess,55,55,new_utility_pv,CA_N,0.0,0.0,0.0,0.0,0.0,0.0,0.0
geo_opt_nuc_pess,56,56,new_utility_pv,CA_N,0.0,0.0,0.0,0.0,0.0,0.0,0.0
geo_opt_nuc_pess,57,57,new_utility_pv,CA_N,14398.82401,0.0,14398.82401,0.0,112664.25955578919,0.893213003738086,12.49323562496052
geo_opt_nuc_pess,58,58,battery,CA_N,2558.7255441919006,0.0,2558.7255441919006,0.0,3278.6302014395715,0.14627315340450725,0.36356427313502543
geo_opt_nuc_pess,59,59,nuclear,CA_N,0.0,0.0,0.0,0.0,0.0,0.0,0.0
geo_opt_nuc_pess,60,60,naturalgas_ccs100,CA_N,0.0,0.0,0.0,0.0,0.0,0.0,0.0
geo_opt_nuc_pess,61,61,naturalgas_ccccsavgcf,CA_S,0.0,0.0,0.0,0.0,0.0,0.0,0.0
geo_opt_nuc_pess,62,62,new_onshore_wind,CA_S,0.0,0.0,0.0,0.0,0.0,0.0,0.0
geo_opt_nuc_pess,63,63,new_onshore_wind,CA_S,0.0,0.0,0.0,0.0,0.0,0.0,0.0
geo_opt_nuc_pess,64,64,new_onshore_wind,CA_S,0.0,0.0,0.0,0.0,0.0,0.0,0.0
geo_opt_nuc_pess,65,65,new_utility_pv,CA_S,0.0,0.0,0.0,0.0,0.0,0.0,0.0
geo_opt_nuc_pess,66,66,new_utility_pv,CA_S,0.0,0.0,0.0,0.0,0.0,0.0,0.0
geo_opt_nuc_pess,67,67,new_utility_pv,CA_S,0.0,0.0,0.0,0.0,0.0,0.0,0.0
geo_opt_nuc_pess,68,68,new_utility_pv,CA_S,0.0,0.0,0.0,0.0,0.0,0.0,0.0
geo_opt_nuc_pess,69,69,new_utility_pv,CA_S,20451.59,0.0,20451.59,0.0,125026.95175555843,0.6978666733060139,13.86412313817493
geo_opt_nuc_pess,70,70,new_utility_pv,CA_S,851.6976713572,0.0,851.6976713572,0.0,6067.122982237226,0.8131922524107775,0.6727776606490642
geo_opt_nuc_pess,71,71,new_utility_pv,CA_S,0.0,0.0,0.0,0.0,0.0,0.0,0.0
geo_opt_nuc_pess,72,72,new_utility_pv,CA_S,0.0,0.0,0.0,0.0,0.0,0.0,0.0
geo_opt_nuc_pess,73,73,new_utility_pv,CA_S,0.0,0.0,0.0,0.0,0.0,0.0,0.0
geo_opt_nuc_pess,74,74,new_utility_pv,CA_S,0.0,0.0,0.0,0.0,0.0,0.0,0.0
geo_opt_nuc_pess,75,75,battery,CA_S,0.0,0.0,0.0,0.0,0.0,0.0,0.0
geo_opt_nuc_pess,76,76,nuclear,CA_S,0.0,0.0,0.0,0.0,0.0,0.0,0.0
geo_opt_nuc_pess,77,77,naturalgas_ccs100,CA_S,0.0,0.0,0.0,0.0,0.0,0.0,0.0
geo_opt_nuc_pess,78,78,naturalgas_ccccsavgcf,WECC_N,0.0,0.0,0.0,0.0,0.0,0.0,0.0
geo_opt_nuc_pess,79,79,new_onshore_wind,WECC_N,0.0,0.0,0.0,0.0,0.0,0.0,0.0
geo_opt_nuc_pess,80,80,new_onshore_wind,WECC_N,0.0,0.0,0.0,0.0,0.0,0.0,0.0
geo_opt_nuc_pess,81,81,new_onshore_wind,WECC_N,0.0,0.0,0.0,0.0,0.0,0.0,0.0
geo_opt_nuc_pess,82,82,new_onshore_wind,WECC_N,0.0,0.0,0.0,0.0,0.0,0.0,0.0
geo_opt_nuc_pess,83,83,new_onshore_wind,WECC_N,0.0,0.0,0.0,0.0,0.0,0.0,0.0
geo_opt_nuc_pess,84,84,new_onshore_wind,WECC_N,0.0,0.0,0.0,0.0,0.0,0.0,0.0
geo_opt_nuc_pess,85,85,new_utility_pv,WECC_N,0.0,0.0,0.0,0.0,0.0,0.0,0.0
geo_opt_nuc_pess,86,86,new_utility_pv,WECC_N,17842.150358056104,0.0,17842.150358056104,0.0,114525.81182735566,0.732743674331772,12.69966143602569
geo_opt_nuc_pess,87,87,new_utility_pv,WECC_N,0.0,0.0,0.0,0.0,0.0,0.0,0.0
geo_opt_nuc_pess,88,88,new_utility_pv,WECC_N,0.0,0.0,0.0,0.0,0.0,0.0,0.0
geo_opt_nuc_pess,89,89,new_utility_pv,WECC_N,0.0,0.0,0.0,0.0,0.0,0.0,0.0
geo_opt_nuc_pess,90,90,new_utility_pv,WECC_N,0.0,0.0,0.0,0.0,0.0,0.0,0.0
geo_opt_nuc_pess,91,91,new_utility_pv,WECC_N,0.0,0.0,0.0,0.0,0.0,0.0,0.0
geo_opt_nuc_pess,92,92,new_utility_pv,WECC_N,0.0,0.0,0.0,0.0,0.0,0.0,0.0
geo_opt_nuc_pess,93,93,battery,WECC_N,0.0,0.0,0.0,0.0,0.0,0.0,0.0
geo_opt_nuc_pess,94,94,nuclear,WECC_N,0.0,0.0,0.0,0.0,0.0,0.0,0.0
geo_opt_nuc_pess,95,95,naturalgas_ccs100,WECC_N,0.0,0.0,0.0,0.0,0.0,0.0,0.0
geo_opt_nuc_pess,96,96,naturalgas_ccccsavgcf,WECC_NMAZ,0.0,0.0,0.0,0.0,0.0,0.0,0.0
geo_opt_nuc_pess,97,97,new_onshore_wind,WECC_NMAZ,0.0,0.0,0.0,0.0,0.0,0.0,0.0
geo_opt_nuc_pess,98,98,new_onshore_wind,WECC_NMAZ,0.0,0.0,0.0,0.0,0.0,0.0,0.0
geo_opt_nuc_pess,99,99,new_onshore_wind,WECC_NMAZ,0.0,0.0,0.0,0.0,0.0,0.0,0.0
geo_opt_nuc_pess,100,100,new_onshore_wind,WECC_NMAZ,0.0,0.0,0.0,0.0,0.0,0.0,0.0
geo_opt_nuc_pess,101,101,new_onshore_wind,WECC_NMAZ,0.0,0.0,0.0,0.0,0.0,0.0,0.0
geo_opt_nuc_pess,102,102,new_onshore_wind,WECC_NMAZ,0.0,0.0,0.0,0.0,0.0,0.0,0.0
geo_opt_nuc_pess,103,103,new_onshore_wind,WECC_NMAZ,0.0,0.0,0.0,0.0,0.0,0.0,0.0
geo_opt_nuc_pess,104,104,new_utility_pv,WECC_NMAZ,40622.765357503195,0.0,40622.765357503195,0.0,188479.81131528545,0.5296527699790077,20.900352095634616
geo_opt_nuc_pess,105,105,new_utility_pv,WECC_NMAZ,0.0,0.0,0.0,0.0,0.0,0.0,0.0
geo_opt_nuc_pess,106,106,new_utility_pv,WECC_NMAZ,0.0,0.0,0.0,0.0,0.0,0.0,0.0
geo_opt_nuc_pess,107,107,new_utility_pv,WECC_NMAZ,0.0,0.0,0.0,0.0,0.0,0.0,0.0
geo_opt_nuc_pess,108,108,new_utility_pv,WECC_NMAZ,0.0,0.0,0.0,0.0,0.0,0.0,0.0
geo_opt_nuc_pess,109,109,new_utility_pv,WECC_NMAZ,0.0,0.0,0.0,0.0,0.0,0.0,0.0
geo_opt_nuc_pess,110,110,new_utility_pv,WECC_NMAZ,0.0,0.0,0.0,0.0,0.0,0.0,0.0
geo_opt_nuc_pess,111,111,new_utility_pv,WECC_NMAZ,0.0,0.0,0.0,0.0,0.0,0.0,0.0
geo_opt_nuc_pess,112,112,new_utility_pv,WECC_NMAZ,0.0,0.0,0.0,0.0,0.0,0.0,0.0
geo_opt_nuc_pess,113,113,new_utility_pv,WECC_NMAZ,0.0,0.0,0.0,0.0,0.0,0.0,0.0
geo_opt_nuc_pess,114,114,new_utility_pv,WECC_NMAZ,0.0,0.0,0.0,0.0,0.0,0.0,0.0
geo_opt_nuc_pess,115,115,new_utility_pv,WECC_NMAZ,0.0,0.0,0.0,0.0,0.0,0.0,0.0
geo_opt_nuc_pess,116,116,battery,WECC_NMAZ,0.0,0.0,0.0,0.0,0.0,0.0,0.0
geo_opt_nuc_pess,117,117,nuclear,WECC_NMAZ,0.0,0.0,0.0,0.0,0.0,0.0,0.0
geo_opt_nuc_pess,118,118,naturalgas_ccs100,WECC_NMAZ,0.0,0.0,0.0,0.0,0.0,0.0,0.0
geo_opt_nuc_pess,119,119,naturalgas_ccccsavgcf,WECC_PNW,0.0,0.0,0.0,0.0,0.0,0.0,0.0
geo_opt_nuc_pess,120,120,new_onshore_wind,WECC_PNW,0.0,0.0,0.0,0.0,0.0,0.0,0.0
geo_opt_nuc_pess,121,121,new_floating_offshore_wind,WECC_PNW,0.0,0.0,0.0,0.0,0.0,0.0,0.0
geo_opt_nuc_pess,122,122,new_floating_offshore_wind,WECC_PNW,0.0,0.0,0.0,0.0,0.0,0.0,0.0
geo_opt_nuc_pess,123,123,new_floating_offshore_wind,WECC_PNW,0.0,0.0,0.0,0.0,0.0,0.0,0.0
geo_opt_nuc_pess,124,124,new_utility_pv,WECC_PNW,0.0,0.0,0.0,0.0,0.0,0.0,0.0
geo_opt_nuc_pess,125,125,battery,WECC_PNW,0.0,0.0,0.0,0.0,0.0,0.0,0.0
geo_opt_nuc_pess,126,126,nuclear,WECC_PNW,0.0,0.0,0.0,0.0,0.0,0.0,0.0
geo_opt_nuc_pess,127,127,naturalgas_ccs100,WECC_PNW,0.0,0.0,0.0,0.0,0.0,0.0,0.0
geo_opt_nuc_pess,128,128,naturalgas_ccccsavgcf,WECC_WYCO,0.0,0.0,0.0,0.0,0.0,0.0,0.0
geo_opt_nuc_pess,129,129,new_onshore_wind,WECC_WYCO,0.0,0.0,0.0,0.0,0.0,0.0,0.0
geo_opt_nuc_pess,130,130,new_onshore_wind,WECC_WYCO,0.0,0.0,0.0,0.0,0.0,0.0,0.0
geo_opt_nuc_pess,131,131,new_onshore_wind,WECC_WYCO,0.0,0.0,0.0,0.0,0.0,0.0,0.0
geo_opt_nuc_pess,132,132,new_onshore_wind,WECC_WYCO,0.0,0.0,0.0,0.0,0.0,0.0,0.0
geo_opt_nuc_pess,133,133,new_onshore_wind,WECC_WYCO,0.0,0.0,0.0,0.0,0.0,0.0,0.0
geo_opt_nuc_pess,134,134,new_onshore_wind,WECC_WYCO,0.0,0.0,0.0,0.0,0.0,0.0,0.0
geo_opt_nuc_pess,135,135,new_onshore_wind,WECC_WYCO,0.0,0.0,0.0,0.0,0.0,0.0,0.0
geo_opt_nuc_pess,136,136,new_utility_pv,WECC_WYCO,0.0,0.0,0.0,0.0,0.0,0.0,0.0
geo_opt_nuc_pess,137,137,new_utility_pv,WECC_WYCO,4776.7,0.0,4776.7,0.0,35530.91938841214,0.849130367424047,3.9399908155531973
geo_opt_nuc_pess,138,138,new_utility_pv,WECC_WYCO,0.0,0.0,0.0,0.0,0.0,0.0,0.0
geo_opt_nuc_pess,139,139,new_utility_pv,WECC_WYCO,0.0,0.0,0.0,0.0,0.0,0.0,0.0
geo_opt_nuc_pess,140,140,new_utility_pv,WECC_WYCO,0.0,0.0,0.0,0.0,0.0,0.0,0.0
geo_opt_nuc_pess,141,141,battery,WECC_WYCO,0.0,0.0,0.0,0.0,0.0,0.0,0.0
geo_opt_nuc_pess,142,142,nuclear,WECC_WYCO,0.0,0.0,0.0,0.0,0.0,0.0,0.0
geo_opt_nuc_pess,143,143,naturalgas_ccs100,WECC_WYCO,0.0,0.0,0.0,0.0,0.0,0.0,0.0
geo_opt_nuc_pess,144,156,new_biogas_CCGT,CA_N,0.0,0.0,0.0,0.0,0.0,0.0,0.0
geo_opt_nuc_pess,145,157,new_biogas_CCGT,CA_S,0.0,0.0,0.0,0.0,0.0,0.0,0.0
geo_opt_nuc_pess,146,158,new_biogas_CCGT,WECC_N,0.0,0.0,0.0,0.0,0.0,0.0,0.0
geo_opt_nuc_pess,147,159,new_biogas_CCGT,WECC_NMAZ,0.0,0.0,0.0,0.0,0.0,0.0,0.0
geo_opt_nuc_pess,148,160,new_biogas_CCGT,WECC_PNW,0.0,0.0,0.0,0.0,0.0,0.0,0.0
geo_opt_nuc_pess,149,161,new_biogas_CCGT,WECC_WYCO,0.0,0.0,0.0,0.0,0.0,0.0,0.0
geo_opt_nuc_pess,150,162,biomass,WECC_PNW,0.0,28.4,0.0,28.4,0.0,0.0,0.0
geo_opt_nuc_pess,151,163,biomass,WECC_PNW,0.0,74.43,0.0,74.43,0.0,0.0,0.0
geo_opt_nuc_pess,152,164,conventional_hydroelectric,WECC_PNW,29850.0,29850.0,0.0,0.0,197348.2985879998,0.7547184116472767,21.88377045361104
geo_opt_nuc_pess,153,165,geothermal,WECC_PNW,14.49,14.49,0.0,0.0,47.49749092211513,0.37419516941391734,0.005266952874177179
geo_opt_nuc_pess,154,166,geothermal,WECC_PNW,1.17,1.17,0.0,0.0,7.87083653571446,0.7679464285714457,0.0008727897897162011
geo_opt_nuc_pess,155,167,hydroelectric_pumped_storage,WECC_PNW,214.0,214.0,0.0,0.0,398.1987899089065,0.2124134713379137,0.044155895822869176
geo_opt_nuc_pess,156,168,hydroelectric_pumped_storage,WECC_PNW,100.0,100.0,0.0,0.0,294.4473990260164,0.3361271678379183,0.03265099996833708
geo_opt_nuc_pess,157,169,nuclear,WECC_PNW,1163.0,1163.0,0.0,0.0,14.394600471634076,0.0014129142148939795,0.0015962039437204256
geo_opt_nuc_pess,158,170,onshore_wind_turbine,WECC_PNW,5254.0,5254.0,0.0,0.0,23963.819989414416,0.520669183327476,2.6573258527798087
geo_opt_nuc_pess,159,171,solar_photovoltaic,WECC_PNW,209.9,209.9,0.0,0.0,147.19348006278565,0.08005197085739113,0.016322148977260264
moderate_all,1,1,biomass,CA_N,36.72,36.72,0.0,0.0,136.9140941472476,0.4256389652014491,0.015182277372644383
moderate_all,2,2,biomass,CA_N,0.0,33.06,0.0,33.06,0.0,0.0,0.0
moderate_all,3,3,conventional_hydroelectric,CA_N,0.0,6607.44,0.0,6607.44,0.0,0.0,0.0
moderate_all,4,4,geothermal,CA_N,542.55,542.55,0.0,0.0,4482.3046267324535,0.9430994569303954,0.4970386177960001
moderate_all,5,5,geothermal,CA_N,100.32,100.32,0.0,0.0,841.0637530549632,0.9570558608058815,0.09326478231835444
moderate_all,6,6,hydroelectric_pumped_storage,CA_N,615.15,615.15,0.0,0.0,1210.1049997021462,0.22456285482995503,0.13418742511448792
moderate_all,7,7,hydroelectric_pumped_storage,CA_N,1175.8,1175.8,0.0,0.0,2154.9942169761757,0.20922257700927763,0.23896531721116915
moderate_all,8,8,onshore_wind_turbine,CA_N,1327.6,1327.6,0.0,0.0,1360.7760615919888,0.11700793390964613,0.1508951999267894
moderate_all,9,9,small_hydroelectric,CA_N,231.4,231.4,0.0,0.0,569.8398972750011,0.2811158884351955,0.06318901959884292
moderate_all,10,10,small_hydroelectric,CA_N,1.95,1.95,0.0,0.0,3.2889107142857332,0.19253663003663116,0.00036470426970393674
moderate_all,11,11,solar_photovoltaic,CA_N,2787.1,2787.1,0.0,0.0,3550.6397476913266,0.14542864343255787,0.3937271603448687
moderate_all,12,12,biomass,CA_S,0.0,67.2,0.0,67.2,0.0,0.0,0.0
moderate_all,13,13,biomass,CA_S,0.0,38.1,0.0,38.1,0.0,0.0,0.0
moderate_all,14,14,conventional_hydroelectric,CA_S,0.0,1396.0,0.0,1396.0,0.0,0.0,0.0
moderate_all,15,15,geothermal,CA_S,535.15,535.15,0.0,0.0,4453.417673581136,0.9499785349264377,0.49383537025654506
moderate_all,16,16,geothermal,CA_S,73.02,73.02,0.0,0.0,637.74267317344,0.9970100660065612,0.0707186956667712
moderate_all,17,17,hydroelectric_pumped_storage,CA_S,1623.0,1623.0,0.0,0.0,2584.051670369425,0.18175173591729515,0.2865431017101926
moderate_all,18,18,hydroelectric_pumped_storage,CA_S,42.0,42.0,0.0,0.0,98.82835363801651,0.26861370308223664,0.010958984804007622
moderate_all,19,19,onshore_wind_turbine,CA_S,4735.6,4735.6,0.0,0.0,9142.624655579304,0.220389942911269,1.0138171990218932
moderate_all,20,20,small_hydroelectric,CA_S,126.44,126.44,0.0,0.0,561.1711247456251,0.5066484552255958,0.062227747424191536
moderate_all,21,21,small_hydroelectric,CA_S,7.0,7.0,0.0,0.0,14.901054807692153,0.24300480769230517,0.0016523641970128493
moderate_all,22,22,solar_photovoltaic,CA_S,9520.0,9520.0,0.0,0.0,14766.866707199573,0.1770709430182981,1.6374842025573801
moderate_all,23,23,biomass,WECC_N,6.24,6.24,0.0,0.0,20.557329771428584,0.37607806776556796,0.0022795833005701065
moderate_all,24,24,biomass,WECC_N,0.0,13.8,0.0,13.8,0.0,0.0,0.0
moderate_all,25,25,conventional_hydroelectric,WECC_N,0.0,4648.1,0.0,4648.1,0.0,0.0,0.0
moderate_all,26,26,geothermal,WECC_N,165.24,165.24,0.0,0.0,544.5663831452405,0.3762110398885974,0.06038646297317657
moderate_all,27,27,geothermal,WECC_N,215.16,215.16,0.0,0.0,1846.2178501232813,0.979529012562002,0.2047253912424351
moderate_all,28,28,onshore_wind_turbine,WECC_N,3893.9,3893.9,0.0,0.0,3089.728806965355,0.09057982175156513,0.3426171720724974
moderate_all,29,29,solar_photovoltaic,WECC_N,1185.7,1185.7,0.0,0.0,1221.799496678243,0.11763079057765646,0.13548421707685304
moderate_all,30,30,biomass,WECC_NMAZ,0.0,3.54,0.0,3.54,0.0,0.0,0.0
moderate_all,31,31,biomass,WECC_NMAZ,0.0,11.4,0.0,11.4,0.0,0.0,0.0
moderate_all,32,32,conventional_hydroelectric,WECC_NMAZ,0.0,3960.0,0.0,3960.0,0.0,0.0,0.0
moderate_all,33,33,geothermal,WECC_NMAZ,0.68,0.68,0.0,0.0,5.523846465934246,0.9273177655677957,0.0006125342298180125
moderate_all,34,34,geothermal,WECC_NMAZ,2.66,2.66,0.0,0.0,21.450819207692582,0.9205728021978138,0.002378661518451011
moderate_all,35,35,hydroelectric_pumped_storage,WECC_NMAZ,119.0,119.0,0.0,0.0,270.3280982146158,0.2593224532967037,0.029976432990892764
moderate_all,36,36,hydroelectric_pumped_storage,WECC_NMAZ,97.3,97.3,0.0,0.0,223.37060593884576,0.26206503205128157,0.024769360067576206
moderate_all,37,37,nuclear,WECC_NMAZ,4002.99,4002.99,0.0,0.0,85.271249987167,0.0024317225267710277,0.00945565010878242
moderate_all,38,38,onshore_wind_turbine,WECC_NMAZ,0.0,1235.1,0.0,1235.1,0.0,0.0,0.0
moderate_all,39,39,solar_photovoltaic,WECC_NMAZ,6266.4,6266.4,0.0,0.0,8560.605201980265,0.1559488760302148,0.9492775996778532
moderate_all,40,40,biomass,WECC_WYCO,0.0,4.8,0.0,4.8,0.0,0.0,0.0
moderate_all,41,41,biomass,WECC_WYCO,0.0,8.04,0.0,8.04,0.0,0.0,0.0
moderate_all,42,42,conventional_hydroelectric,WECC_WYCO,0.0,961.87,0.0,961.87,0.0,0.0,0.0
moderate_all,43,43,hydroelectric_pumped_storage,WECC_WYCO,324.0,324.0,0.0,0.0,648.3283874758027,0.22842620337808037,0.07189253574311276
moderate_all,44,44,hydroelectric_pumped_storage,WECC_WYCO,238.5,238.5,0.0,0.0,510.95745324661317,0.24456384233968637,0.05665959979596452
moderate_all,45,45,onshore_wind_turbine,WECC_WYCO,5751.7,5751.7,0.0,0.0,48821.5066563207,0.9689711482624732,5.413771755371657
moderate_all,46,46,solar_photovoltaic,WECC_WYCO,593.1,593.1,0.0,0.0,1523.7132382743953,0.2932724117061572,0.16896315287287103
moderate_all,47,47,naturalgas_ccccsavgcf,CA_N,0.0,0.0,0.0,0.0,0.0,0.0,0.0
moderate_all,48,48,new_onshore_wind,CA_N,0.0,0.0,0.0,0.0,0.0,0.0,0.0
moderate_all,49,49,new_floating_offshore_wind,CA_N,0.0,0.0,0.0,0.0,0.0,0.0,0.0
moderate_all,50,50,new_floating_offshore_wind,CA_N,0.0,0.0,0.0,0.0,0.0,0.0,0.0
moderate_all,51,51,new_floating_offshore_wind,CA_N,0.0,0.0,0.0,0.0,0.0,0.0,0.0
moderate_all,52,52,new_floating_offshore_wind,CA_N,0.0,0.0,0.0,0.0,0.0,0.0,0.0
moderate_all,53,53,new_floating_offshore_wind,CA_N,0.0,0.0,0.0,0.0,0.0,0.0,0.0
moderate_all,54,54,new_utility_pv,CA_N,0.0,0.0,0.0,0.0,0.0,0.0,0.0
moderate_all,55,55,new_utility_pv,CA_N,0.0,0.0,0.0,0.0,0.0,0.0,0.0
moderate_all,56,56,new_utility_pv,CA_N,0.0,0.0,0.0,0.0,0.0,0.0,0.0
moderate_all,57,57,new_utility_pv,CA_N,11995.573644537533,0.0,11995.573644537533,0.0,97748.15288846727,0.9302152003949492,10.839202341143302
moderate_all,58,58,battery,CA_N,15408.044302952161,0.0,15408.044302952161,0.0,14076.564094031935,0.10429056911891756,1.5609371837172237
moderate_all,59,59,nuclear,CA_N,0.0,0.0,0.0,0.0,0.0,0.0,0.0
moderate_all,60,60,naturalgas_ccs100,CA_N,0.0,0.0,0.0,0.0,0.0,0.0,0.0
moderate_all,61,61,naturalgas_ccccsavgcf,CA_S,0.0,0.0,0.0,0.0,0.0,0.0,0.0
moderate_all,62,62,new_onshore_wind,CA_S,0.0,0.0,0.0,0.0,0.0,0.0,0.0
moderate_all,63,63,new_onshore_wind,CA_S,0.0,0.0,0.0,0.0,0.0,0.0,0.0
moderate_all,64,64,new_onshore_wind,CA_S,0.0,0.0,0.0,0.0,0.0,0.0,0.0
moderate_all,65,65,new_utility_pv,CA_S,0.0,0.0,0.0,0.0,0.0,0.0,0.0
moderate_all,66,66,new_utility_pv,CA_S,0.0,0.0,0.0,0.0,0.0,0.0,0.0
moderate_all,67,67,new_utility_pv,CA_S,0.0,0.0,0.0,0.0,0.0,0.0,0.0
moderate_all,68,68,new_utility_pv,CA_S,0.0,0.0,0.0,0.0,0.0,0.0,0.0
moderate_all,69,69,new_utility_pv,CA_S,15080.943512870406,0.0,15080.943512870406,0.0,105898.73594125951,0.8016008273375271,11.743012963614225
moderate_all,70,70,new_utility_pv,CA_S,0.0,0.0,0.0,0.0,0.0,0.0,0.0
moderate_all,71,71,new_utility_pv,CA_S,0.0,0.0,0.0,0.0,0.0,0.0,0.0
moderate_all,72,72,new_utility_pv,CA_S,0.0,0.0,0.0,0.0,0.0,0.0,0.0
moderate_all,73,73,new_utility_pv,CA_S,0.0,0.0,0.0,0.0,0.0,0.0,0.0
moderate_all,74,74,new_utility_pv,CA_S,0.0,0.0,0.0,0.0,0.0,0.0,0.0
moderate_all,75,75,battery,CA_S,0.0,0.0,0.0,0.0,0.0,0.0,0.0
moderate_all,76,76,nuclear,CA_S,0.0,0.0,0.0,0.0,0.0,0.0,0.0
moderate_all,77,77,naturalgas_ccs100,CA_S,0.0,0.0,0.0,0.0,0.0,0.0,0.0
moderate_all,78,78,naturalgas_ccccsavgcf,WECC_N,0.0,0.0,0.0,0.0,0.0,0.0,0.0
moderate_all,79,79,new_onshore_wind,WECC_N,0.0,0.0,0.0,0.0,0.0,0.0,0.0
moderate_all,80,80,new_onshore_wind,WECC_N,0.0,0.0,0.0,0.0,0.0,0.0,0.0
moderate_all,81,81,new_onshore_wind,WECC_N,0.0,0.0,0.0,0.0,0.0,0.0,0.0
moderate_all,82,82,new_onshore_wind,WECC_N,0.0,0.0,0.0,0.0,0.0,0.0,0.0
moderate_all,83,83,new_onshore_wind,WECC_N,0.0,0.0,0.0,0.0,0.0,0.0,0.0
moderate_all,84,84,new_onshore_wind,WECC_N,0.0,0.0,0.0,0.0,0.0,0.0,0.0
moderate_all,85,85,new_utility_pv,WECC_N,0.0,0.0,0.0,0.0,0.0,0.0,0.0
moderate_all,86,86,new_utility_pv,WECC_N,16185.6329213531,0.0,16185.6329213531,0.0,128516.15926446053,0.9064084492629028,14.251038134332248
moderate_all,87,87,new_utility_pv,WECC_N,0.0,0.0,0.0,0.0,0.0,0.0,0.0
moderate_all,88,88,new_utility_pv,WECC_N,0.0,0.0,0.0,0.0,0.0,0.0,0.0
moderate_all,89,89,new_utility_pv,WECC_N,0.0,0.0,0.0,0.0,0.0,0.0,0.0
moderate_all,90,90,new_utility_pv,WECC_N,0.0,0.0,0.0,0.0,0.0,0.0,0.0
moderate_all,91,91,new_utility_pv,WECC_N,0.0,0.0,0.0,0.0,0.0,0.0,0.0
moderate_all,92,92,new_utility_pv,WECC_N,0.0,0.0,0.0,0.0,0.0,0.0,0.0
moderate_all,93,93,battery,WECC_N,0.0,0.0,0.0,0.0,0.0,0.0,0.0
moderate_all,94,94,nuclear,WECC_N,0.0,0.0,0.0,0.0,0.0,0.0,0.0
moderate_all,95,95,naturalgas_ccs100,WECC_N,0.0,0.0,0.0,0.0,0.0,0.0,0.0
moderate_all,96,96,naturalgas_ccccsavgcf,WECC_NMAZ,0.0,0.0,0.0,0.0,0.0,0.0,0.0
moderate_all,97,97,new_onshore_wind,WECC_NMAZ,0.0,0.0,0.0,0.0,0.0,0.0,0.0
moderate_all,98,98,new_onshore_wind,WECC_NMAZ,0.0,0.0,0.0,0.0,0.0,0.0,0.0
moderate_all,99,99,new_onshore_wind,WECC_NMAZ,0.0,0.0,0.0,0.0,0.0,0.0,0.0
moderate_all,100,100,new_onshore_wind,WECC_NMAZ,0.0,0.0,0.0,0.0,0.0,0.0,0.0
moderate_all,101,101,new_onshore_wind,WECC_NMAZ,0.0,0.0,0.0,0.0,0.0,0.0,0.0
moderate_all,102,102,new_onshore_wind,WECC_NMAZ,0.0,0.0,0.0,0.0,0.0,0.0,0.0
moderate_all,103,103,new_onshore_wind,WECC_NMAZ,0.0,0.0,0.0,0.0,0.0,0.0,0.0
moderate_all,104,104,new_utility_pv,WECC_NMAZ,38055.5585593952,0.0,38055.5585593952,0.0,217057.85536675248,0.6511084038607842,24.069344990481483
moderate_all,105,105,new_utility_pv,WECC_NMAZ,0.0,0.0,0.0,0.0,0.0,0.0,0.0
moderate_all,106,106,new_utility_pv,WECC_NMAZ,0.0,0.0,0.0,0.0,0.0,0.0,0.0
moderate_all,107,107,new_utility_pv,WECC_NMAZ,0.0,0.0,0.0,0.0,0.0,0.0,0.0
moderate_all,108,108,new_utility_pv,WECC_NMAZ,0.0,0.0,0.0,0.0,0.0,0.0,0.0
moderate_all,109,109,new_utility_pv,WECC_NMAZ,0.0,0.0,0.0,0.0,0.0,0.0,0.0
moderate_all,110,110,new_utility_pv,WECC_NMAZ,0.0,0.0,0.0,0.0,0.0,0.0,0.0
moderate_all,111,111,new_utility_pv,WECC_NMAZ,0.0,0.0,0.0,0.0,0.0,0.0,0.0
moderate_all,112,112,new_utility_pv,WECC_NMAZ,0.0,0.0,0.0,0.0,0.0,0.0,0.0
moderate_all,113,113,new_utility_pv,WECC_NMAZ,0.0,0.0,0.0,0.0,0.0,0.0,0.0
moderate_all,114,114,new_utility_pv,WECC_NMAZ,0.0,0.0,0.0,0.0,0.0,0.0,0.0
moderate_all,115,115,new_utility_pv,WECC_NMAZ,0.0,0.0,0.0,0.0,0.0,0.0,0.0
moderate_all,116,116,battery,WECC_NMAZ,0.0,0.0,0.0,0.0,0.0,0.0,0.0
moderate_all,117,117,nuclear,WECC_NMAZ,0.0,0.0,0.0,0.0,0.0,0.0,0.0
moderate_all,118,118,naturalgas_ccs100,WECC_NMAZ,0.0,0.0,0.0,0.0,0.0,0.0,0.0
moderate_all,119,119,naturalgas_ccccsavgcf,WECC_PNW,0.0,0.0,0.0,0.0,0.0,0.0,0.0
moderate_all,120,120,new_onshore_wind,WECC_PNW,0.0,0.0,0.0,0.0,0.0,0.0,0.0
moderate_all,121,121,new_floating_offshore_wind,WECC_PNW,0.0,0.0,0.0,0.0,0.0,0.0,0.0
moderate_all,122,122,new_floating_offshore_wind,WECC_PNW,0.0,0.0,0.0,0.0,0.0,0.0,0.0
moderate_all,123,123,new_floating_offshore_wind,WECC_PNW,0.0,0.0,0.0,0.0,0.0,0.0,0.0
moderate_all,124,124,new_utility_pv,WECC_PNW,0.0,0.0,0.0,0.0,0.0,0.0,0.0
moderate_all,125,125,battery,WECC_PNW,0.0,0.0,0.0,0.0,0.0,0.0,0.0
moderate_all,126,126,nuclear,WECC_PNW,0.0,0.0,0.0,0.0,0.0,0.0,0.0
moderate_all,127,127,naturalgas_ccs100,WECC_PNW,0.0,0.0,0.0,0.0,0.0,0.0,0.0
moderate_all,128,128,naturalgas_ccccsavgcf,WECC_WYCO,0.0,0.0,0.0,0.0,0.0,0.0,0.0
moderate_all,129,129,new_onshore_wind,WECC_WYCO,0.0,0.0,0.0,0.0,0.0,0.0,0.0
moderate_all,130,130,new_onshore_wind,WECC_WYCO,0.0,0.0,0.0,0.0,0.0,0.0,0.0
moderate_all,131,131,new_onshore_wind,WECC_WYCO,0.0,0.0,0.0,0.0,0.0,0.0,0.0
moderate_all,132,132,new_onshore_wind,WECC_WYCO,0.0,0.0,0.0,0.0,0.0,0.0,0.0
moderate_all,133,133,new_onshore_wind,WECC_WYCO,0.0,0.0,0.0,0.0,0.0,0.0,0.0
moderate_all,134,134,new_onshore_wind,WECC_WYCO,0.0,0.0,0.0,0.0,0.0,0.0,0.0
moderate_all,135,135,new_onshore_wind,WECC_WYCO,0.0,0.0,0.0,0.0,0.0,0.0,0.0
moderate_all,136,136,new_utility_pv,WECC_WYCO,0.0,0.0,0.0,0.0,0.0,0.0,0.0
moderate_all,137,137,new_utility_pv,WECC_WYCO,4776.7,0.0,4776.7,0.0,15606.94408503357,0.37298022098502626,1.7306396066390273
moderate_all,138,138,new_utility_pv,WECC_WYCO,0.0,0.0,0.0,0.0,0.0,0.0,0.0
moderate_all,139,139,new_utility_pv,WECC_WYCO,0.0,0.0,0.0,0.0,0.0,0.0,0.0
moderate_all,140,140,new_utility_pv,WECC_WYCO,0.0,0.0,0.0,0.0,0.0,0.0,0.0
moderate_all,141,141,battery,WECC_WYCO,0.0,0.0,0.0,0.0,0.0,0.0,0.0
moderate_all,142,142,nuclear,WECC_WYCO,0.0,0.0,0.0,0.0,0.0,0.0,0.0
moderate_all,143,143,naturalgas_ccs100,WECC_WYCO,0.0,0.0,0.0,0.0,0.0,0.0,0.0
moderate_all,144,156,new_biogas_CCGT,CA_N,0.0,0.0,0.0,0.0,0.0,0.0,0.0
moderate_all,145,157,new_biogas_CCGT,CA_S,0.0,0.0,0.0,0.0,0.0,0.0,0.0
moderate_all,146,158,new_biogas_CCGT,WECC_N,0.0,0.0,0.0,0.0,0.0,0.0,0.0
moderate_all,147,159,new_biogas_CCGT,WECC_NMAZ,0.0,0.0,0.0,0.0,0.0,0.0,0.0
moderate_all,148,160,new_biogas_CCGT,WECC_PNW,0.0,0.0,0.0,0.0,0.0,0.0,0.0
moderate_all,149,161,new_biogas_CCGT,WECC_WYCO,0.0,0.0,0.0,0.0,0.0,0.0,0.0
moderate_all,150,162,biomass,WECC_PNW,0.0,28.4,0.0,28.4,0.0,0.0,0.0
moderate_all,151,163,biomass,WECC_PNW,0.0,74.43,0.0,74.43,0.0,0.0,0.0
moderate_all,152,164,conventional_hydroelectric,WECC_PNW,29850.0,29850.0,0.0,0.0,205219.02023781367,0.7848183850677041,22.756547503735895
moderate_all,153,165,geothermal,WECC_PNW,14.49,14.49,0.0,0.0,14.92821501923054,0.11760760073259892,0.0016553759677705917
moderate_all,154,166,geothermal,WECC_PNW,1.17,1.17,0.0,0.0,10.007253883929081,0.9763936584249583,0.0011096951351179682
moderate_all,155,167,hydroelectric_pumped_storage,WECC_PNW,214.0,214.0,0.0,0.0,463.2807801874972,0.2471305318287763,0.051372777580204115
moderate_all,156,168,hydroelectric_pumped_storage,WECC_PNW,100.0,100.0,0.0,0.0,190.851487860746,0.21786699527482423,0.02116334511600732
moderate_all,157,169,nuclear,WECC_PNW,1163.0,1163.0,0.0,0.0,23.817078538226454,0.002337785539113776,0.002641053828866741
moderate_all,158,170,onshore_wind_turbine,WECC_PNW,5254.0,5254.0,0.0,0.0,30561.585415450027,0.6640208333431111,3.3889459636355
moderate_all,159,171,solar_photovoltaic,WECC_PNW,209.9,209.9,0.0,0.0,222.61180413457188,0.12106863462627991,0.0246852172367369
nuc_optimistic,1,1,biomass,CA_N,36.72,36.72,0.0,0.0,135.9138181450502,0.4225293040292892,0.01507135769115251
nuc_optimistic,2,2,biomass,CA_N,0.0,33.06,0.0,33.06,0.0,0.0,0.0
nuc_optimistic,3,3,conventional_hydroelectric,CA_N,0.0,6607.44,0.0,6607.44,0.0,0.0,0.0
nuc_optimistic,4,4,geothermal,CA_N,0.0,542.55,0.0,542.55,0.0,0.0,0.0
nuc_optimistic,5,5,geothermal,CA_N,0.0,100.32,0.0,100.32,0.0,0.0,0.0
nuc_optimistic,6,6,hydroelectric_pumped_storage,CA_N,615.15,615.15,0.0,0.0,1189.9284100124587,0.22081862388919854,0.13195006172972618
nuc_optimistic,7,7,hydroelectric_pumped_storage,CA_N,1175.8,1175.8,0.0,0.0,1999.2935504105628,0.19410601918081646,0.22169981418441392
nuc_optimistic,8,8,onshore_wind_turbine,CA_N,1327.6,1327.6,0.0,0.0,510.79863900604437,0.0439216231684982,0.05664198903159392
nuc_optimistic,9,9,small_hydroelectric,CA_N,231.4,231.4,0.0,0.0,237.084537748761,0.11695957194679645,0.026290085292429544
nuc_optimistic,10,10,small_hydroelectric,CA_N,1.95,1.95,0.0,0.0,0.04106250000000001,0.0024038461538461544,4.553382677635332e-6
nuc_optimistic,11,11,solar_photovoltaic,CA_N,2787.1,2787.1,0.0,0.0,1663.1841266100264,0.06812141712454209,0.18442895079023786
nuc_optimistic,12,12,biomass,CA_S,0.0,67.2,0.0,67.2,0.0,0.0,0.0
nuc_optimistic,13,13,biomass,CA_S,0.0,38.1,0.0,38.1,0.0,0.0,0.0
nuc_optimistic,14,14,conventional_hydroelectric,CA_S,0.0,1396.0,0.0,1396.0,0.0,0.0,0.0
nuc_optimistic,15,15,geothermal,CA_S,0.0,535.15,0.0,535.15,0.0,0.0,0.0
nuc_optimistic,16,16,geothermal,CA_S,0.0,73.02,0.0,73.02,0.0,0.0,0.0
nuc_optimistic,17,17,hydroelectric_pumped_storage,CA_S,1623.0,1623.0,0.0,0.0,2614.3587138391117,0.18388341069156502,0.28990382175269397
nuc_optimistic,18,18,hydroelectric_pumped_storage,CA_S,42.0,42.0,0.0,0.0,114.25290761670239,0.3105373657770776,0.012669399340307152
nuc_optimistic,19,19,onshore_wind_turbine,CA_S,4735.6,4735.6,0.0,0.0,6191.295358260702,0.14924589841071434,0.6865470206740533
nuc_optimistic,20,20,small_hydroelectric,CA_S,126.44,126.44,0.0,0.0,219.39703629065932,0.19808070054945054,0.02432873460141049
nuc_optimistic,21,21,small_hydroelectric,CA_S,7.0,7.0,0.0,0.0,3.419032211538401,0.055757211538460555,0.00037913332228422945
nuc_optimistic,22,22,solar_photovoltaic,CA_S,9520.0,9520.0,0.0,0.0,8080.971498003972,0.09689971962419866,0.896091461491047
nuc_optimistic,23,23,biomass,WECC_N,6.24,6.24,0.0,0.0,20.471156400000012,0.37450160256410275,0.0022700276150483703
nuc_optimistic,24,24,biomass,WECC_N,0.0,13.8,0.0,13.8,0.0,0.0,0.0
nuc_optimistic,25,25,conventional_hydroelectric,WECC_N,0.0,4648.1,0.0,4648.1,0.0,0.0,0.0
nuc_optimistic,26,26,geothermal,WECC_N,0.0,165.24,0.0,165.24,0.0,0.0,0.0
nuc_optimistic,27,27,geothermal,WECC_N,0.0,215.16,0.0,215.16,0.0,0.0,0.0
nuc_optimistic,28,28,onshore_wind_turbine,WECC_N,3893.9,3893.9,0.0,0.0,1421.9932547800115,0.04168776730809879,0.1576835179063522
nuc_optimistic,29,29,solar_photovoltaic,WECC_N,1185.7,1185.7,0.0,0.0,358.42400072682153,0.03450787030288464,0.03974530620781157
nuc_optimistic,30,30,biomass,WECC_NMAZ,0.0,3.54,0.0,3.54,0.0,0.0,0.0
nuc_optimistic,31,31,biomass,WECC_NMAZ,0.0,11.4,0.0,11.4,0.0,0.0,0.0
nuc_optimistic,32,32,conventional_hydroelectric,WECC_NMAZ,0.0,3960.0,0.0,3960.0,0.0,0.0,0.0
nuc_optimistic,33,33,geothermal,WECC_NMAZ,0.0,0.68,0.0,0.68,0.0,0.0,0.0
nuc_optimistic,34,34,geothermal,WECC_NMAZ,0.0,2.66,0.0,2.66,0.0,0.0,0.0
nuc_optimistic,35,35,hydroelectric_pumped_storage,WECC_NMAZ,119.0,119.0,0.0,0.0,319.0150999484653,0.3060273012820549,0.03537528961971253
nuc_optimistic,36,36,hydroelectric_pumped_storage,WECC_NMAZ,97.3,97.3,0.0,0.0,269.3546646288849,0.31601489606227146,0.029868489840156807
nuc_optimistic,37,37,nuclear,WECC_NMAZ,4002.99,4002.99,0.0,0.0,47.140242993343115,0.0013443216889822093,0.005227337981501585
nuc_optimistic,38,38,onshore_wind_turbine,WECC_NMAZ,0.0,1235.1,0.0,1235.1,0.0,0.0,0.0
nuc_optimistic,39,39,solar_photovoltaic,WECC_NMAZ,6266.4,6266.4,0.0,0.0,370.7802433962005,0.006754518033195971,0.04111547853856125
nuc_optimistic,40,40,biomass,WECC_WYCO,0.0,4.8,0.0,4.8,0.0,0.0,0.0
nuc_optimistic,41,41,biomass,WECC_WYCO,0.0,8.04,0.0,8.04,0.0,0.0,0.0
nuc_optimistic,42,42,conventional_hydroelectric,WECC_WYCO,0.0,961.87,0.0,961.87,0.0,0.0,0.0
nuc_optimistic,43,43,hydroelectric_pumped_storage,WECC_WYCO,324.0,324.0,0.0,0.0,743.239318531884,0.261866268720011,0.08241712117724369
nuc_optimistic,44,44,hydroelectric_pumped_storage,WECC_WYCO,238.5,238.5,0.0,0.0,574.1538238615128,0.2748120501333069,0.06366738693136316
nuc_optimistic,45,45,onshore_wind_turbine,WECC_WYCO,5751.7,5751.7,0.0,0.0,49757.79734389172,0.9875539148499458,5.517596164455789
nuc_optimistic,46,46,solar_photovoltaic,WECC_WYCO,593.1,593.1,0.0,0.0,1275.6945535714226,0.24553571428571314,0.14146059012933582
nuc_optimistic,47,47,naturalgas_ccccsavgcf,CA_N,0.0,0.0,0.0,0.0,0.0,0.0,0.0
nuc_optimistic,48,48,new_onshore_wind,CA_N,0.0,0.0,0.0,0.0,0.0,0.0,0.0
nuc_optimistic,49,49,new_floating_offshore_wind,CA_N,0.0,0.0,0.0,0.0,0.0,0.0,0.0
nuc_optimistic,50,50,new_floating_offshore_wind,CA_N,0.0,0.0,0.0,0.0,0.0,0.0,0.0
nuc_optimistic,51,51,new_floating_offshore_wind,CA_N,0.0,0.0,0.0,0.0,0.0,0.0,0.0
nuc_optimistic,52,52,new_floating_offshore_wind,CA_N,0.0,0.0,0.0,0.0,0.0,0.0,0.0
nuc_optimistic,53,53,new_floating_offshore_wind,CA_N,0.0,0.0,0.0,0.0,0.0,0.0,0.0
nuc_optimistic,54,54,new_utility_pv,CA_N,0.0,0.0,0.0,0.0,0.0,0.0,0.0
nuc_optimistic,55,55,new_utility_pv,CA_N,0.0,0.0,0.0,0.0,0.0,0.0,0.0
nuc_optimistic,56,56,new_utility_pv,CA_N,0.0,0.0,0.0,0.0,0.0,0.0,0.0
nuc_optimistic,57,57,new_utility_pv,CA_N,15041.69401,0.0,15041.69401,0.0,116876.84645385215,0.887008188752017,12.96036549308042
nuc_optimistic,58,58,battery,CA_N,2558.725544191904,0.0,2558.725544191904,0.0,5212.26380678187,0.23254048689584012,0.5779831166895867
nuc_optimistic,59,59,nuclear,CA_N,0.0,0.0,0.0,0.0,0.0,0.0,0.0
nuc_optimistic,60,60,naturalgas_ccs100,CA_N,0.0,0.0,0.0,0.0,0.0,0.0,0.0
nuc_optimistic,61,61,naturalgas_ccccsavgcf,CA_S,0.0,0.0,0.0,0.0,0.0,0.0,0.0
nuc_optimistic,62,62,new_onshore_wind,CA_S,0.0,0.0,0.0,0.0,0.0,0.0,0.0
nuc_optimistic,63,63,new_onshore_wind,CA_S,0.0,0.0,0.0,0.0,0.0,0.0,0.0
nuc_optimistic,64,64,new_onshore_wind,CA_S,0.0,0.0,0.0,0.0,0.0,0.0,0.0
nuc_optimistic,65,65,new_utility_pv,CA_S,0.0,0.0,0.0,0.0,0.0,0.0,0.0
nuc_optimistic,66,66,new_utility_pv,CA_S,0.0,0.0,0.0,0.0,0.0,0.0,0.0
nuc_optimistic,67,67,new_utility_pv,CA_S,0.0,0.0,0.0,0.0,0.0,0.0,0.0
nuc_optimistic,68,68,new_utility_pv,CA_S,0.0,0.0,0.0,0.0,0.0,0.0,0.0
nuc_optimistic,69,69,new_utility_pv,CA_S,20451.59,0.0,20451.59,0.0,129336.72596686616,0.7219226688278887,14.342030017646175
nuc_optimistic,70,70,new_utility_pv,CA_S,1459.8676713572,0.0,1459.8676713572,0.0,1989.4106053892024,0.15556318681318704,0.2206039035441878
nuc_optimistic,71,71,new_utility_pv,CA_S,0.0,0.0,0.0,0.0,0.0,0.0,0.0
nuc_optimistic,72,72,new_utility_pv,CA_S,0.0,0.0,0.0,0.0,0.0,0.0,0.0
nuc_optimistic,73,73,new_utility_pv,CA_S,0.0,0.0,0.0,0.0,0.0,0.0,0.0
nuc_optimistic,74,74,new_utility_pv,CA_S,0.0,0.0,0.0,0.0,0.0,0.0,0.0
nuc_optimistic,75,75,battery,CA_S,0.0,0.0,0.0,0.0,0.0,0.0,0.0
nuc_optimistic,76,76,nuclear,CA_S,0.0,0.0,0.0,0.0,0.0,0.0,0.0
nuc_optimistic,77,77,naturalgas_ccs100,CA_S,0.0,0.0,0.0,0.0,0.0,0.0,0.0
nuc_optimistic,78,78,naturalgas_ccccsavgcf,WECC_N,0.0,0.0,0.0,0.0,0.0,0.0,0.0
nuc_optimistic,79,79,new_onshore_wind,WECC_N,0.0,0.0,0.0,0.0,0.0,0.0,0.0
nuc_optimistic,80,80,new_onshore_wind,WECC_N,0.0,0.0,0.0,0.0,0.0,0.0,0.0
nuc_optimistic,81,81,new_onshore_wind,WECC_N,0.0,0.0,0.0,0.0,0.0,0.0,0.0
nuc_optimistic,82,82,new_onshore_wind,WECC_N,0.0,0.0,0.0,0.0,0.0,0.0,0.0
nuc_optimistic,83,83,new_onshore_wind,WECC_N,0.0,0.0,0.0,0.0,0.0,0.0,0.0
nuc_optimistic,84,84,new_onshore_wind,WECC_N,0.0,0.0,0.0,0.0,0.0,0.0,0.0
nuc_optimistic,85,85,new_utility_pv,WECC_N,0.0,0.0,0.0,0.0,0.0,0.0,0.0
nuc_optimistic,86,86,new_utility_pv,WECC_N,18238.210358056094,0.0,18238.210358056094,0.0,141858.96948960374,0.887913121454619,15.730610029617306
nuc_optimistic,87,87,new_utility_pv,WECC_N,0.0,0.0,0.0,0.0,0.0,0.0,0.0
nuc_optimistic,88,88,new_utility_pv,WECC_N,0.0,0.0,0.0,0.0,0.0,0.0,0.0
nuc_optimistic,89,89,new_utility_pv,WECC_N,0.0,0.0,0.0,0.0,0.0,0.0,0.0
nuc_optimistic,90,90,new_utility_pv,WECC_N,0.0,0.0,0.0,0.0,0.0,0.0,0.0
nuc_optimistic,91,91,new_utility_pv,WECC_N,0.0,0.0,0.0,0.0,0.0,0.0,0.0
nuc_optimistic,92,92,new_utility_pv,WECC_N,0.0,0.0,0.0,0.0,0.0,0.0,0.0
nuc_optimistic,93,93,battery,WECC_N,0.0,0.0,0.0,0.0,0.0,0.0,0.0
nuc_optimistic,94,94,nuclear,WECC_N,0.0,0.0,0.0,0.0,0.0,0.0,0.0
nuc_optimistic,95,95,naturalgas_ccs100,WECC_N,0.0,0.0,0.0,0.0,0.0,0.0,0.0
nuc_optimistic,96,96,naturalgas_ccccsavgcf,WECC_NMAZ,0.0,0.0,0.0,0.0,0.0,0.0,0.0
nuc_optimistic,97,97,new_onshore_wind,WECC_NMAZ,0.0,0.0,0.0,0.0,0.0,0.0,0.0
nuc_optimistic,98,98,new_onshore_wind,WECC_NMAZ,0.0,0.0,0.0,0.0,0.0,0.0,0.0
nuc_optimistic,99,99,new_onshore_wind,WECC_NMAZ,0.0,0.0,0.0,0.0,0.0,0.0,0.0
nuc_optimistic,100,100,new_onshore_wind,WECC_NMAZ,0.0,0.0,0.0,0.0,0.0,0.0,0.0
nuc_optimistic,101,101,new_onshore_wind,WECC_NMAZ,0.0,0.0,0.0,0.0,0.0,0.0,0.0
nuc_optimistic,102,102,new_onshore_wind,WECC_NMAZ,0.0,0.0,0.0,0.0,0.0,0.0,0.0
nuc_optimistic,103,103,new_onshore_wind,WECC_NMAZ,0.0,0.0,0.0,0.0,0.0,0.0,0.0
nuc_optimistic,104,104,new_utility_pv,WECC_NMAZ,40626.1053575032,0.0,40626.1053575032,0.0,217835.39207757442,0.6120954413746529,24.15556531779429
nuc_optimistic,105,105,new_utility_pv,WECC_NMAZ,0.0,0.0,0.0,0.0,0.0,0.0,0.0
nuc_optimistic,106,106,new_utility_pv,WECC_NMAZ,0.0,0.0,0.0,0.0,0.0,0.0,0.0
nuc_optimistic,107,107,new_utility_pv,WECC_NMAZ,0.0,0.0,0.0,0.0,0.0,0.0,0.0
nuc_optimistic,108,108,new_utility_pv,WECC_NMAZ,0.0,0.0,0.0,0.0,0.0,0.0,0.0
nuc_optimistic,109,109,new_utility_pv,WECC_NMAZ,0.0,0.0,0.0,0.0,0.0,0.0,0.0
nuc_optimistic,110,110,new_utility_pv,WECC_NMAZ,0.0,0.0,0.0,0.0,0.0,0.0,0.0
nuc_optimistic,111,111,new_utility_pv,WECC_NMAZ,0.0,0.0,0.0,0.0,0.0,0.0,0.0
nuc_optimistic,112,112,new_utility_pv,WECC_NMAZ,0.0,0.0,0.0,0.0,0.0,0.0,0.0
nuc_optimistic,113,113,new_utility_pv,WECC_NMAZ,0.0,0.0,0.0,0.0,0.0,0.0,0.0
nuc_optimistic,114,114,new_utility_pv,WECC_NMAZ,0.0,0.0,0.0,0.0,0.0,0.0,0.0
nuc_optimistic,115,115,new_utility_pv,WECC_NMAZ,0.0,0.0,0.0,0.0,0.0,0.0,0.0
nuc_optimistic,116,116,battery,WECC_NMAZ,0.0,0.0,0.0,0.0,0.0,0.0,0.0
nuc_optimistic,117,117,nuclear,WECC_NMAZ,0.0,0.0,0.0,0.0,0.0,0.0,0.0
nuc_optimistic,118,118,naturalgas_ccs100,WECC_NMAZ,0.0,0.0,0.0,0.0,0.0,0.0,0.0
nuc_optimistic,119,119,naturalgas_ccccsavgcf,WECC_PNW,0.0,0.0,0.0,0.0,0.0,0.0,0.0
nuc_optimistic,120,120,new_onshore_wind,WECC_PNW,0.0,0.0,0.0,0.0,0.0,0.0,0.0
nuc_optimistic,121,121,new_floating_offshore_wind,WECC_PNW,0.0,0.0,0.0,0.0,0.0,0.0,0.0
nuc_optimistic,122,122,new_floating_offshore_wind,WECC_PNW,0.0,0.0,0.0,0.0,0.0,0.0,0.0
nuc_optimistic,123,123,new_floating_offshore_wind,WECC_PNW,0.0,0.0,0.0,0.0,0.0,0.0,0.0
nuc_optimistic,124,124,new_utility_pv,WECC_PNW,0.0,0.0,0.0,0.0,0.0,0.0,0.0
nuc_optimistic,125,125,battery,WECC_PNW,0.0,0.0,0.0,0.0,0.0,0.0,0.0
nuc_optimistic,126,126,nuclear,WECC_PNW,0.0,0.0,0.0,0.0,0.0,0.0,0.0
nuc_optimistic,127,127,naturalgas_ccs100,WECC_PNW,0.0,0.0,0.0,0.0,0.0,0.0,0.0
nuc_optimistic,128,128,naturalgas_ccccsavgcf,WECC_WYCO,0.0,0.0,0.0,0.0,0.0,0.0,0.0
nuc_optimistic,129,129,new_onshore_wind,WECC_WYCO,0.0,0.0,0.0,0.0,0.0,0.0,0.0
nuc_optimistic,130,130,new_onshore_wind,WECC_WYCO,0.0,0.0,0.0,0.0,0.0,0.0,0.0
nuc_optimistic,131,131,new_onshore_wind,WECC_WYCO,0.0,0.0,0.0,0.0,0.0,0.0,0.0
nuc_optimistic,132,132,new_onshore_wind,WECC_WYCO,0.0,0.0,0.0,0.0,0.0,0.0,0.0
nuc_optimistic,133,133,new_onshore_wind,WECC_WYCO,0.0,0.0,0.0,0.0,0.0,0.0,0.0
nuc_optimistic,134,134,new_onshore_wind,WECC_WYCO,0.0,0.0,0.0,0.0,0.0,0.0,0.0
nuc_optimistic,135,135,new_onshore_wind,WECC_WYCO,0.0,0.0,0.0,0.0,0.0,0.0,0.0
nuc_optimistic,136,136,new_utility_pv,WECC_WYCO,0.0,0.0,0.0,0.0,0.0,0.0,0.0
nuc_optimistic,137,137,new_utility_pv,WECC_WYCO,4776.7,0.0,4776.7,0.0,13522.16354249452,0.3231574047293335,1.499460218899155
nuc_optimistic,138,138,new_utility_pv,WECC_WYCO,0.0,0.0,0.0,0.0,0.0,0.0,0.0
nuc_optimistic,139,139,new_utility_pv,WECC_WYCO,0.0,0.0,0.0,0.0,0.0,0.0,0.0
nuc_optimistic,140,140,new_utility_pv,WECC_WYCO,0.0,0.0,0.0,0.0,0.0,0.0,0.0
nuc_optimistic,141,141,battery,WECC_WYCO,0.0,0.0,0.0,0.0,0.0,0.0,0.0
nuc_optimistic,142,142,nuclear,WECC_WYCO,0.0,0.0,0.0,0.0,0.0,0.0,0.0
nuc_optimistic,143,143,naturalgas_ccs100,WECC_WYCO,0.0,0.0,0.0,0.0,0.0,0.0,0.0
nuc_optimistic,144,156,new_biogas_CCGT,CA_N,0.0,0.0,0.0,0.0,0.0,0.0,0.0
nuc_optimistic,145,157,new_biogas_CCGT,CA_S,0.0,0.0,0.0,0.0,0.0,0.0,0.0
nuc_optimistic,146,158,new_biogas_CCGT,WECC_N,0.0,0.0,0.0,0.0,0.0,0.0,0.0
nuc_optimistic,147,159,new_biogas_CCGT,WECC_NMAZ,0.0,0.0,0.0,0.0,0.0,0.0,0.0
nuc_optimistic,148,160,new_biogas_CCGT,WECC_PNW,0.0,0.0,0.0,0.0,0.0,0.0,0.0
nuc_optimistic,149,161,new_biogas_CCGT,WECC_WYCO,0.0,0.0,0.0,0.0,0.0,0.0,0.0
nuc_optimistic,150,162,biomass,WECC_PNW,0.0,28.4,0.0,28.4,0.0,0.0,0.0
nuc_optimistic,151,163,biomass,WECC_PNW,0.0,74.43,0.0,74.43,0.0,0.0,0.0
nuc_optimistic,152,164,conventional_hydroelectric,WECC_PNW,29850.0,29850.0,0.0,0.0,181453.75635369113,0.6939329690832057,20.12123935397891
nuc_optimistic,153,165,geothermal,WECC_PNW,0.0,14.49,0.0,14.49,0.0,0.0,0.0
nuc_optimistic,154,166,geothermal,WECC_PNW,0.0,1.17,0.0,1.17,0.0,0.0,0.0
nuc_optimistic,155,167,hydroelectric_pumped_storage,WECC_PNW,214.0,214.0,0.0,0.0,496.46367797352343,0.2648314758959179,0.05505239845016175
nuc_optimistic,156,168,hydroelectric_pumped_storage,WECC_PNW,100.0,100.0,0.0,0.0,198.81587743406692,0.22695876419414032,0.022046508915607905
nuc_optimistic,157,169,nuclear,WECC_PNW,1163.0,1163.0,0.0,0.0,12.099313303164742,0.0011876183566320708,0.00134168167076805
nuc_optimistic,158,170,onshore_wind_turbine,WECC_PNW,5254.0,5254.0,0.0,0.0,32292.5289251488,0.7016295678428264,3.5808886897975145
nuc_optimistic,159,171,solar_photovoltaic,WECC_PNW,209.9,209.9,0.0,0.0,115.97263324175802,0.0630723443223442,0.012860098125607946
optimistic_all,1,1,biomass,CA_N,36.72,36.72,0.0,0.0,136.93537661537945,0.4257051282051121,0.015184637365867615
optimistic_all,2,2,biomass,CA_N,0.0,33.06,0.0,33.06,0.0,0.0,0.0
optimistic_all,3,3,conventional_hydroelectric,CA_N,0.0,6607.44,0.0,6607.44,0.0,0.0,0.0
optimistic_all,4,4,geothermal,CA_N,542.55,542.55,0.0,0.0,4430.567832322452,0.9322137749487669,0.49130157247574724
optimistic_all,5,5,geothermal,CA_N,100.32,100.32,0.0,0.0,821.2022958532413,0.9344552862953176,0.0910623636839577
optimistic_all,6,6,hydroelectric_pumped_storage,CA_N,264.24598987500013,615.15,0.0,350.90401012499984,597.3256456635764,0.25804690215458487,0.06623688883706225
optimistic_all,7,7,hydroelectric_pumped_storage,CA_N,505.08075225000016,1175.8,0.0,670.7192477499998,1019.5568482213868,0.2304339801968807,0.11305771668933301
optimistic_all,8,8,onshore_wind_turbine,CA_N,1327.6,1327.6,0.0,0.0,1296.5030310182008,0.11148134160264142,0.14376802296353067
optimistic_all,9,9,small_hydroelectric,CA_N,231.4,231.4,0.0,0.0,666.5895337006485,0.32884483849579915,0.07391749737218986
optimistic_all,10,10,small_hydroelectric,CA_N,1.95,1.95,0.0,0.0,4.209883928571415,0.24645146520146438,0.000466830138330897
optimistic_all,11,11,solar_photovoltaic,CA_N,2787.1,2787.1,0.0,0.0,3544.878505250133,0.14519267196480937,0.3930883014947405
optimistic_all,12,12,biomass,CA_S,0.0,67.2,0.0,67.2,0.0,0.0,0.0
optimistic_all,13,13,biomass,CA_S,0.0,38.1,0.0,38.1,0.0,0.0,0.0
optimistic_all,14,14,conventional_hydroelectric,CA_S,0.0,1396.0,0.0,1396.0,0.0,0.0,0.0
optimistic_all,15,15,geothermal,CA_S,535.15,535.15,0.0,0.0,4404.781568485099,0.9396037488070598,0.4884421575088569
optimistic_all,16,16,geothermal,CA_S,73.02,73.02,0.0,0.0,636.8474827038507,0.9956105769230842,0.07061942882287683
optimistic_all,17,17,hydroelectric_pumped_storage,CA_S,1623.0,1623.0,0.0,0.0,2750.5396983888872,0.19346182997189987,0.30500480527956814
optimistic_all,18,18,hydroelectric_pumped_storage,CA_S,42.0,42.0,0.0,0.0,99.14835858720281,0.2694834708284486,0.010994469857094563
optimistic_all,19,19,onshore_wind_turbine,CA_S,4735.6,4735.6,0.0,0.0,9737.174395397002,0.23472201801580359,1.0797462702250227
optimistic_all,20,20,small_hydroelectric,CA_S,126.44,126.44,0.0,0.0,564.5183256452415,0.5096704463622371,0.06259891543867868
optimistic_all,21,21,small_hydroelectric,CA_S,7.0,7.0,0.0,0.0,14.718437177269019,0.24002669891175832,0.0016321138967388884
optimistic_all,22,22,solar_photovoltaic,CA_S,9520.0,9520.0,0.0,0.0,13687.036177799711,0.16412258952313455,1.517742793063289
optimistic_all,23,23,biomass,WECC_N,6.24,6.24,0.0,0.0,20.572997657142867,0.37636469780219795,0.0022813206979376945
optimistic_all,24,24,biomass,WECC_N,0.0,13.8,0.0,13.8,0.0,0.0,0.0
optimistic_all,25,25,conventional_hydroelectric,WECC_N,0.0,4648.1,0.0,4648.1,0.0,0.0,0.0
optimistic_all,26,26,geothermal,WECC_N,165.24,165.24,0.0,0.0,595.6849951341966,0.41152608460904555,0.06605495861604474
optimistic_all,27,27,geothermal,WECC_N,215.16,215.16,0.0,0.0,1807.9453687594364,0.9592231716905569,0.20048139115300426
optimistic_all,28,28,onshore_wind_turbine,WECC_N,3893.9,3893.9,0.0,0.0,3496.688132833953,0.10251041679738726,0.3877445156320037
optimistic_all,29,29,solar_photovoltaic,WECC_N,1185.7,1185.7,0.0,0.0,1105.0818592610901,0.10639360477011346,0.1225415061267213
optimistic_all,30,30,biomass,WECC_NMAZ,0.0,3.54,0.0,3.54,0.0,0.0,0.0
optimistic_all,31,31,biomass,WECC_NMAZ,0.0,11.4,0.0,11.4,0.0,0.0,0.0
optimistic_all,32,32,conventional_hydroelectric,WECC_NMAZ,0.0,3960.0,0.0,3960.0,0.0,0.0,0.0
optimistic_all,33,33,geothermal,WECC_NMAZ,0.68,0.68,0.0,0.0,5.906963621978237,0.9916336996337357,0.000655017737199093
optimistic_all,34,34,geothermal,WECC_NMAZ,2.66,2.66,0.0,0.0,23.091245446154307,0.990972527472547,0.002560566868055884
optimistic_all,35,35,hydroelectric_pumped_storage,WECC_NMAZ,119.0,119.0,0.0,0.0,283.0920892729564,0.2715667945137911,0.031391820163679134
optimistic_all,36,36,hydroelectric_pumped_storage,WECC_NMAZ,97.3,97.3,0.0,0.0,227.88451474296716,0.26736088398514124,0.025269903243396286
optimistic_all,37,37,nuclear,WECC_NMAZ,4002.99,4002.99,0.0,0.0,93.73401612984642,0.00267305942603128,0.010394078425591072
optimistic_all,38,38,onshore_wind_turbine,WECC_NMAZ,0.0,1235.1,0.0,1235.1,0.0,0.0,0.0
optimistic_all,39,39,solar_photovoltaic,WECC_NMAZ,6266.4,6266.4,0.0,0.0,7415.949804620606,0.1350966443890611,0.8223478204827418
optimistic_all,40,40,biomass,WECC_WYCO,0.0,4.8,0.0,4.8,0.0,0.0,0.0
optimistic_all,41,41,biomass,WECC_WYCO,0.0,8.04,0.0,8.04,0.0,0.0,0.0
optimistic_all,42,42,conventional_hydroelectric,WECC_WYCO,0.0,961.87,0.0,961.87,0.0,0.0,0.0
optimistic_all,43,43,hydroelectric_pumped_storage,WECC_WYCO,324.0,324.0,0.0,0.0,658.0114692254249,0.2318378534674393,0.07296628372983681
optimistic_all,44,44,hydroelectric_pumped_storage,WECC_WYCO,238.5,238.5,0.0,0.0,497.04425115859635,0.23790444997683216,0.05511677767412548
optimistic_all,45,45,onshore_wind_turbine,WECC_WYCO,5751.7,5751.7,0.0,0.0,48375.04769938719,0.9601101794440126,5.364264334226424
optimistic_all,46,46,solar_photovoltaic,WECC_WYCO,593.1,593.1,0.0,0.0,1715.9620109008786,0.33027495245954014,0.1902814416052688
optimistic_all,47,47,naturalgas_ccccsavgcf,CA_N,0.0,0.0,0.0,0.0,0.0,0.0,0.0
optimistic_all,48,48,new_onshore_wind,CA_N,0.0,0.0,0.0,0.0,0.0,0.0,0.0
optimistic_all,49,49,new_floating_offshore_wind,CA_N,0.0,0.0,0.0,0.0,0.0,0.0,0.0
optimistic_all,50,50,new_floating_offshore_wind,CA_N,0.0,0.0,0.0,0.0,0.0,0.0,0.0
optimistic_all,51,51,new_floating_offshore_wind,CA_N,0.0,0.0,0.0,0.0,0.0,0.0,0.0
optimistic_all,52,52,new_floating_offshore_wind,CA_N,0.0,0.0,0.0,0.0,0.0,0.0,0.0
optimistic_all,53,53,new_floating_offshore_wind,CA_N,0.0,0.0,0.0,0.0,0.0,0.0,0.0
optimistic_all,54,54,new_utility_pv,CA_N,0.0,0.0,0.0,0.0,0.0,0.0,0.0
optimistic_all,55,55,new_utility_pv,CA_N,0.0,0.0,0.0,0.0,0.0,0.0,0.0
optimistic_all,56,56,new_utility_pv,CA_N,0.0,0.0,0.0,0.0,0.0,0.0,0.0
optimistic_all,57,57,new_utility_pv,CA_N,12606.377409617178,0.0,12606.377409617178,0.0,99522.59812589674,0.9012126810240048,11.035968933691828
optimistic_all,58,58,battery,CA_N,18539.919373844554,0.0,18539.919373844554,0.0,22127.13363313941,0.13624269048856874,2.4536574000818048
optimistic_all,59,59,nuclear,CA_N,0.0,0.0,0.0,0.0,0.0,0.0,0.0
optimistic_all,60,60,naturalgas_ccs100,CA_N,0.0,0.0,0.0,0.0,0.0,0.0,0.0
optimistic_all,61,61,naturalgas_ccccsavgcf,CA_S,0.0,0.0,0.0,0.0,0.0,0.0,0.0
optimistic_all,62,62,new_onshore_wind,CA_S,0.0,0.0,0.0,0.0,0.0,0.0,0.0
optimistic_all,63,63,new_onshore_wind,CA_S,0.0,0.0,0.0,0.0,0.0,0.0,0.0
optimistic_all,64,64,new_onshore_wind,CA_S,0.0,0.0,0.0,0.0,0.0,0.0,0.0
optimistic_all,65,65,new_utility_pv,CA_S,0.0,0.0,0.0,0.0,0.0,0.0,0.0
optimistic_all,66,66,new_utility_pv,CA_S,0.0,0.0,0.0,0.0,0.0,0.0,0.0
optimistic_all,67,67,new_utility_pv,CA_S,0.0,0.0,0.0,0.0,0.0,0.0,0.0
optimistic_all,68,68,new_utility_pv,CA_S,0.0,0.0,0.0,0.0,0.0,0.0,0.0
optimistic_all,69,69,new_utility_pv,CA_S,15080.943512870406,0.0,15080.943512870406,0.0,105651.39758124003,0.7997285988141019,11.715585841446128
optimistic_all,70,70,new_utility_pv,CA_S,0.0,0.0,0.0,0.0,0.0,0.0,0.0
optimistic_all,71,71,new_utility_pv,CA_S,0.0,0.0,0.0,0.0,0.0,0.0,0.0
optimistic_all,72,72,new_utility_pv,CA_S,0.0,0.0,0.0,0.0,0.0,0.0,0.0
optimistic_all,73,73,new_utility_pv,CA_S,0.0,0.0,0.0,0.0,0.0,0.0,0.0
optimistic_all,74,74,new_utility_pv,CA_S,0.0,0.0,0.0,0.0,0.0,0.0,0.0
optimistic_all,75,75,battery,CA_S,0.0,0.0,0.0,0.0,0.0,0.0,0.0
optimistic_all,76,76,nuclear,CA_S,0.0,0.0,0.0,0.0,0.0,0.0,0.0
optimistic_all,77,77,naturalgas_ccs100,CA_S,0.0,0.0,0.0,0.0,0.0,0.0,0.0
optimistic_all,78,78,naturalgas_ccccsavgcf,WECC_N,0.0,0.0,0.0,0.0,0.0,0.0,0.0
optimistic_all,79,79,new_onshore_wind,WECC_N,0.0,0.0,0.0,0.0,0.0,0.0,0.0
optimistic_all,80,80,new_onshore_wind,WECC_N,0.0,0.0,0.0,0.0,0.0,0.0,0.0
optimistic_all,81,81,new_onshore_wind,WECC_N,0.0,0.0,0.0,0.0,0.0,0.0,0.0
optimistic_all,82,82,new_onshore_wind,WECC_N,0.0,0.0,0.0,0.0,0.0,0.0,0.0
optimistic_all,83,83,new_onshore_wind,WECC_N,0.0,0.0,0.0,0.0,0.0,0.0,0.0
optimistic_all,84,84,new_onshore_wind,WECC_N,0.0,0.0,0.0,0.0,0.0,0.0,0.0
optimistic_all,85,85,new_utility_pv,WECC_N,0.0,0.0,0.0,0.0,0.0,0.0,0.0
optimistic_all,86,86,new_utility_pv,WECC_N,15935.543979449218,0.0,15935.543979449218,0.0,121421.50355943841,0.8698104219528301,13.464318319634302
optimistic_all,87,87,new_utility_pv,WECC_N,0.0,0.0,0.0,0.0,0.0,0.0,0.0
optimistic_all,88,88,new_utility_pv,WECC_N,0.0,0.0,0.0,0.0,0.0,0.0,0.0
optimistic_all,89,89,new_utility_pv,WECC_N,0.0,0.0,0.0,0.0,0.0,0.0,0.0
optimistic_all,90,90,new_utility_pv,WECC_N,0.0,0.0,0.0,0.0,0.0,0.0,0.0
optimistic_all,91,91,new_utility_pv,WECC_N,0.0,0.0,0.0,0.0,0.0,0.0,0.0
optimistic_all,92,92,new_utility_pv,WECC_N,0.0,0.0,0.0,0.0,0.0,0.0,0.0
optimistic_all,93,93,battery,WECC_N,0.0,0.0,0.0,0.0,0.0,0.0,0.0
optimistic_all,94,94,nuclear,WECC_N,0.0,0.0,0.0,0.0,0.0,0.0,0.0
optimistic_all,95,95,naturalgas_ccs100,WECC_N,0.0,0.0,0.0,0.0,0.0,0.0,0.0
optimistic_all,96,96,naturalgas_ccccsavgcf,WECC_NMAZ,0.0,0.0,0.0,0.0,0.0,0.0,0.0
optimistic_all,97,97,new_onshore_wind,WECC_NMAZ,0.0,0.0,0.0,0.0,0.0,0.0,0.0
optimistic_all,98,98,new_onshore_wind,WECC_NMAZ,0.0,0.0,0.0,0.0,0.0,0.0,0.0
optimistic_all,99,99,new_onshore_wind,WECC_NMAZ,0.0,0.0,0.0,0.0,0.0,0.0,0.0
optimistic_all,100,100,new_onshore_wind,WECC_NMAZ,0.0,0.0,0.0,0.0,0.0,0.0,0.0
optimistic_all,101,101,new_onshore_wind,WECC_NMAZ,0.0,0.0,0.0,0.0,0.0,0.0,0.0
optimistic_all,102,102,new_onshore_wind,WECC_NMAZ,0.0,0.0,0.0,0.0,0.0,0.0,0.0
optimistic_all,103,103,new_onshore_wind,WECC_NMAZ,0.0,0.0,0.0,0.0,0.0,0.0,0.0
optimistic_all,104,104,new_utility_pv,WECC_NMAZ,38055.5585593952,0.0,38055.5585593952,0.0,222377.29245455822,0.6670651181931307,24.65921245326104
optimistic_all,105,105,new_utility_pv,WECC_NMAZ,0.0,0.0,0.0,0.0,0.0,0.0,0.0
optimistic_all,106,106,new_utility_pv,WECC_NMAZ,0.0,0.0,0.0,0.0,0.0,0.0,0.0
optimistic_all,107,107,new_utility_pv,WECC_NMAZ,0.0,0.0,0.0,0.0,0.0,0.0,0.0
optimistic_all,108,108,new_utility_pv,WECC_NMAZ,0.0,0.0,0.0,0.0,0.0,0.0,0.0
optimistic_all,109,109,new_utility_pv,WECC_NMAZ,0.0,0.0,0.0,0.0,0.0,0.0,0.0
optimistic_all,110,110,new_utility_pv,WECC_NMAZ,0.0,0.0,0.0,0.0,0.0,0.0,0.0
optimistic_all,111,111,new_utility_pv,WECC_NMAZ,0.0,0.0,0.0,0.0,0.0,0.0,0.0
optimistic_all,112,112,new_utility_pv,WECC_NMAZ,0.0,0.0,0.0,0.0,0.0,0.0,0.0
optimistic_all,113,113,new_utility_pv,WECC_NMAZ,0.0,0.0,0.0,0.0,0.0,0.0,0.0
optimistic_all,114,114,new_utility_pv,WECC_NMAZ,0.0,0.0,0.0,0.0,0.0,0.0,0.0
optimistic_all,115,115,new_utility_pv,WECC_NMAZ,0.0,0.0,0.0,0.0,0.0,0.0,0.0
optimistic_all,116,116,battery,WECC_NMAZ,0.0,0.0,0.0,0.0,0.0,0.0,0.0
optimistic_all,117,117,nuclear,WECC_NMAZ,0.0,0.0,0.0,0.0,0.0,0.0,0.0
optimistic_all,118,118,naturalgas_ccs100,WECC_NMAZ,0.0,0.0,0.0,0.0,0.0,0.0,0.0
optimistic_all,119,119,naturalgas_ccccsavgcf,WECC_PNW,0.0,0.0,0.0,0.0,0.0,0.0,0.0
optimistic_all,120,120,new_onshore_wind,WECC_PNW,0.0,0.0,0.0,0.0,0.0,0.0,0.0
optimistic_all,121,121,new_floating_offshore_wind,WECC_PNW,0.0,0.0,0.0,0.0,0.0,0.0,0.0
optimistic_all,122,122,new_floating_offshore_wind,WECC_PNW,0.0,0.0,0.0,0.0,0.0,0.0,0.0
optimistic_all,123,123,new_floating_offshore_wind,WECC_PNW,0.0,0.0,0.0,0.0,0.0,0.0,0.0
optimistic_all,124,124,new_utility_pv,WECC_PNW,0.0,0.0,0.0,0.0,0.0,0.0,0.0
optimistic_all,125,125,battery,WECC_PNW,0.0,0.0,0.0,0.0,0.0,0.0,0.0
optimistic_all,126,126,nuclear,WECC_PNW,0.0,0.0,0.0,0.0,0.0,0.0,0.0
optimistic_all,127,127,naturalgas_ccs100,WECC_PNW,0.0,0.0,0.0,0.0,0.0,0.0,0.0
optimistic_all,128,128,naturalgas_ccccsavgcf,WECC_WYCO,0.0,0.0,0.0,0.0,0.0,0.0,0.0
optimistic_all,129,129,new_onshore_wind,WECC_WYCO,0.0,0.0,0.0,0.0,0.0,0.0,0.0
optimistic_all,130,130,new_onshore_wind,WECC_WYCO,0.0,0.0,0.0,0.0,0.0,0.0,0.0
optimistic_all,131,131,new_onshore_wind,WECC_WYCO,0.0,0.0,0.0,0.0,0.0,0.0,0.0
optimistic_all,132,132,new_onshore_wind,WECC_WYCO,0.0,0.0,0.0,0.0,0.0,0.0,0.0
optimistic_all,133,133,new_onshore_wind,WECC_WYCO,0.0,0.0,0.0,0.0,0.0,0.0,0.0
optimistic_all,134,134,new_onshore_wind,WECC_WYCO,0.0,0.0,0.0,0.0,0.0,0.0,0.0
optimistic_all,135,135,new_onshore_wind,WECC_WYCO,0.0,0.0,0.0,0.0,0.0,0.0,0.0
optimistic_all,136,136,new_utility_pv,WECC_WYCO,0.0,0.0,0.0,0.0,0.0,0.0,0.0
optimistic_all,137,137,new_utility_pv,WECC_WYCO,4682.887458067334,0.0,4682.887458067334,0.0,16792.054744347985,0.4093417242435426,1.8620554324461076
optimistic_all,138,138,new_utility_pv,WECC_WYCO,0.0,0.0,0.0,0.0,0.0,0.0,0.0
optimistic_all,139,139,new_utility_pv,WECC_WYCO,0.0,0.0,0.0,0.0,0.0,0.0,0.0
optimistic_all,140,140,new_utility_pv,WECC_WYCO,0.0,0.0,0.0,0.0,0.0,0.0,0.0
optimistic_all,141,141,battery,WECC_WYCO,583.7743741920742,0.0,583.7743741920742,0.0,439.9897039798742,0.0860386090551383,0.04879005166367991
optimistic_all,142,142,nuclear,WECC_WYCO,0.0,0.0,0.0,0.0,0.0,0.0,0.0
optimistic_all,143,143,naturalgas_ccs100,WECC_WYCO,0.0,0.0,0.0,0.0,0.0,0.0,0.0
optimistic_all,144,156,new_biogas_CCGT,CA_N,0.0,0.0,0.0,0.0,0.0,0.0,0.0
optimistic_all,145,157,new_biogas_CCGT,CA_S,0.0,0.0,0.0,0.0,0.0,0.0,0.0
optimistic_all,146,158,new_biogas_CCGT,WECC_N,0.0,0.0,0.0,0.0,0.0,0.0,0.0
optimistic_all,147,159,new_biogas_CCGT,WECC_NMAZ,0.0,0.0,0.0,0.0,0.0,0.0,0.0
optimistic_all,148,160,new_biogas_CCGT,WECC_PNW,0.0,0.0,0.0,0.0,0.0,0.0,0.0
optimistic_all,149,161,new_biogas_CCGT,WECC_WYCO,0.0,0.0,0.0,0.0,0.0,0.0,0.0
optimistic_all,150,162,biomass,WECC_PNW,0.0,28.4,0.0,28.4,0.0,0.0,0.0
optimistic_all,151,163,biomass,WECC_PNW,0.0,74.43,0.0,74.43,0.0,0.0,0.0
optimistic_all,152,164,conventional_hydroelectric,WECC_PNW,27706.460174413267,29850.0,0.0,2143.539825586733,205101.37891384223,0.8450519940836939,22.743502366037372
optimistic_all,153,165,geothermal,WECC_PNW,14.49,14.49,0.0,0.0,18.643341548076602,0.14687614468864216,0.002067342915269432
optimistic_all,154,166,geothermal,WECC_PNW,1.17,1.17,0.0,0.0,9.846177428571911,0.9606776556777029,0.001091833515840081
optimistic_all,155,167,hydroelectric_pumped_storage,WECC_PNW,0.0,214.0,0.0,214.0,0.0,0.0,0.0
optimistic_all,156,168,hydroelectric_pumped_storage,WECC_PNW,0.0,100.0,0.0,100.0,0.0,0.0,0.0
optimistic_all,157,169,nuclear,WECC_PNW,1163.0,1163.0,0.0,0.0,26.23938873626375,0.002575549450549452,0.0029096615681812594
optimistic_all,158,170,onshore_wind_turbine,WECC_PNW,5254.0,5254.0,0.0,0.0,32133.500935505832,0.6981743184906701,3.5632542229896127
optimistic_all,159,171,solar_photovoltaic,WECC_PNW,209.9,209.9,0.0,0.0,286.04115466749647,0.15556503024243792,0.031718839299940016
geo_moderate,1,1,biomass,CA_N,36.72,36.72,0.0,0.0,135.9138181450502,0.4225293040292892,0.01507135769115251
geo_moderate,2,2,biomass,CA_N,0.0,33.06,0.0,33.06,0.0,0.0,0.0
geo_moderate,3,3,conventional_hydroelectric,CA_N,0.0,6607.44,0.0,6607.44,0.0,0.0,0.0
geo_moderate,4,4,geothermal,CA_N,542.55,542.55,0.0,0.0,4471.692757426369,0.9408666662093238,0.4958618774154666
geo_moderate,5,5,geothermal,CA_N,100.32,100.32,0.0,0.0,829.574930268148,0.9439826007326192,0.09199079737676769
geo_moderate,6,6,hydroelectric_pumped_storage,CA_N,615.15,615.15,0.0,0.0,913.5649588948768,0.1695330201036605,0.10130437403291484
geo_moderate,7,7,hydroelectric_pumped_storage,CA_N,1175.8,1175.8,0.0,0.0,1531.8963147932143,0.148727682036093,0.16987056666576125
geo_moderate,8,8,onshore_wind_turbine,CA_N,1327.6,1327.6,0.0,0.0,1286.7697129546084,0.11064441077408614,0.1426887043183757
geo_moderate,9,9,small_hydroelectric,CA_N,231.4,231.4,0.0,0.0,1459.3772158354247,0.719946294658395,0.16182899079989532
geo_moderate,10,10,small_hydroelectric,CA_N,1.95,1.95,0.0,0.0,11.61677678571426,0.6800595238095223,0.0012881736422776875
geo_moderate,11,11,solar_photovoltaic,CA_N,2787.1,2787.1,0.0,0.0,3777.8153016220326,0.15473339834346206,0.41891844757897007
geo_moderate,12,12,biomass,CA_S,0.0,67.2,0.0,67.2,0.0,0.0,0.0
geo_moderate,13,13,biomass,CA_S,0.0,38.1,0.0,38.1,0.0,0.0,0.0
geo_moderate,14,14,conventional_hydroelectric,CA_S,0.0,1396.0,0.0,1396.0,0.0,0.0,0.0
geo_moderate,15,15,geothermal,CA_S,535.15,535.15,0.0,0.0,4397.794500746977,0.93811330599217,0.48766736802438254
geo_moderate,16,16,geothermal,CA_S,73.02,73.02,0.0,0.0,631.1474783134663,0.9866995192307767,0.06998736060361056
geo_moderate,17,17,hydroelectric_pumped_storage,CA_S,1623.0,1623.0,0.0,0.0,2073.094502841535,0.14581307677883384,0.2298835335973132
geo_moderate,18,18,hydroelectric_pumped_storage,CA_S,42.0,42.0,0.0,0.0,106.01213201698822,0.28813908462977883,0.011755587349658304
geo_moderate,19,19,onshore_wind_turbine,CA_S,4735.6,4735.6,0.0,0.0,11322.733731336297,0.27294313554979793,1.2555674797137035
geo_moderate,20,20,small_hydroelectric,CA_S,126.44,126.44,0.0,0.0,949.1596082277961,0.8569404733522751,0.10525143180311923
geo_moderate,21,21,small_hydroelectric,CA_S,7.0,7.0,0.0,0.0,39.450428365383864,0.6433533653846032,0.004374621543847364
geo_moderate,22,22,solar_photovoltaic,CA_S,9520.0,9520.0,0.0,0.0,16917.188148631627,0.20285565774327094,1.8759313600067453
geo_moderate,23,23,biomass,WECC_N,6.24,6.24,0.0,0.0,20.471156400000012,0.37450160256410275,0.0022700276150483703
geo_moderate,24,24,biomass,WECC_N,0.0,13.8,0.0,13.8,0.0,0.0,0.0
geo_moderate,25,25,conventional_hydroelectric,WECC_N,0.0,4648.1,0.0,4648.1,0.0,0.0,0.0
geo_moderate,26,26,geothermal,WECC_N,165.24,165.24,0.0,0.0,1107.399878782211,0.7650418256869287,0.1227985491692514
geo_moderate,27,27,geothermal,WECC_N,215.16,215.16,0.0,0.0,1797.9200459644153,0.9539041382203917,0.19936969237303345
geo_moderate,28,28,onshore_wind_turbine,WECC_N,3893.9,3893.9,0.0,0.0,5043.474498439478,0.14785667274336123,0.5592662262718993
geo_moderate,29,29,solar_photovoltaic,WECC_N,1185.7,1185.7,0.0,0.0,1224.150105504313,0.11785709937488645,0.13574487391729198
geo_moderate,30,30,biomass,WECC_NMAZ,0.0,3.54,0.0,3.54,0.0,0.0,0.0
geo_moderate,31,31,biomass,WECC_NMAZ,0.0,11.4,0.0,11.4,0.0,0.0,0.0
geo_moderate,32,32,conventional_hydroelectric,WECC_NMAZ,0.0,3960.0,0.0,3960.0,0.0,0.0,0.0
geo_moderate,33,33,geothermal,WECC_NMAZ,0.68,0.68,0.0,0.0,4.424720722527495,0.7428016254578792,0.0004906531918741135
geo_moderate,34,34,geothermal,WECC_NMAZ,2.66,2.66,0.0,0.0,16.649985438461474,0.7145425824175796,0.001846301498407817
geo_moderate,35,35,hydroelectric_pumped_storage,WECC_NMAZ,119.0,119.0,0.0,0.0,167.74667013098565,0.1609173382937969,0.018601273229965007
geo_moderate,36,36,hydroelectric_pumped_storage,WECC_NMAZ,97.3,97.3,0.0,0.0,158.3477939318288,0.18577833693729415,0.017559040534087262
geo_moderate,37,37,nuclear,WECC_NMAZ,4002.99,4002.99,0.0,0.0,46.08192436325418,0.001314141091727261,0.005109982006642147
geo_moderate,38,38,onshore_wind_turbine,WECC_NMAZ,0.0,1235.1,0.0,1235.1,0.0,0.0,0.0
geo_moderate,39,39,solar_photovoltaic,WECC_NMAZ,6266.4,6266.4,0.0,0.0,10077.694030762177,0.18358574189476906,1.1175061779039628
geo_moderate,40,40,biomass,WECC_WYCO,0.0,4.8,0.0,4.8,0.0,0.0,0.0
geo_moderate,41,41,biomass,WECC_WYCO,0.0,8.04,0.0,8.04,0.0,0.0,0.0
geo_moderate,42,42,conventional_hydroelectric,WECC_WYCO,0.0,961.87,0.0,961.87,0.0,0.0,0.0
geo_moderate,43,43,hydroelectric_pumped_storage,WECC_WYCO,324.0,324.0,0.0,0.0,573.4077861661268,0.20202935134665387,0.06358465950076264
geo_moderate,44,44,hydroelectric_pumped_storage,WECC_WYCO,238.5,238.5,0.0,0.0,420.81930594857295,0.2014202664812292,0.04666426394205796
geo_moderate,45,45,onshore_wind_turbine,WECC_WYCO,5751.7,5751.7,0.0,0.0,39362.290577495856,0.781232012514701,4.364848025999831
geo_moderate,46,46,solar_photovoltaic,WECC_WYCO,593.1,593.1,0.0,0.0,1741.7230686566802,0.33523323945631234,0.19313806149306986
geo_moderate,47,47,naturalgas_ccccsavgcf,CA_N,0.0,0.0,0.0,0.0,0.0,0.0,0.0
geo_moderate,48,48,new_onshore_wind,CA_N,0.0,0.0,0.0,0.0,0.0,0.0,0.0
geo_moderate,49,49,new_floating_offshore_wind,CA_N,0.0,0.0,0.0,0.0,0.0,0.0,0.0
geo_moderate,50,50,new_floating_offshore_wind,CA_N,0.0,0.0,0.0,0.0,0.0,0.0,0.0
geo_moderate,51,51,new_floating_offshore_wind,CA_N,0.0,0.0,0.0,0.0,0.0,0.0,0.0
geo_moderate,52,52,new_floating_offshore_wind,CA_N,0.0,0.0,0.0,0.0,0.0,0.0,0.0
geo_moderate,53,53,new_floating_offshore_wind,CA_N,0.0,0.0,0.0,0.0,0.0,0.0,0.0
geo_moderate,54,54,new_utility_pv,CA_N,0.0,0.0,0.0,0.0,0.0,0.0,0.0
geo_moderate,55,55,new_utility_pv,CA_N,0.0,0.0,0.0,0.0,0.0,0.0,0.0
geo_moderate,56,56,new_utility_pv,CA_N,0.0,0.0,0.0,0.0,0.0,0.0,0.0
geo_moderate,57,57,new_utility_pv,CA_N,14398.82401,0.0,14398.82401,0.0,85287.25391920948,0.6761654898732745,9.457424770016791
geo_moderate,58,58,battery,CA_N,2558.7255441918933,0.0,2558.7255441918933,0.0,8561.175804298691,0.38194919975888064,0.9493408732416289
geo_moderate,59,59,nuclear,CA_N,0.0,0.0,0.0,0.0,0.0,0.0,0.0
geo_moderate,60,60,naturalgas_ccs100,CA_N,0.0,0.0,0.0,0.0,0.0,0.0,0.0
geo_moderate,61,61,naturalgas_ccccsavgcf,CA_S,0.0,0.0,0.0,0.0,0.0,0.0,0.0
geo_moderate,62,62,new_onshore_wind,CA_S,0.0,0.0,0.0,0.0,0.0,0.0,0.0
geo_moderate,63,63,new_onshore_wind,CA_S,0.0,0.0,0.0,0.0,0.0,0.0,0.0
geo_moderate,64,64,new_onshore_wind,CA_S,0.0,0.0,0.0,0.0,0.0,0.0,0.0
geo_moderate,65,65,new_utility_pv,CA_S,0.0,0.0,0.0,0.0,0.0,0.0,0.0
geo_moderate,66,66,new_utility_pv,CA_S,0.0,0.0,0.0,0.0,0.0,0.0,0.0
geo_moderate,67,67,new_utility_pv,CA_S,0.0,0.0,0.0,0.0,0.0,0.0,0.0
geo_moderate,68,68,new_utility_pv,CA_S,0.0,0.0,0.0,0.0,0.0,0.0,0.0
geo_moderate,69,69,new_utility_pv,CA_S,20451.59,0.0,20451.59,0.0,79780.1196345561,0.44531107815997956,8.846743738536672
geo_moderate,70,70,new_utility_pv,CA_S,851.6976713572,0.0,851.6976713572,0.0,1661.7266029321697,0.22272553285726104,0.18426732733655152
geo_moderate,71,71,new_utility_pv,CA_S,0.0,0.0,0.0,0.0,0.0,0.0,0.0
geo_moderate,72,72,new_utility_pv,CA_S,0.0,0.0,0.0,0.0,0.0,0.0,0.0
geo_moderate,73,73,new_utility_pv,CA_S,0.0,0.0,0.0,0.0,0.0,0.0,0.0
geo_moderate,74,74,new_utility_pv,CA_S,0.0,0.0,0.0,0.0,0.0,0.0,0.0
geo_moderate,75,75,battery,CA_S,0.0,0.0,0.0,0.0,0.0,0.0,0.0
geo_moderate,76,76,nuclear,CA_S,0.0,0.0,0.0,0.0,0.0,0.0,0.0
geo_moderate,77,77,naturalgas_ccs100,CA_S,0.0,0.0,0.0,0.0,0.0,0.0,0.0
geo_moderate,78,78,naturalgas_ccccsavgcf,WECC_N,0.0,0.0,0.0,0.0,0.0,0.0,0.0
geo_moderate,79,79,new_onshore_wind,WECC_N,0.0,0.0,0.0,0.0,0.0,0.0,0.0
geo_moderate,80,80,new_onshore_wind,WECC_N,0.0,0.0,0.0,0.0,0.0,0.0,0.0
geo_moderate,81,81,new_onshore_wind,WECC_N,0.0,0.0,0.0,0.0,0.0,0.0,0.0
geo_moderate,82,82,new_onshore_wind,WECC_N,0.0,0.0,0.0,0.0,0.0,0.0,0.0
geo_moderate,83,83,new_onshore_wind,WECC_N,0.0,0.0,0.0,0.0,0.0,0.0,0.0
geo_moderate,84,84,new_onshore_wind,WECC_N,0.0,0.0,0.0,0.0,0.0,0.0,0.0
geo_moderate,85,85,new_utility_pv,WECC_N,0.0,0.0,0.0,0.0,0.0,0.0,0.0
geo_moderate,86,86,new_utility_pv,WECC_N,17842.150358056104,0.0,17842.150358056104,0.0,113981.00127817337,0.7292579406159146,12.639247897706307
geo_moderate,87,87,new_utility_pv,WECC_N,0.0,0.0,0.0,0.0,0.0,0.0,0.0
geo_moderate,88,88,new_utility_pv,WECC_N,0.0,0.0,0.0,0.0,0.0,0.0,0.0
geo_moderate,89,89,new_utility_pv,WECC_N,0.0,0.0,0.0,0.0,0.0,0.0,0.0
geo_moderate,90,90,new_utility_pv,WECC_N,0.0,0.0,0.0,0.0,0.0,0.0,0.0
geo_moderate,91,91,new_utility_pv,WECC_N,0.0,0.0,0.0,0.0,0.0,0.0,0.0
geo_moderate,92,92,new_utility_pv,WECC_N,0.0,0.0,0.0,0.0,0.0,0.0,0.0
geo_moderate,93,93,battery,WECC_N,0.0,0.0,0.0,0.0,0.0,0.0,0.0
geo_moderate,94,94,nuclear,WECC_N,0.0,0.0,0.0,0.0,0.0,0.0,0.0
geo_moderate,95,95,naturalgas_ccs100,WECC_N,0.0,0.0,0.0,0.0,0.0,0.0,0.0
geo_moderate,96,96,naturalgas_ccccsavgcf,WECC_NMAZ,0.0,0.0,0.0,0.0,0.0,0.0,0.0
geo_moderate,97,97,new_onshore_wind,WECC_NMAZ,0.0,0.0,0.0,0.0,0.0,0.0,0.0
geo_moderate,98,98,new_onshore_wind,WECC_NMAZ,0.0,0.0,0.0,0.0,0.0,0.0,0.0
geo_moderate,99,99,new_onshore_wind,WECC_NMAZ,0.0,0.0,0.0,0.0,0.0,0.0,0.0
geo_moderate,100,100,new_onshore_wind,WECC_NMAZ,0.0,0.0,0.0,0.0,0.0,0.0,0.0
geo_moderate,101,101,new_onshore_wind,WECC_NMAZ,0.0,0.0,0.0,0.0,0.0,0.0,0.0
geo_moderate,102,102,new_onshore_wind,WECC_NMAZ,0.0,0.0,0.0,0.0,0.0,0.0,0.0
geo_moderate,103,103,new_onshore_wind,WECC_NMAZ,0.0,0.0,0.0,0.0,0.0,0.0,0.0
geo_moderate,104,104,new_utility_pv,WECC_NMAZ,40622.765357503195,0.0,40622.765357503195,0.0,227006.67836705607,0.6379182744390517,25.172560778912345
geo_moderate,105,105,new_utility_pv,WECC_NMAZ,0.0,0.0,0.0,0.0,0.0,0.0,0.0
geo_moderate,106,106,new_utility_pv,WECC_NMAZ,0.0,0.0,0.0,0.0,0.0,0.0,0.0
geo_moderate,107,107,new_utility_pv,WECC_NMAZ,0.0,0.0,0.0,0.0,0.0,0.0,0.0
geo_moderate,108,108,new_utility_pv,WECC_NMAZ,0.0,0.0,0.0,0.0,0.0,0.0,0.0
geo_moderate,109,109,new_utility_pv,WECC_NMAZ,0.0,0.0,0.0,0.0,0.0,0.0,0.0
geo_moderate,110,110,new_utility_pv,WECC_NMAZ,0.0,0.0,0.0,0.0,0.0,0.0,0.0
geo_moderate,111,111,new_utility_pv,WECC_NMAZ,0.0,0.0,0.0,0.0,0.0,0.0,0.0
geo_moderate,112,112,new_utility_pv,WECC_NMAZ,0.0,0.0,0.0,0.0,0.0,0.0,0.0
geo_moderate,113,113,new_utility_pv,WECC_NMAZ,0.0,0.0,0.0,0.0,0.0,0.0,0.0
geo_moderate,114,114,new_utility_pv,WECC_NMAZ,0.0,0.0,0.0,0.0,0.0,0.0,0.0
geo_moderate,115,115,new_utility_pv,WECC_NMAZ,0.0,0.0,0.0,0.0,0.0,0.0,0.0
geo_moderate,116,116,battery,WECC_NMAZ,0.0,0.0,0.0,0.0,0.0,0.0,0.0
geo_moderate,117,117,nuclear,WECC_NMAZ,0.0,0.0,0.0,0.0,0.0,0.0,0.0
geo_moderate,118,118,naturalgas_ccs100,WECC_NMAZ,0.0,0.0,0.0,0.0,0.0,0.0,0.0
geo_moderate,119,119,naturalgas_ccccsavgcf,WECC_PNW,0.0,0.0,0.0,0.0,0.0,0.0,0.0
geo_moderate,120,120,new_onshore_wind,WECC_PNW,0.0,0.0,0.0,0.0,0.0,0.0,0.0
geo_moderate,121,121,new_floating_offshore_wind,WECC_PNW,0.0,0.0,0.0,0.0,0.0,0.0,0.0
geo_moderate,122,122,new_floating_offshore_wind,WECC_PNW,0.0,0.0,0.0,0.0,0.0,0.0,0.0
geo_moderate,123,123,new_floating_offshore_wind,WECC_PNW,0.0,0.0,0.0,0.0,0.0,0.0,0.0
geo_moderate,124,124,new_utility_pv,WECC_PNW,0.0,0.0,0.0,0.0,0.0,0.0,0.0
geo_moderate,125,125,battery,WECC_PNW,0.0,0.0,0.0,0.0,0.0,0.0,0.0
geo_moderate,126,126,nuclear,WECC_PNW,0.0,0.0,0.0,0.0,0.0,0.0,0.0
geo_moderate,127,127,naturalgas_ccs100,WECC_PNW,0.0,0.0,0.0,0.0,0.0,0.0,0.0
geo_moderate,128,128,naturalgas_ccccsavgcf,WECC_WYCO,0.0,0.0,0.0,0.0,0.0,0.0,0.0
geo_moderate,129,129,new_onshore_wind,WECC_WYCO,0.0,0.0,0.0,0.0,0.0,0.0,0.0
geo_moderate,130,130,new_onshore_wind,WECC_WYCO,0.0,0.0,0.0,0.0,0.0,0.0,0.0
geo_moderate,131,131,new_onshore_wind,WECC_WYCO,0.0,0.0,0.0,0.0,0.0,0.0,0.0
geo_moderate,132,132,new_onshore_wind,WECC_WYCO,0.0,0.0,0.0,0.0,0.0,0.0,0.0
geo_moderate,133,133,new_onshore_wind,WECC_WYCO,0.0,0.0,0.0,0.0,0.0,0.0,0.0
geo_moderate,134,134,new_onshore_wind,WECC_WYCO,0.0,0.0,0.0,0.0,0.0,0.0,0.0
geo_moderate,135,135,new_onshore_wind,WECC_WYCO,0.0,0.0,0.0,0.0,0.0,0.0,0.0
geo_moderate,136,136,new_utility_pv,WECC_WYCO,0.0,0.0,0.0,0.0,0.0,0.0,0.0
geo_moderate,137,137,new_utility_pv,WECC_WYCO,4776.7,0.0,4776.7,0.0,39195.09938656753,0.9366982255514742,4.34630834934531
geo_moderate,138,138,new_utility_pv,WECC_WYCO,0.0,0.0,0.0,0.0,0.0,0.0,0.0
geo_moderate,139,139,new_utility_pv,WECC_WYCO,0.0,0.0,0.0,0.0,0.0,0.0,0.0
geo_moderate,140,140,new_utility_pv,WECC_WYCO,0.0,0.0,0.0,0.0,0.0,0.0,0.0
geo_moderate,141,141,battery,WECC_WYCO,0.0,0.0,0.0,0.0,0.0,0.0,0.0
geo_moderate,142,142,nuclear,WECC_WYCO,0.0,0.0,0.0,0.0,0.0,0.0,0.0
geo_moderate,143,143,naturalgas_ccs100,WECC_WYCO,0.0,0.0,0.0,0.0,0.0,0.0,0.0
geo_moderate,144,156,new_biogas_CCGT,CA_N,0.0,0.0,0.0,0.0,0.0,0.0,0.0
geo_moderate,145,157,new_biogas_CCGT,CA_S,0.0,0.0,0.0,0.0,0.0,0.0,0.0
geo_moderate,146,158,new_biogas_CCGT,WECC_N,0.0,0.0,0.0,0.0,0.0,0.0,0.0
geo_moderate,147,159,new_biogas_CCGT,WECC_NMAZ,0.0,0.0,0.0,0.0,0.0,0.0,0.0
geo_moderate,148,160,new_biogas_CCGT,WECC_PNW,0.0,0.0,0.0,0.0,0.0,0.0,0.0
geo_moderate,149,161,new_biogas_CCGT,WECC_WYCO,0.0,0.0,0.0,0.0,0.0,0.0,0.0
geo_moderate,150,162,biomass,WECC_PNW,0.0,28.4,0.0,28.4,0.0,0.0,0.0
geo_moderate,151,163,biomass,WECC_PNW,0.0,74.43,0.0,74.43,0.0,0.0,0.0
geo_moderate,152,164,conventional_hydroelectric,WECC_PNW,29850.0,29850.0,0.0,0.0,211828.30931056297,0.8100942662726225,23.489445461126245
geo_moderate,153,165,geothermal,WECC_PNW,14.49,14.49,0.0,0.0,43.12243544551901,0.339727567157944,0.004781807015526918
geo_moderate,154,166,geothermal,WECC_PNW,1.17,1.17,0.0,0.0,7.776046687500161,0.7586979166666825,0.0008622786310464982
geo_moderate,155,167,hydroelectric_pumped_storage,WECC_PNW,214.0,214.0,0.0,0.0,390.4275404705409,0.20826800904202455,0.043294149154345894
geo_moderate,156,168,hydroelectric_pumped_storage,WECC_PNW,100.0,100.0,0.0,0.0,168.37056607208237,0.19220384254803924,0.018670456474308067
geo_moderate,157,169,nuclear,WECC_PNW,1163.0,1163.0,0.0,0.0,13.157631933253622,0.001291498519147617,0.001459037645627483
geo_moderate,158,170,onshore_wind_turbine,WECC_PNW,5254.0,5254.0,0.0,0.0,39883.760364874994,0.8665665551811579,4.422673328812917
geo_moderate,159,171,solar_photovoltaic,WECC_PNW,209.9,209.9,0.0,0.0,163.60681756555184,0.08897845329997968,0.018142208804773883
geo_optimistic,1,1,biomass,CA_N,36.72,36.72,0.0,0.0,135.9138181450502,0.4225293040292892,0.01507135769115251
geo_optimistic,2,2,biomass,CA_N,0.0,33.06,0.0,33.06,0.0,0.0,0.0
geo_optimistic,3,3,conventional_hydroelectric,CA_N,0.0,6607.44,0.0,6607.44,0.0,0.0,0.0
geo_optimistic,4,4,geothermal,CA_N,542.55,542.55,0.0,0.0,4383.235165365579,0.9222547435532062,0.48605289677875585
geo_optimistic,5,5,geothermal,CA_N,100.32,100.32,0.0,0.0,776.8463396934746,0.8839821471900361,0.08614377269636968
geo_optimistic,6,6,hydroelectric_pumped_storage,CA_N,615.15,615.15,0.0,0.0,1229.1621744401396,0.22809935254313726,0.13630065760974877
geo_optimistic,7,7,hydroelectric_pumped_storage,CA_N,1175.8,1175.8,0.0,0.0,2214.6774068341924,0.21501705696094534,0.24558353097909646
geo_optimistic,8,8,onshore_wind_turbine,CA_N,1327.6,1327.6,0.0,0.0,1745.6650730638237,0.15010306931653916,0.1935751867188269
geo_optimistic,9,9,small_hydroelectric,CA_N,231.4,231.4,0.0,0.0,1320.180406800683,0.6512771213936427,0.14639358528291735
geo_optimistic,10,10,small_hydroelectric,CA_N,1.95,1.95,0.0,0.0,11.782982142857147,0.6897893772893775,0.0013066040007347864
geo_optimistic,11,11,solar_photovoltaic,CA_N,2787.1,2787.1,0.0,0.0,5004.173603646072,0.20496311380292961,0.5549081863676589
geo_optimistic,12,12,biomass,CA_S,0.0,67.2,0.0,67.2,0.0,0.0,0.0
geo_optimistic,13,13,biomass,CA_S,0.0,38.1,0.0,38.1,0.0,0.0,0.0
geo_optimistic,14,14,conventional_hydroelectric,CA_S,0.0,1396.0,0.0,1396.0,0.0,0.0,0.0
geo_optimistic,15,15,geothermal,CA_S,535.15,535.15,0.0,0.0,4183.820214768613,0.8924694895786512,0.46393995719373965
geo_optimistic,16,16,geothermal,CA_S,73.02,73.02,0.0,0.0,630.7077153634677,0.986012019230779,0.0699385956964863
geo_optimistic,17,17,hydroelectric_pumped_storage,CA_S,1623.0,1623.0,0.0,0.0,3408.5249660883014,0.2397418506013936,0.37796818354639944
geo_optimistic,18,18,hydroelectric_pumped_storage,CA_S,42.0,42.0,0.0,0.0,82.48621332629203,0.22419605709472717,0.009146819967212682
geo_optimistic,19,19,onshore_wind_turbine,CA_S,4735.6,4735.6,0.0,0.0,11403.012719496155,0.27487832181020383,1.2644695425219883
geo_optimistic,20,20,small_hydroelectric,CA_S,126.44,126.44,0.0,0.0,871.237810771469,0.7865894581828017,0.09661075569358259
geo_optimistic,21,21,small_hydroelectric,CA_S,7.0,7.0,0.0,0.0,40.54490192307619,0.6612019230769112,0.004495986705216647
geo_optimistic,22,22,solar_photovoltaic,CA_S,9520.0,9520.0,0.0,0.0,12759.851097642495,0.1530046225399363,1.4149280963704476
geo_optimistic,23,23,biomass,WECC_N,6.24,6.24,0.0,0.0,20.471156400000012,0.37450160256410275,0.0022700276150483703
geo_optimistic,24,24,biomass,WECC_N,0.0,13.8,0.0,13.8,0.0,0.0,0.0
geo_optimistic,25,25,conventional_hydroelectric,WECC_N,0.0,4648.1,0.0,4648.1,0.0,0.0,0.0
geo_optimistic,26,26,geothermal,WECC_N,165.24,165.24,0.0,0.0,955.2964555366983,0.6599619147689829,0.1059319411299174
geo_optimistic,27,27,geothermal,WECC_N,215.16,215.16,0.0,0.0,1609.8795762236873,0.8541374202057592,0.17851805845858984
geo_optimistic,28,28,onshore_wind_turbine,WECC_N,3893.9,3893.9,0.0,0.0,6484.8073162094,0.1901114070177614,0.719094290445802
geo_optimistic,29,29,solar_photovoltaic,WECC_N,1185.7,1185.7,0.0,0.0,1748.8020811342835,0.1683688460561304,0.19392304664473578
geo_optimistic,30,30,biomass,WECC_NMAZ,0.0,3.54,0.0,3.54,0.0,0.0,0.0
geo_optimistic,31,31,biomass,WECC_NMAZ,0.0,11.4,0.0,11.4,0.0,0.0,0.0
geo_optimistic,32,32,conventional_hydroelectric,WECC_NMAZ,0.0,3960.0,0.0,3960.0,0.0,0.0,0.0
geo_optimistic,33,33,geothermal,WECC_NMAZ,0.68,0.68,0.0,0.0,4.400970573626392,0.7388145604395634,0.00048801955981085513
geo_optimistic,34,34,geothermal,WECC_NMAZ,2.66,2.66,0.0,0.0,16.62793213846146,0.7135961538461504,0.0018438560283510798
geo_optimistic,35,35,hydroelectric_pumped_storage,WECC_NMAZ,119.0,119.0,0.0,0.0,203.68219137170996,0.19538984629495218,0.022586129971013665
geo_optimistic,36,36,hydroelectric_pumped_storage,WECC_NMAZ,97.3,97.3,0.0,0.0,316.54300596423155,0.37137766025641117,0.03510116140235371
geo_optimistic,37,37,nuclear,WECC_NMAZ,4002.99,4002.99,0.0,0.0,44.807852883453,0.0012778077634528979,0.004968701397663251
geo_optimistic,38,38,onshore_wind_turbine,WECC_NMAZ,0.0,1235.1,0.0,1235.1,0.0,0.0,0.0
geo_optimistic,39,39,solar_photovoltaic,WECC_NMAZ,6266.4,6266.4,0.0,0.0,6205.193305128435,0.11304024641402029,0.688088151158613
geo_optimistic,40,40,biomass,WECC_WYCO,0.0,4.8,0.0,4.8,0.0,0.0,0.0
geo_optimistic,41,41,biomass,WECC_WYCO,0.0,8.04,0.0,8.04,0.0,0.0,0.0
geo_optimistic,42,42,conventional_hydroelectric,WECC_WYCO,0.0,961.87,0.0,961.87,0.0,0.0,0.0
geo_optimistic,43,43,hydroelectric_pumped_storage,WECC_WYCO,324.0,324.0,0.0,0.0,861.1452782702161,0.30340819601944025,0.09549160409139869
geo_optimistic,44,44,hydroelectric_pumped_storage,WECC_WYCO,238.5,238.5,0.0,0.0,619.173090375214,0.2963599984564937,0.06865953179110952
geo_optimistic,45,45,onshore_wind_turbine,WECC_WYCO,5751.7,5751.7,0.0,0.0,39873.04367826992,0.791369041304483,4.421484965338964
geo_optimistic,46,46,solar_photovoltaic,WECC_WYCO,593.1,593.1,0.0,0.0,3821.1105771259377,0.7354574904256518,0.4237194206688435
geo_optimistic,47,47,naturalgas_ccccsavgcf,CA_N,0.0,0.0,0.0,0.0,0.0,0.0,0.0
geo_optimistic,48,48,new_onshore_wind,CA_N,0.0,0.0,0.0,0.0,0.0,0.0,0.0
geo_optimistic,49,49,new_floating_offshore_wind,CA_N,0.0,0.0,0.0,0.0,0.0,0.0,0.0
geo_optimistic,50,50,new_floating_offshore_wind,CA_N,0.0,0.0,0.0,0.0,0.0,0.0,0.0
geo_optimistic,51,51,new_floating_offshore_wind,CA_N,0.0,0.0,0.0,0.0,0.0,0.0,0.0
geo_optimistic,52,52,new_floating_offshore_wind,CA_N,0.0,0.0,0.0,0.0,0.0,0.0,0.0
geo_optimistic,53,53,new_floating_offshore_wind,CA_N,0.0,0.0,0.0,0.0,0.0,0.0,0.0
geo_optimistic,54,54,new_utility_pv,CA_N,0.0,0.0,0.0,0.0,0.0,0.0,0.0
geo_optimistic,55,55,new_utility_pv,CA_N,0.0,0.0,0.0,0.0,0.0,0.0,0.0
geo_optimistic,56,56,new_utility_pv,CA_N,0.0,0.0,0.0,0.0,0.0,0.0,0.0
geo_optimistic,57,57,new_utility_pv,CA_N,14398.82401,0.0,14398.82401,0.0,92653.65311584984,0.7345670058385642,10.27427796937214
geo_optimistic,58,58,battery,CA_N,2558.7255441918896,0.0,2558.7255441918896,0.0,4409.904446893852,0.19674394183781352,0.48901022876136335
geo_optimistic,59,59,nuclear,CA_N,0.0,0.0,0.0,0.0,0.0,0.0,0.0
geo_optimistic,60,60,naturalgas_ccs100,CA_N,0.0,0.0,0.0,0.0,0.0,0.0,0.0
geo_optimistic,61,61,naturalgas_ccccsavgcf,CA_S,0.0,0.0,0.0,0.0,0.0,0.0,0.0
geo_optimistic,62,62,new_onshore_wind,CA_S,0.0,0.0,0.0,0.0,0.0,0.0,0.0
geo_optimistic,63,63,new_onshore_wind,CA_S,0.0,0.0,0.0,0.0,0.0,0.0,0.0
geo_optimistic,64,64,new_onshore_wind,CA_S,0.0,0.0,0.0,0.0,0.0,0.0,0.0
geo_optimistic,65,65,new_utility_pv,CA_S,0.0,0.0,0.0,0.0,0.0,0.0,0.0
geo_optimistic,66,66,new_utility_pv,CA_S,0.0,0.0,0.0,0.0,0.0,0.0,0.0
geo_optimistic,67,67,new_utility_pv,CA_S,0.0,0.0,0.0,0.0,0.0,0.0,0.0
geo_optimistic,68,68,new_utility_pv,CA_S,0.0,0.0,0.0,0.0,0.0,0.0,0.0
geo_optimistic,69,69,new_utility_pv,CA_S,20451.59,0.0,20451.59,0.0,83047.86232667507,0.4635507352079066,9.209100705824683
geo_optimistic,70,70,new_utility_pv,CA_S,851.6976713572,0.0,851.6976713572,0.0,4648.00962690481,0.6229848033072081,0.5154134921310348
geo_optimistic,71,71,new_utility_pv,CA_S,0.0,0.0,0.0,0.0,0.0,0.0,0.0
geo_optimistic,72,72,new_utility_pv,CA_S,0.0,0.0,0.0,0.0,0.0,0.0,0.0
geo_optimistic,73,73,new_utility_pv,CA_S,0.0,0.0,0.0,0.0,0.0,0.0,0.0
geo_optimistic,74,74,new_utility_pv,CA_S,0.0,0.0,0.0,0.0,0.0,0.0,0.0
geo_optimistic,75,75,battery,CA_S,0.0,0.0,0.0,0.0,0.0,0.0,0.0
geo_optimistic,76,76,nuclear,CA_S,0.0,0.0,0.0,0.0,0.0,0.0,0.0
geo_optimistic,77,77,naturalgas_ccs100,CA_S,0.0,0.0,0.0,0.0,0.0,0.0,0.0
geo_optimistic,78,78,naturalgas_ccccsavgcf,WECC_N,0.0,0.0,0.0,0.0,0.0,0.0,0.0
geo_optimistic,79,79,new_onshore_wind,WECC_N,0.0,0.0,0.0,0.0,0.0,0.0,0.0
geo_optimistic,80,80,new_onshore_wind,WECC_N,0.0,0.0,0.0,0.0,0.0,0.0,0.0
geo_optimistic,81,81,new_onshore_wind,WECC_N,0.0,0.0,0.0,0.0,0.0,0.0,0.0
geo_optimistic,82,82,new_onshore_wind,WECC_N,0.0,0.0,0.0,0.0,0.0,0.0,0.0
geo_optimistic,83,83,new_onshore_wind,WECC_N,0.0,0.0,0.0,0.0,0.0,0.0,0.0
geo_optimistic,84,84,new_onshore_wind,WECC_N,0.0,0.0,0.0,0.0,0.0,0.0,0.0
geo_optimistic,85,85,new_utility_pv,WECC_N,0.0,0.0,0.0,0.0,0.0,0.0,0.0
geo_optimistic,86,86,new_utility_pv,WECC_N,17842.1503580561,0.0,17842.1503580561,0.0,119026.17142397226,0.761537270936965,13.19870215274688
geo_optimistic,87,87,new_utility_pv,WECC_N,0.0,0.0,0.0,0.0,0.0,0.0,0.0
geo_optimistic,88,88,new_utility_pv,WECC_N,0.0,0.0,0.0,0.0,0.0,0.0,0.0
geo_optimistic,89,89,new_utility_pv,WECC_N,0.0,0.0,0.0,0.0,0.0,0.0,0.0
geo_optimistic,90,90,new_utility_pv,WECC_N,0.0,0.0,0.0,0.0,0.0,0.0,0.0
geo_optimistic,91,91,new_utility_pv,WECC_N,0.0,0.0,0.0,0.0,0.0,0.0,0.0
geo_optimistic,92,92,new_utility_pv,WECC_N,0.0,0.0,0.0,0.0,0.0,0.0,0.0
geo_optimistic,93,93,battery,WECC_N,0.0,0.0,0.0,0.0,0.0,0.0,0.0
geo_optimistic,94,94,nuclear,WECC_N,0.0,0.0,0.0,0.0,0.0,0.0,0.0
geo_optimistic,95,95,naturalgas_ccs100,WECC_N,0.0,0.0,0.0,0.0,0.0,0.0,0.0
geo_optimistic,96,96,naturalgas_ccccsavgcf,WECC_NMAZ,0.0,0.0,0.0,0.0,0.0,0.0,0.0
geo_optimistic,97,97,new_onshore_wind,WECC_NMAZ,0.0,0.0,0.0,0.0,0.0,0.0,0.0
geo_optimistic,98,98,new_onshore_wind,WECC_NMAZ,0.0,0.0,0.0,0.0,0.0,0.0,0.0
geo_optimistic,99,99,new_onshore_wind,WECC_NMAZ,0.0,0.0,0.0,0.0,0.0,0.0,0.0
geo_optimistic,100,100,new_onshore_wind,WECC_NMAZ,0.0,0.0,0.0,0.0,0.0,0.0,0.0
geo_optimistic,101,101,new_onshore_wind,WECC_NMAZ,0.0,0.0,0.0,0.0,0.0,0.0,0.0
geo_optimistic,102,102,new_onshore_wind,WECC_NMAZ,0.0,0.0,0.0,0.0,0.0,0.0,0.0
geo_optimistic,103,103,new_onshore_wind,WECC_NMAZ,0.0,0.0,0.0,0.0,0.0,0.0,0.0
geo_optimistic,104,104,new_utility_pv,WECC_NMAZ,40622.765357503195,0.0,40622.765357503195,0.0,230618.05287452208,0.6480667062417093,25.573022760641408
geo_optimistic,105,105,new_utility_pv,WECC_NMAZ,0.0,0.0,0.0,0.0,0.0,0.0,0.0
geo_optimistic,106,106,new_utility_pv,WECC_NMAZ,0.0,0.0,0.0,0.0,0.0,0.0,0.0
geo_optimistic,107,107,new_utility_pv,WECC_NMAZ,0.0,0.0,0.0,0.0,0.0,0.0,0.0
geo_optimistic,108,108,new_utility_pv,WECC_NMAZ,0.0,0.0,0.0,0.0,0.0,0.0,0.0
geo_optimistic,109,109,new_utility_pv,WECC_NMAZ,0.0,0.0,0.0,0.0,0.0,0.0,0.0
geo_optimistic,110,110,new_utility_pv,WECC_NMAZ,0.0,0.0,0.0,0.0,0.0,0.0,0.0
geo_optimistic,111,111,new_utility_pv,WECC_NMAZ,0.0,0.0,0.0,0.0,0.0,0.0,0.0
geo_optimistic,112,112,new_utility_pv,WECC_NMAZ,0.0,0.0,0.0,0.0,0.0,0.0,0.0
geo_optimistic,113,113,new_utility_pv,WECC_NMAZ,0.0,0.0,0.0,0.0,0.0,0.0,0.0
geo_optimistic,114,114,new_utility_pv,WECC_NMAZ,0.0,0.0,0.0,0.0,0.0,0.0,0.0
geo_optimistic,115,115,new_utility_pv,WECC_NMAZ,0.0,0.0,0.0,0.0,0.0,0.0,0.0
geo_optimistic,116,116,battery,WECC_NMAZ,0.0,0.0,0.0,0.0,0.0,0.0,0.0
geo_optimistic,117,117,nuclear,WECC_NMAZ,0.0,0.0,0.0,0.0,0.0,0.0,0.0
geo_optimistic,118,118,naturalgas_ccs100,WECC_NMAZ,0.0,0.0,0.0,0.0,0.0,0.0,0.0
geo_optimistic,119,119,naturalgas_ccccsavgcf,WECC_PNW,0.0,0.0,0.0,0.0,0.0,0.0,0.0
geo_optimistic,120,120,new_onshore_wind,WECC_PNW,0.0,0.0,0.0,0.0,0.0,0.0,0.0
geo_optimistic,121,121,new_floating_offshore_wind,WECC_PNW,0.0,0.0,0.0,0.0,0.0,0.0,0.0
geo_optimistic,122,122,new_floating_offshore_wind,WECC_PNW,0.0,0.0,0.0,0.0,0.0,0.0,0.0
geo_optimistic,123,123,new_floating_offshore_wind,WECC_PNW,0.0,0.0,0.0,0.0,0.0,0.0,0.0
geo_optimistic,124,124,new_utility_pv,WECC_PNW,0.0,0.0,0.0,0.0,0.0,0.0,0.0
geo_optimistic,125,125,battery,WECC_PNW,0.0,0.0,0.0,0.0,0.0,0.0,0.0
geo_optimistic,126,126,nuclear,WECC_PNW,0.0,0.0,0.0,0.0,0.0,0.0,0.0
geo_optimistic,127,127,naturalgas_ccs100,WECC_PNW,0.0,0.0,0.0,0.0,0.0,0.0,0.0
geo_optimistic,128,128,naturalgas_ccccsavgcf,WECC_WYCO,0.0,0.0,0.0,0.0,0.0,0.0,0.0
geo_optimistic,129,129,new_onshore_wind,WECC_WYCO,0.0,0.0,0.0,0.0,0.0,0.0,0.0
geo_optimistic,130,130,new_onshore_wind,WECC_WYCO,0.0,0.0,0.0,0.0,0.0,0.0,0.0
geo_optimistic,131,131,new_onshore_wind,WECC_WYCO,0.0,0.0,0.0,0.0,0.0,0.0,0.0
geo_optimistic,132,132,new_onshore_wind,WECC_WYCO,0.0,0.0,0.0,0.0,0.0,0.0,0.0
geo_optimistic,133,133,new_onshore_wind,WECC_WYCO,0.0,0.0,0.0,0.0,0.0,0.0,0.0
geo_optimistic,134,134,new_onshore_wind,WECC_WYCO,0.0,0.0,0.0,0.0,0.0,0.0,0.0
geo_optimistic,135,135,new_onshore_wind,WECC_WYCO,0.0,0.0,0.0,0.0,0.0,0.0,0.0
geo_optimistic,136,136,new_utility_pv,WECC_WYCO,0.0,0.0,0.0,0.0,0.0,0.0,0.0
geo_optimistic,137,137,new_utility_pv,WECC_WYCO,4776.7,0.0,4776.7,0.0,35557.47527334061,0.8497650092716187,3.9429355730916473
geo_optimistic,138,138,new_utility_pv,WECC_WYCO,0.0,0.0,0.0,0.0,0.0,0.0,0.0
geo_optimistic,139,139,new_utility_pv,WECC_WYCO,0.0,0.0,0.0,0.0,0.0,0.0,0.0
geo_optimistic,140,140,new_utility_pv,WECC_WYCO,0.0,0.0,0.0,0.0,0.0,0.0,0.0
geo_optimistic,141,141,battery,WECC_WYCO,0.0,0.0,0.0,0.0,0.0,0.0,0.0
geo_optimistic,142,142,nuclear,WECC_WYCO,0.0,0.0,0.0,0.0,0.0,0.0,0.0
geo_optimistic,143,143,naturalgas_ccs100,WECC_WYCO,0.0,0.0,0.0,0.0,0.0,0.0,0.0
geo_optimistic,144,156,new_biogas_CCGT,CA_N,0.0,0.0,0.0,0.0,0.0,0.0,0.0
geo_optimistic,145,157,new_biogas_CCGT,CA_S,0.0,0.0,0.0,0.0,0.0,0.0,0.0
geo_optimistic,146,158,new_biogas_CCGT,WECC_N,0.0,0.0,0.0,0.0,0.0,0.0,0.0
geo_optimistic,147,159,new_biogas_CCGT,WECC_NMAZ,0.0,0.0,0.0,0.0,0.0,0.0,0.0
geo_optimistic,148,160,new_biogas_CCGT,WECC_PNW,0.0,0.0,0.0,0.0,0.0,0.0,0.0
geo_optimistic,149,161,new_biogas_CCGT,WECC_WYCO,0.0,0.0,0.0,0.0,0.0,0.0,0.0
geo_optimistic,150,162,biomass,WECC_PNW,0.0,28.4,0.0,28.4,0.0,0.0,0.0
geo_optimistic,151,163,biomass,WECC_PNW,0.0,74.43,0.0,74.43,0.0,0.0,0.0
geo_optimistic,152,164,conventional_hydroelectric,WECC_PNW,29850.0,29850.0,0.0,0.0,214321.44988551195,0.8196287750989038,23.765907515479544
geo_optimistic,153,165,geothermal,WECC_PNW,14.49,14.49,0.0,0.0,42.383549978897754,0.3339064728855497,0.004699872688964489
geo_optimistic,154,166,geothermal,WECC_PNW,1.17,1.17,0.0,0.0,7.940437473214466,0.7747372939560616,0.0008805077733547936
geo_optimistic,155,167,hydroelectric_pumped_storage,WECC_PNW,214.0,214.0,0.0,0.0,623.0725915365376,0.3323691970386515,0.06909194387121642
geo_optimistic,156,168,hydroelectric_pumped_storage,WECC_PNW,100.0,100.0,0.0,0.0,184.35567186168728,0.2104516802074056,0.020443030082893887
geo_optimistic,157,169,nuclear,WECC_PNW,1163.0,1163.0,0.0,0.0,14.43170341305483,0.0014165560855697978,0.0016003182546063819
geo_optimistic,158,170,onshore_wind_turbine,WECC_PNW,5254.0,5254.0,0.0,0.0,20937.374931727572,0.45491269386680755,2.321726157181968
geo_optimistic,159,171,solar_photovoltaic,WECC_PNW,209.9,209.9,0.0,0.0,924.52354552344,0.5028071344712094,0.10251956157692375
nuc_pessimistic,1,1,biomass,CA_N,36.72,36.72,0.0,0.0,135.9138181450502,0.4225293040292892,0.01507135769115251
nuc_pessimistic,2,2,biomass,CA_N,0.0,33.06,0.0,33.06,0.0,0.0,0.0
nuc_pessimistic,3,3,conventional_hydroelectric,CA_N,0.0,6607.44,0.0,6607.44,0.0,0.0,0.0
nuc_pessimistic,4,4,geothermal,CA_N,0.0,542.55,0.0,542.55,0.0,0.0,0.0
nuc_pessimistic,5,5,geothermal,CA_N,0.0,100.32,0.0,100.32,0.0,0.0,0.0
nuc_pessimistic,6,6,hydroelectric_pumped_storage,CA_N,615.15,615.15,0.0,0.0,1028.449640360328,0.19085251886819898,0.11404383019146432
nuc_pessimistic,7,7,hydroelectric_pumped_storage,CA_N,1175.8,1175.8,0.0,0.0,1943.4303948764507,0.1886824160599148,0.21550520049243038
nuc_pessimistic,8,8,onshore_wind_turbine,CA_N,1327.6,1327.6,0.0,0.0,885.7263936528142,0.0761602281637079,0.09821738125986329
nuc_pessimistic,9,9,small_hydroelectric,CA_N,231.4,231.4,0.0,0.0,1385.798534766613,0.6836481407427752,0.15366991885293685
nuc_pessimistic,10,10,small_hydroelectric,CA_N,1.95,1.95,0.0,0.0,9.031794642857273,0.5287316849816925,0.0010015273613332332
nuc_pessimistic,11,11,solar_photovoltaic,CA_N,2787.1,2787.1,0.0,0.0,3074.0061528127794,0.12590647783897976,0.34087370148340057
nuc_pessimistic,12,12,biomass,CA_S,0.0,67.2,0.0,67.2,0.0,0.0,0.0
nuc_pessimistic,13,13,biomass,CA_S,0.0,38.1,0.0,38.1,0.0,0.0,0.0
nuc_pessimistic,14,14,conventional_hydroelectric,CA_S,0.0,1396.0,0.0,1396.0,0.0,0.0,0.0
nuc_pessimistic,15,15,geothermal,CA_S,0.0,535.15,0.0,535.15,0.0,0.0,0.0
nuc_pessimistic,16,16,geothermal,CA_S,0.0,73.02,0.0,73.02,0.0,0.0,0.0
nuc_pessimistic,17,17,hydroelectric_pumped_storage,CA_S,1623.0,1623.0,0.0,0.0,3081.700945247575,0.21675437174855003,0.34172696990545476
nuc_pessimistic,18,18,hydroelectric_pumped_storage,CA_S,42.0,42.0,0.0,0.0,85.9123455692302,0.2335082234432219,0.009526740605417432
nuc_pessimistic,19,19,onshore_wind_turbine,CA_S,4735.6,4735.6,0.0,0.0,10386.11757504151,0.25036528848816536,1.151706979703571
nuc_pessimistic,20,20,small_hydroelectric,CA_S,126.44,126.44,0.0,0.0,892.4488738505731,0.8057396814726977,0.09896283087650187
nuc_pessimistic,21,21,small_hydroelectric,CA_S,7.0,7.0,0.0,0.0,26.383077403845938,0.4302524038461503,0.0029255950717414726
nuc_pessimistic,22,22,solar_photovoltaic,CA_S,9520.0,9520.0,0.0,0.0,9015.030980369997,0.10810011823666106,0.9996684542919354
nuc_pessimistic,23,23,biomass,WECC_N,6.24,6.24,0.0,0.0,20.471156400000012,0.37450160256410275,0.0022700276150483703
nuc_pessimistic,24,24,biomass,WECC_N,0.0,13.8,0.0,13.8,0.0,0.0,0.0
nuc_pessimistic,25,25,conventional_hydroelectric,WECC_N,0.0,4648.1,0.0,4648.1,0.0,0.0,0.0
nuc_pessimistic,26,26,geothermal,WECC_N,0.0,165.24,0.0,165.24,0.0,0.0,0.0
nuc_pessimistic,27,27,geothermal,WECC_N,0.0,215.16,0.0,215.16,0.0,0.0,0.0
nuc_pessimistic,28,28,onshore_wind_turbine,WECC_N,3893.9,3893.9,0.0,0.0,5136.431379158848,0.15058183673418146,0.5695741288700018
nuc_pessimistic,29,29,solar_photovoltaic,WECC_N,1185.7,1185.7,0.0,0.0,912.0162023380092,0.08780588565662512,0.1011326338495866
nuc_pessimistic,30,30,biomass,WECC_NMAZ,0.0,3.54,0.0,3.54,0.0,0.0,0.0
nuc_pessimistic,31,31,biomass,WECC_NMAZ,0.0,11.4,0.0,11.4,0.0,0.0,0.0
nuc_pessimistic,32,32,conventional_hydroelectric,WECC_NMAZ,0.0,3960.0,0.0,3960.0,0.0,0.0,0.0
nuc_pessimistic,33,33,geothermal,WECC_NMAZ,0.0,0.68,0.0,0.68,0.0,0.0,0.0
nuc_pessimistic,34,34,geothermal,WECC_NMAZ,0.0,2.66,0.0,2.66,0.0,0.0,0.0
nuc_pessimistic,35,35,hydroelectric_pumped_storage,WECC_NMAZ,119.0,119.0,0.0,0.0,227.94429327529883,0.21866418525315495,0.025276532029603005
nuc_pessimistic,36,36,hydroelectric_pumped_storage,WECC_NMAZ,97.3,97.3,0.0,0.0,202.44435027153796,0.2375137271062265,0.022448866915350026
nuc_pessimistic,37,37,nuclear,WECC_NMAZ,4002.99,4002.99,0.0,0.0,46.081924363254195,0.0013141410917272614,0.005109982006642148
nuc_pessimistic,38,38,onshore_wind_turbine,WECC_NMAZ,0.0,1235.1,0.0,1235.1,0.0,0.0,0.0
nuc_pessimistic,39,39,solar_photovoltaic,WECC_NMAZ,6266.4,6266.4,0.0,0.0,7418.068656242476,0.13513524359099943,0.8225827779809824
nuc_pessimistic,40,40,biomass,WECC_WYCO,0.0,4.8,0.0,4.8,0.0,0.0,0.0
nuc_pessimistic,41,41,biomass,WECC_WYCO,0.0,8.04,0.0,8.04,0.0,0.0,0.0
nuc_pessimistic,42,42,conventional_hydroelectric,WECC_WYCO,0.0,961.87,0.0,961.87,0.0,0.0,0.0
nuc_pessimistic,43,43,hydroelectric_pumped_storage,WECC_WYCO,324.0,324.0,0.0,0.0,605.0586296985321,0.2131809253969122,0.06709439229036386
nuc_pessimistic,44,44,hydroelectric_pumped_storage,WECC_WYCO,238.5,238.5,0.0,0.0,477.7531538538459,0.22867099061574236,0.05297760572161338
nuc_pessimistic,45,45,onshore_wind_turbine,WECC_WYCO,5751.7,5751.7,0.0,0.0,41874.82418582141,0.8310988179913417,4.643460555902446
nuc_pessimistic,46,46,solar_photovoltaic,WECC_WYCO,593.1,593.1,0.0,0.0,849.676195981775,0.16353903143027906,0.09421980815543372
nuc_pessimistic,47,47,naturalgas_ccccsavgcf,CA_N,0.0,0.0,0.0,0.0,0.0,0.0,0.0
nuc_pessimistic,48,48,new_onshore_wind,CA_N,0.0,0.0,0.0,0.0,0.0,0.0,0.0
nuc_pessimistic,49,49,new_floating_offshore_wind,CA_N,0.0,0.0,0.0,0.0,0.0,0.0,0.0
nuc_pessimistic,50,50,new_floating_offshore_wind,CA_N,0.0,0.0,0.0,0.0,0.0,0.0,0.0
nuc_pessimistic,51,51,new_floating_offshore_wind,CA_N,0.0,0.0,0.0,0.0,0.0,0.0,0.0
nuc_pessimistic,52,52,new_floating_offshore_wind,CA_N,0.0,0.0,0.0,0.0,0.0,0.0,0.0
nuc_pessimistic,53,53,new_floating_offshore_wind,CA_N,0.0,0.0,0.0,0.0,0.0,0.0,0.0
nuc_pessimistic,54,54,new_utility_pv,CA_N,0.0,0.0,0.0,0.0,0.0,0.0,0.0
nuc_pessimistic,55,55,new_utility_pv,CA_N,0.0,0.0,0.0,0.0,0.0,0.0,0.0
nuc_pessimistic,56,56,new_utility_pv,CA_N,0.0,0.0,0.0,0.0,0.0,0.0,0.0
nuc_pessimistic,57,57,new_utility_pv,CA_N,15041.69401,0.0,15041.69401,0.0,108687.00629108565,0.8248534035284754,12.05220168596339
nuc_pessimistic,58,58,battery,CA_N,2558.7255441919006,0.0,2558.7255441919006,0.0,12806.50652688696,0.5713508321129536,1.4201016738033705
nuc_pessimistic,59,59,nuclear,CA_N,0.0,0.0,0.0,0.0,0.0,0.0,0.0
nuc_pessimistic,60,60,naturalgas_ccs100,CA_N,0.0,0.0,0.0,0.0,0.0,0.0,0.0
nuc_pessimistic,61,61,naturalgas_ccccsavgcf,CA_S,0.0,0.0,0.0,0.0,0.0,0.0,0.0
nuc_pessimistic,62,62,new_onshore_wind,CA_S,0.0,0.0,0.0,0.0,0.0,0.0,0.0
nuc_pessimistic,63,63,new_onshore_wind,CA_S,0.0,0.0,0.0,0.0,0.0,0.0,0.0
nuc_pessimistic,64,64,new_onshore_wind,CA_S,0.0,0.0,0.0,0.0,0.0,0.0,0.0
nuc_pessimistic,65,65,new_utility_pv,CA_S,0.0,0.0,0.0,0.0,0.0,0.0,0.0
nuc_pessimistic,66,66,new_utility_pv,CA_S,0.0,0.0,0.0,0.0,0.0,0.0,0.0
nuc_pessimistic,67,67,new_utility_pv,CA_S,0.0,0.0,0.0,0.0,0.0,0.0,0.0
nuc_pessimistic,68,68,new_utility_pv,CA_S,0.0,0.0,0.0,0.0,0.0,0.0,0.0
nuc_pessimistic,69,69,new_utility_pv,CA_S,20451.59,0.0,20451.59,0.0,131339.36015547116,0.7331008319313377,14.564100272112768
nuc_pessimistic,70,70,new_utility_pv,CA_S,1459.8676713572,0.0,1459.8676713572,0.0,2461.7868871928295,0.1925009409265266,0.2729852728931174
nuc_pessimistic,71,71,new_utility_pv,CA_S,0.0,0.0,0.0,0.0,0.0,0.0,0.0
nuc_pessimistic,72,72,new_utility_pv,CA_S,0.0,0.0,0.0,0.0,0.0,0.0,0.0
nuc_pessimistic,73,73,new_utility_pv,CA_S,0.0,0.0,0.0,0.0,0.0,0.0,0.0
nuc_pessimistic,74,74,new_utility_pv,CA_S,0.0,0.0,0.0,0.0,0.0,0.0,0.0
nuc_pessimistic,75,75,battery,CA_S,0.0,0.0,0.0,0.0,0.0,0.0,0.0
nuc_pessimistic,76,76,nuclear,CA_S,0.0,0.0,0.0,0.0,0.0,0.0,0.0
nuc_pessimistic,77,77,naturalgas_ccs100,CA_S,0.0,0.0,0.0,0.0,0.0,0.0,0.0
nuc_pessimistic,78,78,naturalgas_ccccsavgcf,WECC_N,0.0,0.0,0.0,0.0,0.0,0.0,0.0
nuc_pessimistic,79,79,new_onshore_wind,WECC_N,0.0,0.0,0.0,0.0,0.0,0.0,0.0
nuc_pessimistic,80,80,new_onshore_wind,WECC_N,0.0,0.0,0.0,0.0,0.0,0.0,0.0
nuc_pessimistic,81,81,new_onshore_wind,WECC_N,0.0,0.0,0.0,0.0,0.0,0.0,0.0
nuc_pessimistic,82,82,new_onshore_wind,WECC_N,0.0,0.0,0.0,0.0,0.0,0.0,0.0
nuc_pessimistic,83,83,new_onshore_wind,WECC_N,0.0,0.0,0.0,0.0,0.0,0.0,0.0
nuc_pessimistic,84,84,new_onshore_wind,WECC_N,0.0,0.0,0.0,0.0,0.0,0.0,0.0
nuc_pessimistic,85,85,new_utility_pv,WECC_N,0.0,0.0,0.0,0.0,0.0,0.0,0.0
nuc_pessimistic,86,86,new_utility_pv,WECC_N,18238.210358056098,0.0,18238.210358056098,0.0,125742.84150676416,0.7870402506415122,13.943507491106116
nuc_pessimistic,87,87,new_utility_pv,WECC_N,0.0,0.0,0.0,0.0,0.0,0.0,0.0
nuc_pessimistic,88,88,new_utility_pv,WECC_N,0.0,0.0,0.0,0.0,0.0,0.0,0.0
nuc_pessimistic,89,89,new_utility_pv,WECC_N,0.0,0.0,0.0,0.0,0.0,0.0,0.0
nuc_pessimistic,90,90,new_utility_pv,WECC_N,0.0,0.0,0.0,0.0,0.0,0.0,0.0
nuc_pessimistic,91,91,new_utility_pv,WECC_N,0.0,0.0,0.0,0.0,0.0,0.0,0.0
nuc_pessimistic,92,92,new_utility_pv,WECC_N,0.0,0.0,0.0,0.0,0.0,0.0,0.0
nuc_pessimistic,93,93,battery,WECC_N,0.0,0.0,0.0,0.0,0.0,0.0,0.0
nuc_pessimistic,94,94,nuclear,WECC_N,0.0,0.0,0.0,0.0,0.0,0.0,0.0
nuc_pessimistic,95,95,naturalgas_ccs100,WECC_N,0.0,0.0,0.0,0.0,0.0,0.0,0.0
nuc_pessimistic,96,96,naturalgas_ccccsavgcf,WECC_NMAZ,0.0,0.0,0.0,0.0,0.0,0.0,0.0
nuc_pessimistic,97,97,new_onshore_wind,WECC_NMAZ,0.0,0.0,0.0,0.0,0.0,0.0,0.0
nuc_pessimistic,98,98,new_onshore_wind,WECC_NMAZ,0.0,0.0,0.0,0.0,0.0,0.0,0.0
nuc_pessimistic,99,99,new_onshore_wind,WECC_NMAZ,0.0,0.0,0.0,0.0,0.0,0.0,0.0
nuc_pessimistic,100,100,new_onshore_wind,WECC_NMAZ,0.0,0.0,0.0,0.0,0.0,0.0,0.0
nuc_pessimistic,101,101,new_onshore_wind,WECC_NMAZ,0.0,0.0,0.0,0.0,0.0,0.0,0.0
nuc_pessimistic,102,102,new_onshore_wind,WECC_NMAZ,0.0,0.0,0.0,0.0,0.0,0.0,0.0
nuc_pessimistic,103,103,new_onshore_wind,WECC_NMAZ,0.0,0.0,0.0,0.0,0.0,0.0,0.0
nuc_pessimistic,104,104,new_utility_pv,WECC_NMAZ,40626.1053575032,0.0,40626.1053575032,0.0,208945.63044949362,0.5871161094324961,23.169787866211696
nuc_pessimistic,105,105,new_utility_pv,WECC_NMAZ,0.0,0.0,0.0,0.0,0.0,0.0,0.0
nuc_pessimistic,106,106,new_utility_pv,WECC_NMAZ,0.0,0.0,0.0,0.0,0.0,0.0,0.0
nuc_pessimistic,107,107,new_utility_pv,WECC_NMAZ,0.0,0.0,0.0,0.0,0.0,0.0,0.0
nuc_pessimistic,108,108,new_utility_pv,WECC_NMAZ,0.0,0.0,0.0,0.0,0.0,0.0,0.0
nuc_pessimistic,109,109,new_utility_pv,WECC_NMAZ,0.0,0.0,0.0,0.0,0.0,0.0,0.0
nuc_pessimistic,110,110,new_utility_pv,WECC_NMAZ,0.0,0.0,0.0,0.0,0.0,0.0,0.0
nuc_pessimistic,111,111,new_utility_pv,WECC_NMAZ,0.0,0.0,0.0,0.0,0.0,0.0,0.0
nuc_pessimistic,112,112,new_utility_pv,WECC_NMAZ,0.0,0.0,0.0,0.0,0.0,0.0,0.0
nuc_pessimistic,113,113,new_utility_pv,WECC_NMAZ,0.0,0.0,0.0,0.0,0.0,0.0,0.0
nuc_pessimistic,114,114,new_utility_pv,WECC_NMAZ,0.0,0.0,0.0,0.0,0.0,0.0,0.0
nuc_pessimistic,115,115,new_utility_pv,WECC_NMAZ,0.0,0.0,0.0,0.0,0.0,0.0,0.0
nuc_pessimistic,116,116,battery,WECC_NMAZ,0.0,0.0,0.0,0.0,0.0,0.0,0.0
nuc_pessimistic,117,117,nuclear,WECC_NMAZ,0.0,0.0,0.0,0.0,0.0,0.0,0.0
nuc_pessimistic,118,118,naturalgas_ccs100,WECC_NMAZ,0.0,0.0,0.0,0.0,0.0,0.0,0.0
nuc_pessimistic,119,119,naturalgas_ccccsavgcf,WECC_PNW,0.0,0.0,0.0,0.0,0.0,0.0,0.0
nuc_pessimistic,120,120,new_onshore_wind,WECC_PNW,0.0,0.0,0.0,0.0,0.0,0.0,0.0
nuc_pessimistic,121,121,new_floating_offshore_wind,WECC_PNW,0.0,0.0,0.0,0.0,0.0,0.0,0.0
nuc_pessimistic,122,122,new_floating_offshore_wind,WECC_PNW,0.0,0.0,0.0,0.0,0.0,0.0,0.0
nuc_pessimistic,123,123,new_floating_offshore_wind,WECC_PNW,0.0,0.0,0.0,0.0,0.0,0.0,0.0
nuc_pessimistic,124,124,new_utility_pv,WECC_PNW,0.0,0.0,0.0,0.0,0.0,0.0,0.0
nuc_pessimistic,125,125,battery,WECC_PNW,0.0,0.0,0.0,0.0,0.0,0.0,0.0
nuc_pessimistic,126,126,nuclear,WECC_PNW,0.0,0.0,0.0,0.0,0.0,0.0,0.0
nuc_pessimistic,127,127,naturalgas_ccs100,WECC_PNW,0.0,0.0,0.0,0.0,0.0,0.0,0.0
nuc_pessimistic,128,128,naturalgas_ccccsavgcf,WECC_WYCO,0.0,0.0,0.0,0.0,0.0,0.0,0.0
nuc_pessimistic,129,129,new_onshore_wind,WECC_WYCO,0.0,0.0,0.0,0.0,0.0,0.0,0.0
nuc_pessimistic,130,130,new_onshore_wind,WECC_WYCO,0.0,0.0,0.0,0.0,0.0,0.0,0.0
nuc_pessimistic,131,131,new_onshore_wind,WECC_WYCO,0.0,0.0,0.0,0.0,0.0,0.0,0.0
nuc_pessimistic,132,132,new_onshore_wind,WECC_WYCO,0.0,0.0,0.0,0.0,0.0,0.0,0.0
nuc_pessimistic,133,133,new_onshore_wind,WECC_WYCO,0.0,0.0,0.0,0.0,0.0,0.0,0.0
nuc_pessimistic,134,134,new_onshore_wind,WECC_WYCO,0.0,0.0,0.0,0.0,0.0,0.0,0.0
nuc_pessimistic,135,135,new_onshore_wind,WECC_WYCO,0.0,0.0,0.0,0.0,0.0,0.0,0.0
nuc_pessimistic,136,136,new_utility_pv,WECC_WYCO,0.0,0.0,0.0,0.0,0.0,0.0,0.0
nuc_pessimistic,137,137,new_utility_pv,WECC_WYCO,4776.7,0.0,4776.7,0.0,38191.16524440152,0.9127058554782983,4.234983020092941
nuc_pessimistic,138,138,new_utility_pv,WECC_WYCO,0.0,0.0,0.0,0.0,0.0,0.0,0.0
nuc_pessimistic,139,139,new_utility_pv,WECC_WYCO,0.0,0.0,0.0,0.0,0.0,0.0,0.0
nuc_pessimistic,140,140,new_utility_pv,WECC_WYCO,0.0,0.0,0.0,0.0,0.0,0.0,0.0
nuc_pessimistic,141,141,battery,WECC_WYCO,0.0,0.0,0.0,0.0,0.0,0.0,0.0
nuc_pessimistic,142,142,nuclear,WECC_WYCO,0.0,0.0,0.0,0.0,0.0,0.0,0.0
nuc_pessimistic,143,143,naturalgas_ccs100,WECC_WYCO,0.0,0.0,0.0,0.0,0.0,0.0,0.0
nuc_pessimistic,144,156,new_biogas_CCGT,CA_N,0.0,0.0,0.0,0.0,0.0,0.0,0.0
nuc_pessimistic,145,157,new_biogas_CCGT,CA_S,0.0,0.0,0.0,0.0,0.0,0.0,0.0
nuc_pessimistic,146,158,new_biogas_CCGT,WECC_N,0.0,0.0,0.0,0.0,0.0,0.0,0.0
nuc_pessimistic,147,159,new_biogas_CCGT,WECC_NMAZ,0.0,0.0,0.0,0.0,0.0,0.0,0.0
nuc_pessimistic,148,160,new_biogas_CCGT,WECC_PNW,0.0,0.0,0.0,0.0,0.0,0.0,0.0
nuc_pessimistic,149,161,new_biogas_CCGT,WECC_WYCO,0.0,0.0,0.0,0.0,0.0,0.0,0.0
nuc_pessimistic,150,162,biomass,WECC_PNW,0.0,28.4,0.0,28.4,0.0,0.0,0.0
nuc_pessimistic,151,163,biomass,WECC_PNW,0.0,74.43,0.0,74.43,0.0,0.0,0.0
nuc_pessimistic,152,164,conventional_hydroelectric,WECC_PNW,29850.0,29850.0,0.0,0.0,187953.84994473113,0.718791254387352,20.842028725314073
nuc_pessimistic,153,165,geothermal,WECC_PNW,0.0,14.49,0.0,14.49,0.0,0.0,0.0
nuc_pessimistic,154,166,geothermal,WECC_PNW,0.0,1.17,0.0,1.17,0.0,0.0,0.0
nuc_pessimistic,155,167,hydroelectric_pumped_storage,WECC_PNW,214.0,214.0,0.0,0.0,443.757752254907,0.23671625072275584,0.049207887054706474
nuc_pessimistic,156,168,hydroelectric_pumped_storage,WECC_PNW,100.0,100.0,0.0,0.0,195.05360717755647,0.22266393513419688,0.021629314243715607
nuc_pessimistic,157,169,nuclear,WECC_PNW,1163.0,1163.0,0.0,0.0,13.157631933253647,0.0012914985191476193,0.0014590376456274858
nuc_pessimistic,158,170,onshore_wind_turbine,WECC_PNW,5254.0,5254.0,0.0,0.0,21403.163104598654,0.46503301473716596,2.3733769772196807
nuc_pessimistic,159,171,solar_photovoltaic,WECC_PNW,209.9,209.9,0.0,0.0,84.63630174642174,0.04602991082208191,0.009385241285145174
nuc_moderate,1,1,biomass,CA_N,36.72,36.72,0.0,0.0,135.9138181450502,0.4225293040292892,0.01507135769115251
nuc_moderate,2,2,biomass,CA_N,0.0,33.06,0.0,33.06,0.0,0.0,0.0
nuc_moderate,3,3,conventional_hydroelectric,CA_N,0.0,6607.44,0.0,6607.44,0.0,0.0,0.0
nuc_moderate,4,4,geothermal,CA_N,0.0,542.55,0.0,542.55,0.0,0.0,0.0
nuc_moderate,5,5,geothermal,CA_N,0.0,100.32,0.0,100.32,0.0,0.0,0.0
nuc_moderate,6,6,hydroelectric_pumped_storage,CA_N,615.15,615.15,0.0,0.0,1233.669534612775,0.22893579704040237,0.13680047461387518
nuc_moderate,7,7,hydroelectric_pumped_storage,CA_N,1175.8,1175.8,0.0,0.0,2096.9467949790933,0.20358690934794355,0.2325284922296677
nuc_moderate,8,8,onshore_wind_turbine,CA_N,1327.6,1327.6,0.0,0.0,460.61434506978065,0.039606467490842526,0.05107709905415117
nuc_moderate,9,9,small_hydroelectric,CA_N,231.4,231.4,0.0,0.0,242.38075292733345,0.11957232377829878,0.026877377699154437
nuc_moderate,10,10,small_hydroelectric,CA_N,1.95,1.95,0.0,0.0,0.04106250000000001,0.0024038461538461544,4.553382677635332e-6
nuc_moderate,11,11,solar_photovoltaic,CA_N,2787.1,2787.1,0.0,0.0,1295.6892490891466,0.05306940247252741,0.14367778343746365
nuc_moderate,12,12,biomass,CA_S,0.0,67.2,0.0,67.2,0.0,0.0,0.0
nuc_moderate,13,13,biomass,CA_S,0.0,38.1,0.0,38.1,0.0,0.0,0.0
nuc_moderate,14,14,conventional_hydroelectric,CA_S,0.0,1396.0,0.0,1396.0,0.0,0.0,0.0
nuc_moderate,15,15,geothermal,CA_S,0.0,535.15,0.0,535.15,0.0,0.0,0.0
nuc_moderate,16,16,geothermal,CA_S,0.0,73.02,0.0,73.02,0.0,0.0,0.0
nuc_moderate,17,17,hydroelectric_pumped_storage,CA_S,1623.0,1623.0,0.0,0.0,2698.236422195832,0.18978302921444812,0.2992049433178991
nuc_moderate,18,18,hydroelectric_pumped_storage,CA_S,42.0,42.0,0.0,0.0,115.85657702351556,0.3148961106314295,0.012847228758818855
nuc_moderate,19,19,onshore_wind_turbine,CA_S,4735.6,4735.6,0.0,0.0,6324.852026402428,0.15246538379658892,0.7013569961796661
nuc_moderate,20,20,small_hydroelectric,CA_S,126.44,126.44,0.0,0.0,216.84233762473855,0.1957742131419911,0.02404544642723742
nuc_moderate,21,21,small_hydroelectric,CA_S,7.0,7.0,0.0,0.0,3.4256653846153244,0.05586538461538364,0.0003798688687167706
nuc_moderate,22,22,solar_photovoltaic,CA_S,9520.0,9520.0,0.0,0.0,7678.539923172481,0.09207412324896974,0.8514661960597846
nuc_moderate,23,23,biomass,WECC_N,6.24,6.24,0.0,0.0,20.471156400000012,0.37450160256410275,0.0022700276150483703
nuc_moderate,24,24,biomass,WECC_N,0.0,13.8,0.0,13.8,0.0,0.0,0.0
nuc_moderate,25,25,conventional_hydroelectric,WECC_N,0.0,4648.1,0.0,4648.1,0.0,0.0,0.0
nuc_moderate,26,26,geothermal,WECC_N,0.0,165.24,0.0,165.24,0.0,0.0,0.0
nuc_moderate,27,27,geothermal,WECC_N,0.0,215.16,0.0,215.16,0.0,0.0,0.0
nuc_moderate,28,28,onshore_wind_turbine,WECC_N,3893.9,3893.9,0.0,0.0,1456.1904441058437,0.04269030685349687,0.16147561262781487
nuc_moderate,29,29,solar_photovoltaic,WECC_N,1185.7,1185.7,0.0,0.0,338.9902271161291,0.03263685123637821,0.037590313011585975
nuc_moderate,30,30,biomass,WECC_NMAZ,0.0,3.54,0.0,3.54,0.0,0.0,0.0
nuc_moderate,31,31,biomass,WECC_NMAZ,0.0,11.4,0.0,11.4,0.0,0.0,0.0
nuc_moderate,32,32,conventional_hydroelectric,WECC_NMAZ,0.0,3960.0,0.0,3960.0,0.0,0.0,0.0
nuc_moderate,33,33,geothermal,WECC_NMAZ,0.0,0.68,0.0,0.68,0.0,0.0,0.0
nuc_moderate,34,34,geothermal,WECC_NMAZ,0.0,2.66,0.0,2.66,0.0,0.0,0.0
nuc_moderate,35,35,hydroelectric_pumped_storage,WECC_NMAZ,119.0,119.0,0.0,0.0,324.8075905938497,0.3115839670329704,0.03601761355432581
nuc_moderate,36,36,hydroelectric_pumped_storage,WECC_NMAZ,97.3,97.3,0.0,0.0,271.38103652992356,0.31839229578754635,0.030093192347618262
nuc_moderate,37,37,nuclear,WECC_NMAZ,4002.99,4002.99,0.0,0.0,45.97404793839799,0.0013110647262175518,0.005098019689582411
nuc_moderate,38,38,onshore_wind_turbine,WECC_NMAZ,0.0,1235.1,0.0,1235.1,0.0,0.0,0.0
nuc_moderate,39,39,solar_photovoltaic,WECC_NMAZ,6266.4,6266.4,0.0,0.0,274.1588942561737,0.004994363179258242,0.030401226423761772
nuc_moderate,40,40,biomass,WECC_WYCO,0.0,4.8,0.0,4.8,0.0,0.0,0.0
nuc_moderate,41,41,biomass,WECC_WYCO,0.0,8.04,0.0,8.04,0.0,0.0,0.0
nuc_moderate,42,42,conventional_hydroelectric,WECC_WYCO,0.0,961.87,0.0,961.87,0.0,0.0,0.0
nuc_moderate,43,43,hydroelectric_pumped_storage,WECC_WYCO,324.0,324.0,0.0,0.0,755.7187326466109,0.26626315344953594,0.08380095187574073
nuc_moderate,44,44,hydroelectric_pumped_storage,WECC_WYCO,238.5,238.5,0.0,0.0,588.687854057377,0.2817685946494821,0.06527905210835132
nuc_moderate,45,45,onshore_wind_turbine,WECC_WYCO,5751.7,5751.7,0.0,0.0,49335.488769711716,0.9791722639737268,5.470766756935836
nuc_moderate,46,46,solar_photovoltaic,WECC_WYCO,593.1,593.1,0.0,0.0,1323.27290521977,0.2546932234432215,0.14673650957471857
nuc_moderate,47,47,naturalgas_ccccsavgcf,CA_N,0.0,0.0,0.0,0.0,0.0,0.0,0.0
nuc_moderate,48,48,new_onshore_wind,CA_N,0.0,0.0,0.0,0.0,0.0,0.0,0.0
nuc_moderate,49,49,new_floating_offshore_wind,CA_N,0.0,0.0,0.0,0.0,0.0,0.0,0.0
nuc_moderate,50,50,new_floating_offshore_wind,CA_N,0.0,0.0,0.0,0.0,0.0,0.0,0.0
nuc_moderate,51,51,new_floating_offshore_wind,CA_N,0.0,0.0,0.0,0.0,0.0,0.0,0.0
nuc_moderate,52,52,new_floating_offshore_wind,CA_N,0.0,0.0,0.0,0.0,0.0,0.0,0.0
nuc_moderate,53,53,new_floating_offshore_wind,CA_N,0.0,0.0,0.0,0.0,0.0,0.0,0.0
nuc_moderate,54,54,new_utility_pv,CA_N,0.0,0.0,0.0,0.0,0.0,0.0,0.0
nuc_moderate,55,55,new_utility_pv,CA_N,0.0,0.0,0.0,0.0,0.0,0.0,0.0
nuc_moderate,56,56,new_utility_pv,CA_N,0.0,0.0,0.0,0.0,0.0,0.0,0.0
nuc_moderate,57,57,new_utility_pv,CA_N,15041.69401,0.0,15041.69401,0.0,112606.2946855021,0.8545978824856552,12.48680795406185
nuc_moderate,58,58,battery,CA_N,2558.7255441919006,0.0,2558.7255441919006,0.0,4276.89789342665,0.19080997344132483,0.47426125496362725
nuc_moderate,59,59,nuclear,CA_N,0.0,0.0,0.0,0.0,0.0,0.0,0.0
nuc_moderate,60,60,naturalgas_ccs100,CA_N,0.0,0.0,0.0,0.0,0.0,0.0,0.0
nuc_moderate,61,61,naturalgas_ccccsavgcf,CA_S,0.0,0.0,0.0,0.0,0.0,0.0,0.0
nuc_moderate,62,62,new_onshore_wind,CA_S,0.0,0.0,0.0,0.0,0.0,0.0,0.0
nuc_moderate,63,63,new_onshore_wind,CA_S,0.0,0.0,0.0,0.0,0.0,0.0,0.0
nuc_moderate,64,64,new_onshore_wind,CA_S,0.0,0.0,0.0,0.0,0.0,0.0,0.0
nuc_moderate,65,65,new_utility_pv,CA_S,0.0,0.0,0.0,0.0,0.0,0.0,0.0
nuc_moderate,66,66,new_utility_pv,CA_S,0.0,0.0,0.0,0.0,0.0,0.0,0.0
nuc_moderate,67,67,new_utility_pv,CA_S,0.0,0.0,0.0,0.0,0.0,0.0,0.0
nuc_moderate,68,68,new_utility_pv,CA_S,0.0,0.0,0.0,0.0,0.0,0.0,0.0
nuc_moderate,69,69,new_utility_pv,CA_S,20451.59,0.0,20451.59,0.0,127836.3352363565,0.7135478930450873,14.175653076106151
nuc_moderate,70,70,new_utility_pv,CA_S,1459.8676713572,0.0,1459.8676713572,0.0,1884.0113680175898,0.14732142857142885,0.20891627951535674
nuc_moderate,71,71,new_utility_pv,CA_S,0.0,0.0,0.0,0.0,0.0,0.0,0.0
nuc_moderate,72,72,new_utility_pv,CA_S,0.0,0.0,0.0,0.0,0.0,0.0,0.0
nuc_moderate,73,73,new_utility_pv,CA_S,0.0,0.0,0.0,0.0,0.0,0.0,0.0
nuc_moderate,74,74,new_utility_pv,CA_S,0.0,0.0,0.0,0.0,0.0,0.0,0.0
nuc_moderate,75,75,battery,CA_S,0.0,0.0,0.0,0.0,-1.2403109064837406e-12,-1.2403109064837406e-9,-1.3753693020311087e-16
nuc_moderate,76,76,nuclear,CA_S,0.0,0.0,0.0,0.0,0.0,0.0,0.0
nuc_moderate,77,77,naturalgas_ccs100,CA_S,0.0,0.0,0.0,0.0,0.0,0.0,0.0
nuc_moderate,78,78,naturalgas_ccccsavgcf,WECC_N,0.0,0.0,0.0,0.0,0.0,0.0,0.0
nuc_moderate,79,79,new_onshore_wind,WECC_N,0.0,0.0,0.0,0.0,0.0,0.0,0.0
nuc_moderate,80,80,new_onshore_wind,WECC_N,0.0,0.0,0.0,0.0,0.0,0.0,0.0
nuc_moderate,81,81,new_onshore_wind,WECC_N,0.0,0.0,0.0,0.0,0.0,0.0,0.0
nuc_moderate,82,82,new_onshore_wind,WECC_N,0.0,0.0,0.0,0.0,0.0,0.0,0.0
nuc_moderate,83,83,new_onshore_wind,WECC_N,0.0,0.0,0.0,0.0,0.0,0.0,0.0
nuc_moderate,84,84,new_onshore_wind,WECC_N,0.0,0.0,0.0,0.0,0.0,0.0,0.0
nuc_moderate,85,85,new_utility_pv,WECC_N,0.0,0.0,0.0,0.0,0.0,0.0,0.0
nuc_moderate,86,86,new_utility_pv,WECC_N,18238.210358056098,0.0,18238.210358056098,0.0,141037.1684341208,0.8827693653494256,15.639481270031347
nuc_moderate,87,87,new_utility_pv,WECC_N,0.0,0.0,0.0,0.0,0.0,0.0,0.0
nuc_moderate,88,88,new_utility_pv,WECC_N,0.0,0.0,0.0,0.0,0.0,0.0,0.0
nuc_moderate,89,89,new_utility_pv,WECC_N,0.0,0.0,0.0,0.0,0.0,0.0,0.0
nuc_moderate,90,90,new_utility_pv,WECC_N,0.0,0.0,0.0,0.0,0.0,0.0,0.0
nuc_moderate,91,91,new_utility_pv,WECC_N,0.0,0.0,0.0,0.0,0.0,0.0,0.0
nuc_moderate,92,92,new_utility_pv,WECC_N,0.0,0.0,0.0,0.0,0.0,0.0,0.0
nuc_moderate,93,93,battery,WECC_N,0.0,0.0,0.0,0.0,0.0,0.0,0.0
nuc_moderate,94,94,nuclear,WECC_N,0.0,0.0,0.0,0.0,0.0,0.0,0.0
nuc_moderate,95,95,naturalgas_ccs100,WECC_N,0.0,0.0,0.0,0.0,0.0,0.0,0.0
nuc_moderate,96,96,naturalgas_ccccsavgcf,WECC_NMAZ,0.0,0.0,0.0,0.0,0.0,0.0,0.0
nuc_moderate,97,97,new_onshore_wind,WECC_NMAZ,0.0,0.0,0.0,0.0,0.0,0.0,0.0
nuc_moderate,98,98,new_onshore_wind,WECC_NMAZ,0.0,0.0,0.0,0.0,0.0,0.0,0.0
nuc_moderate,99,99,new_onshore_wind,WECC_NMAZ,0.0,0.0,0.0,0.0,0.0,0.0,0.0
nuc_moderate,100,100,new_onshore_wind,WECC_NMAZ,0.0,0.0,0.0,0.0,0.0,0.0,0.0
nuc_moderate,101,101,new_onshore_wind,WECC_NMAZ,0.0,0.0,0.0,0.0,0.0,0.0,0.0
nuc_moderate,102,102,new_onshore_wind,WECC_NMAZ,0.0,0.0,0.0,0.0,0.0,0.0,0.0
nuc_moderate,103,103,new_onshore_wind,WECC_NMAZ,0.0,0.0,0.0,0.0,0.0,0.0,0.0
nuc_moderate,104,104,new_utility_pv,WECC_NMAZ,40626.1053575032,0.0,40626.1053575032,0.0,218290.08940319275,0.6133730949164479,24.205986284029606
nuc_moderate,105,105,new_utility_pv,WECC_NMAZ,0.0,0.0,0.0,0.0,0.0,0.0,0.0
nuc_moderate,106,106,new_utility_pv,WECC_NMAZ,0.0,0.0,0.0,0.0,0.0,0.0,0.0
nuc_moderate,107,107,new_utility_pv,WECC_NMAZ,0.0,0.0,0.0,0.0,0.0,0.0,0.0
nuc_moderate,108,108,new_utility_pv,WECC_NMAZ,0.0,0.0,0.0,0.0,0.0,0.0,0.0
nuc_moderate,109,109,new_utility_pv,WECC_NMAZ,0.0,0.0,0.0,0.0,0.0,0.0,0.0
nuc_moderate,110,110,new_utility_pv,WECC_NMAZ,0.0,0.0,0.0,0.0,0.0,0.0,0.0
nuc_moderate,111,111,new_utility_pv,WECC_NMAZ,0.0,0.0,0.0,0.0,0.0,0.0,0.0
nuc_moderate,112,112,new_utility_pv,WECC_NMAZ,0.0,0.0,0.0,0.0,0.0,0.0,0.0
nuc_moderate,113,113,new_utility_pv,WECC_NMAZ,0.0,0.0,0.0,0.0,0.0,0.0,0.0
nuc_moderate,114,114,new_utility_pv,WECC_NMAZ,0.0,0.0,0.0,0.0,0.0,0.0,0.0
nuc_moderate,115,115,new_utility_pv,WECC_NMAZ,0.0,0.0,0.0,0.0,0.0,0.0,0.0
nuc_moderate,116,116,battery,WECC_NMAZ,0.0,0.0,0.0,0.0,0.0,0.0,0.0
nuc_moderate,117,117,nuclear,WECC_NMAZ,0.0,0.0,0.0,0.0,0.0,0.0,0.0
nuc_moderate,118,118,naturalgas_ccs100,WECC_NMAZ,0.0,0.0,0.0,0.0,0.0,0.0,0.0
nuc_moderate,119,119,naturalgas_ccccsavgcf,WECC_PNW,0.0,0.0,0.0,0.0,0.0,0.0,0.0
nuc_moderate,120,120,new_onshore_wind,WECC_PNW,0.0,0.0,0.0,0.0,0.0,0.0,0.0
nuc_moderate,121,121,new_floating_offshore_wind,WECC_PNW,0.0,0.0,0.0,0.0,0.0,0.0,0.0
nuc_moderate,122,122,new_floating_offshore_wind,WECC_PNW,0.0,0.0,0.0,0.0,0.0,0.0,0.0
nuc_moderate,123,123,new_floating_offshore_wind,WECC_PNW,0.0,0.0,0.0,0.0,0.0,0.0,0.0
nuc_moderate,124,124,new_utility_pv,WECC_PNW,0.0,0.0,0.0,0.0,0.0,0.0,0.0
nuc_moderate,125,125,battery,WECC_PNW,0.0,0.0,0.0,0.0,0.0,0.0,0.0
nuc_moderate,126,126,nuclear,WECC_PNW,0.0,0.0,0.0,0.0,0.0,0.0,0.0
nuc_moderate,127,127,naturalgas_ccs100,WECC_PNW,0.0,0.0,0.0,0.0,0.0,0.0,0.0
nuc_moderate,128,128,naturalgas_ccccsavgcf,WECC_WYCO,0.0,0.0,0.0,0.0,0.0,0.0,0.0
nuc_moderate,129,129,new_onshore_wind,WECC_WYCO,0.0,0.0,0.0,0.0,0.0,0.0,0.0
nuc_moderate,130,130,new_onshore_wind,WECC_WYCO,0.0,0.0,0.0,0.0,0.0,0.0,0.0
nuc_moderate,131,131,new_onshore_wind,WECC_WYCO,0.0,0.0,0.0,0.0,0.0,0.0,0.0
nuc_moderate,132,132,new_onshore_wind,WECC_WYCO,0.0,0.0,0.0,0.0,0.0,0.0,0.0
nuc_moderate,133,133,new_onshore_wind,WECC_WYCO,0.0,0.0,0.0,0.0,0.0,0.0,0.0
nuc_moderate,134,134,new_onshore_wind,WECC_WYCO,0.0,0.0,0.0,0.0,0.0,0.0,0.0
nuc_moderate,135,135,new_onshore_wind,WECC_WYCO,0.0,0.0,0.0,0.0,0.0,0.0,0.0
nuc_moderate,136,136,new_utility_pv,WECC_WYCO,0.0,0.0,0.0,0.0,0.0,0.0,0.0
nuc_moderate,137,137,new_utility_pv,WECC_WYCO,4776.7,0.0,4776.7,0.0,13585.941236626511,0.3246815864218967,1.5065324684621417
nuc_moderate,138,138,new_utility_pv,WECC_WYCO,0.0,0.0,0.0,0.0,0.0,0.0,0.0
nuc_moderate,139,139,new_utility_pv,WECC_WYCO,0.0,0.0,0.0,0.0,0.0,0.0,0.0
nuc_moderate,140,140,new_utility_pv,WECC_WYCO,0.0,0.0,0.0,0.0,0.0,0.0,0.0
nuc_moderate,141,141,battery,WECC_WYCO,0.0,0.0,0.0,0.0,0.0,0.0,0.0
nuc_moderate,142,142,nuclear,WECC_WYCO,0.0,0.0,0.0,0.0,0.0,0.0,0.0
nuc_moderate,143,143,naturalgas_ccs100,WECC_WYCO,0.0,0.0,0.0,0.0,0.0,0.0,0.0
nuc_moderate,144,156,new_biogas_CCGT,CA_N,0.0,0.0,0.0,0.0,0.0,0.0,0.0
nuc_moderate,145,157,new_biogas_CCGT,CA_S,0.0,0.0,0.0,0.0,0.0,0.0,0.0
nuc_moderate,146,158,new_biogas_CCGT,WECC_N,0.0,0.0,0.0,0.0,0.0,0.0,0.0
nuc_moderate,147,159,new_biogas_CCGT,WECC_NMAZ,0.0,0.0,0.0,0.0,0.0,0.0,0.0
nuc_moderate,148,160,new_biogas_CCGT,WECC_PNW,0.0,0.0,0.0,0.0,0.0,0.0,0.0
nuc_moderate,149,161,new_biogas_CCGT,WECC_WYCO,0.0,0.0,0.0,0.0,0.0,0.0,0.0
nuc_moderate,150,162,biomass,WECC_PNW,0.0,28.4,0.0,28.4,0.0,0.0,0.0
nuc_moderate,151,163,biomass,WECC_PNW,0.0,74.43,0.0,74.43,0.0,0.0,0.0
nuc_moderate,152,164,conventional_hydroelectric,WECC_PNW,29850.0,29850.0,0.0,0.0,188249.18642171478,0.7199207086487032,20.8747783143155
nuc_moderate,153,165,geothermal,WECC_PNW,0.0,14.49,0.0,14.49,0.0,0.0,0.0
nuc_moderate,154,166,geothermal,WECC_PNW,0.0,1.17,0.0,1.17,0.0,0.0,0.0
nuc_moderate,155,167,hydroelectric_pumped_storage,WECC_PNW,214.0,214.0,0.0,0.0,511.3066565950527,0.27274925137362516,0.05669832263256134
nuc_moderate,156,168,hydroelectric_pumped_storage,WECC_PNW,100.0,100.0,0.0,0.0,251.38873626373683,0.28697344322344387,0.027876264646719905
nuc_moderate,157,169,nuclear,WECC_PNW,1163.0,1163.0,0.0,0.0,13.265508358109782,0.001302087221100934,0.0014709999626872155
nuc_moderate,158,170,onshore_wind_turbine,WECC_PNW,5254.0,5254.0,0.0,0.0,32781.3541952493,0.712250422710101,3.6350940722575698
nuc_moderate,159,171,solar_photovoltaic,WECC_PNW,209.9,209.9,0.0,0.0,91.76781868131852,0.04990842490842482,0.010176048607559104
pessimistic_all,1,1,biomass,CA_N,36.72,36.72,0.0,0.0,135.97766554944576,0.42272779304027813,0.015078437670822207
pessimistic_all,2,2,biomass,CA_N,0.0,33.06,0.0,33.06,0.0,0.0,0.0
pessimistic_all,3,3,conventional_hydroelectric,CA_N,0.0,6607.44,0.0,6607.44,0.0,0.0,0.0
pessimistic_all,4,4,geothermal,CA_N,542.55,542.55,0.0,0.0,4337.255466418057,0.9125803834375168,0.48095425045399404
pessimistic_all,5,5,geothermal,CA_N,100.32,100.32,0.0,0.0,808.5557479472653,0.9200646378475469,0.0896599996738035
pessimistic_all,6,6,hydroelectric_pumped_storage,CA_N,615.15,615.15,0.0,0.0,2137.871437129662,0.3967312863754992,0.23706658797777908
pessimistic_all,7,7,hydroelectric_pumped_storage,CA_N,1175.8,1175.8,0.0,0.0,2666.8045763035075,0.2589128645631642,0.29571949497422273
pessimistic_all,8,8,onshore_wind_turbine,CA_N,1327.6,1327.6,0.0,0.0,1223.9392054200953,0.10524185551124074,0.1357214874018536
pessimistic_all,9,9,small_hydroelectric,CA_N,231.4,231.4,0.0,0.0,1372.2176311317112,0.6769483504870646,0.15216394499947453
pessimistic_all,10,10,small_hydroelectric,CA_N,1.95,1.95,0.0,0.0,9.55191964285719,0.5591804029304057,0.001059203541916605
pessimistic_all,11,11,solar_photovoltaic,CA_N,2787.1,2787.1,0.0,0.0,2635.1209886378188,0.1079304288494587,0.29220613121794176
pessimistic_all,12,12,biomass,CA_S,0.0,67.2,0.0,67.2,0.0,0.0,0.0
pessimistic_all,13,13,biomass,CA_S,0.0,38.1,0.0,38.1,0.0,0.0,0.0
pessimistic_all,14,14,conventional_hydroelectric,CA_S,0.0,1396.0,0.0,1396.0,0.0,0.0,0.0
pessimistic_all,15,15,geothermal,CA_S,0.0,535.15,0.0,535.15,0.0,0.0,0.0
pessimistic_all,16,16,geothermal,CA_S,0.0,73.02,0.0,73.02,0.0,0.0,0.0
pessimistic_all,17,17,hydroelectric_pumped_storage,CA_S,1623.0,1623.0,0.0,0.0,2533.134690587414,0.1781704416385614,0.2808969648764168
pessimistic_all,18,18,hydroelectric_pumped_storage,CA_S,42.0,42.0,0.0,0.0,68.21020542078925,0.1853941221482639,0.007563766643554809
pessimistic_all,19,19,onshore_wind_turbine,CA_S,4735.6,4735.6,0.0,0.0,9004.951714731209,0.2170712316311967,0.9985507738398699
pessimistic_all,20,20,small_hydroelectric,CA_S,126.44,126.44,0.0,0.0,843.4286358691539,0.7614821871845959,0.09352702198814497
pessimistic_all,21,21,small_hydroelectric,CA_S,7.0,7.0,0.0,0.0,25.971820673076763,0.4235456730769205,0.0028799911929239313
pessimistic_all,22,22,solar_photovoltaic,CA_S,9520.0,9520.0,0.0,0.0,10383.444816324089,0.12450890238675713,1.1514105999593907
pessimistic_all,23,23,biomass,WECC_N,6.24,6.24,0.0,0.0,20.482907314285722,0.37471657509157524,0.002271330663074061
pessimistic_all,24,24,biomass,WECC_N,0.0,13.8,0.0,13.8,0.0,0.0,0.0
pessimistic_all,25,25,conventional_hydroelectric,WECC_N,0.0,4648.1,0.0,4648.1,0.0,0.0,0.0
pessimistic_all,26,26,geothermal,WECC_N,0.0,165.24,0.0,165.24,0.0,0.0,0.0
pessimistic_all,27,27,geothermal,WECC_N,0.0,215.16,0.0,215.16,0.0,0.0,0.0
pessimistic_all,28,28,onshore_wind_turbine,WECC_N,3893.9,3893.9,0.0,0.0,5139.672036600688,0.15067684124486153,0.5699334823789171
pessimistic_all,29,29,solar_photovoltaic,WECC_N,1185.7,1185.7,0.0,0.0,1503.3636741794178,0.14473885281524715,0.1667066085161587
pessimistic_all,30,30,biomass,WECC_NMAZ,0.0,3.54,0.0,3.54,0.0,0.0,0.0
pessimistic_all,31,31,biomass,WECC_NMAZ,0.0,11.4,0.0,11.4,0.0,0.0,0.0
pessimistic_all,32,32,conventional_hydroelectric,WECC_NMAZ,0.0,3960.0,0.0,3960.0,0.0,0.0,0.0
pessimistic_all,33,33,geothermal,WECC_NMAZ,0.0,0.68,0.0,0.68,0.0,0.0,0.0
pessimistic_all,34,34,geothermal,WECC_NMAZ,0.0,2.66,0.0,2.66,0.0,0.0,0.0
pessimistic_all,35,35,hydroelectric_pumped_storage,WECC_NMAZ,119.0,119.0,0.0,0.0,241.53736454423077,0.23170385302197802,0.026783855140758372
pessimistic_all,36,36,hydroelectric_pumped_storage,WECC_NMAZ,97.3,97.3,0.0,0.0,204.11063618947165,0.23946866325664123,0.022633639820913664
pessimistic_all,37,37,nuclear,WECC_NMAZ,4002.99,4002.99,0.0,0.0,54.396372337647875,0.0015512483282230515,0.006031963458835861
pessimistic_all,38,38,onshore_wind_turbine,WECC_NMAZ,0.0,1235.1,0.0,1235.1,0.0,0.0,0.0
pessimistic_all,39,39,solar_photovoltaic,WECC_NMAZ,6266.4,6266.4,0.0,0.0,8291.303773450445,0.15104300149194713,0.9194150131395242
pessimistic_all,40,40,biomass,WECC_WYCO,0.0,4.8,0.0,4.8,0.0,0.0,0.0
pessimistic_all,41,41,biomass,WECC_WYCO,0.0,8.04,0.0,8.04,0.0,0.0,0.0
pessimistic_all,42,42,conventional_hydroelectric,WECC_WYCO,0.0,961.87,0.0,961.87,0.0,0.0,0.0
pessimistic_all,43,43,hydroelectric_pumped_storage,WECC_WYCO,324.0,324.0,0.0,0.0,680.2143922762926,0.23966063203826762,0.07542834534841071
pessimistic_all,44,44,hydroelectric_pumped_storage,WECC_WYCO,238.5,238.5,0.0,0.0,522.7744374584632,0.2502199043960365,0.05796997425470737
pessimistic_all,45,45,onshore_wind_turbine,WECC_WYCO,5751.7,5751.7,0.0,0.0,48260.472380670755,0.9578361779691967,5.351559183017219
pessimistic_all,46,46,solar_photovoltaic,WECC_WYCO,593.1,593.1,0.0,0.0,4658.334654186313,0.8965998353566612,0.5165584248645437
pessimistic_all,47,47,naturalgas_ccccsavgcf,CA_N,0.0,0.0,0.0,0.0,0.0,0.0,0.0
pessimistic_all,48,48,new_onshore_wind,CA_N,0.0,0.0,0.0,0.0,0.0,0.0,0.0
pessimistic_all,49,49,new_floating_offshore_wind,CA_N,0.0,0.0,0.0,0.0,0.0,0.0,0.0
pessimistic_all,50,50,new_floating_offshore_wind,CA_N,0.0,0.0,0.0,0.0,0.0,0.0,0.0
pessimistic_all,51,51,new_floating_offshore_wind,CA_N,0.0,0.0,0.0,0.0,0.0,0.0,0.0
pessimistic_all,52,52,new_floating_offshore_wind,CA_N,0.0,0.0,0.0,0.0,0.0,0.0,0.0
pessimistic_all,53,53,new_floating_offshore_wind,CA_N,0.0,0.0,0.0,0.0,0.0,0.0,0.0
pessimistic_all,54,54,new_utility_pv,CA_N,0.0,0.0,0.0,0.0,0.0,0.0,0.0
pessimistic_all,55,55,new_utility_pv,CA_N,0.0,0.0,0.0,0.0,0.0,0.0,0.0
pessimistic_all,56,56,new_utility_pv,CA_N,0.0,0.0,0.0,0.0,0.0,0.0,0.0
pessimistic_all,57,57,new_utility_pv,CA_N,14305.262720000002,0.0,14305.262720000002,0.0,101042.29130487666,0.8063122198867314,11.20448630590462
pessimistic_all,58,58,battery,CA_N,6671.517155770878,0.0,6671.517155770878,0.0,9140.385759519495,0.15639966255742216,1.013568929906867
pessimistic_all,59,59,nuclear,CA_N,0.0,0.0,0.0,0.0,0.0,0.0,0.0
pessimistic_all,60,60,naturalgas_ccs100,CA_N,0.0,0.0,0.0,0.0,0.0,0.0,0.0
pessimistic_all,61,61,naturalgas_ccccsavgcf,CA_S,0.0,0.0,0.0,0.0,0.0,0.0,0.0
pessimistic_all,62,62,new_onshore_wind,CA_S,0.0,0.0,0.0,0.0,0.0,0.0,0.0
pessimistic_all,63,63,new_onshore_wind,CA_S,0.0,0.0,0.0,0.0,0.0,0.0,0.0
pessimistic_all,64,64,new_onshore_wind,CA_S,0.0,0.0,0.0,0.0,0.0,0.0,0.0
pessimistic_all,65,65,new_utility_pv,CA_S,0.0,0.0,0.0,0.0,0.0,0.0,0.0
pessimistic_all,66,66,new_utility_pv,CA_S,0.0,0.0,0.0,0.0,0.0,0.0,0.0
pessimistic_all,67,67,new_utility_pv,CA_S,0.0,0.0,0.0,0.0,0.0,0.0,0.0
pessimistic_all,68,68,new_utility_pv,CA_S,0.0,0.0,0.0,0.0,0.0,0.0,0.0
pessimistic_all,69,69,new_utility_pv,CA_S,20044.1631181552,0.0,20044.1631181552,0.0,131731.77828742636,0.7502370712650891,14.607615156117268
pessimistic_all,70,70,new_utility_pv,CA_S,0.0,0.0,0.0,0.0,0.0,0.0,0.0
pessimistic_all,71,71,new_utility_pv,CA_S,0.0,0.0,0.0,0.0,0.0,0.0,0.0
pessimistic_all,72,72,new_utility_pv,CA_S,0.0,0.0,0.0,0.0,0.0,0.0,0.0
pessimistic_all,73,73,new_utility_pv,CA_S,0.0,0.0,0.0,0.0,0.0,0.0,0.0
pessimistic_all,74,74,new_utility_pv,CA_S,0.0,0.0,0.0,0.0,0.0,0.0,0.0
pessimistic_all,75,75,battery,CA_S,0.0,0.0,0.0,0.0,0.0,0.0,0.0
pessimistic_all,76,76,nuclear,CA_S,0.0,0.0,0.0,0.0,0.0,0.0,0.0
pessimistic_all,77,77,naturalgas_ccs100,CA_S,0.0,0.0,0.0,0.0,0.0,0.0,0.0
pessimistic_all,78,78,naturalgas_ccccsavgcf,WECC_N,0.0,0.0,0.0,0.0,0.0,0.0,0.0
pessimistic_all,79,79,new_onshore_wind,WECC_N,0.0,0.0,0.0,0.0,0.0,0.0,0.0
pessimistic_all,80,80,new_onshore_wind,WECC_N,0.0,0.0,0.0,0.0,0.0,0.0,0.0
pessimistic_all,81,81,new_onshore_wind,WECC_N,0.0,0.0,0.0,0.0,0.0,0.0,0.0
pessimistic_all,82,82,new_onshore_wind,WECC_N,0.0,0.0,0.0,0.0,0.0,0.0,0.0
pessimistic_all,83,83,new_onshore_wind,WECC_N,0.0,0.0,0.0,0.0,0.0,0.0,0.0
pessimistic_all,84,84,new_onshore_wind,WECC_N,0.0,0.0,0.0,0.0,0.0,0.0,0.0
pessimistic_all,85,85,new_utility_pv,WECC_N,0.0,0.0,0.0,0.0,0.0,0.0,0.0
pessimistic_all,86,86,new_utility_pv,WECC_N,17096.384983857504,0.0,17096.384983857504,0.0,124748.95722004856,0.8329684055750747,13.833296581037203
pessimistic_all,87,87,new_utility_pv,WECC_N,0.0,0.0,0.0,0.0,0.0,0.0,0.0
pessimistic_all,88,88,new_utility_pv,WECC_N,0.0,0.0,0.0,0.0,0.0,0.0,0.0
pessimistic_all,89,89,new_utility_pv,WECC_N,0.0,0.0,0.0,0.0,0.0,0.0,0.0
pessimistic_all,90,90,new_utility_pv,WECC_N,0.0,0.0,0.0,0.0,0.0,0.0,0.0
pessimistic_all,91,91,new_utility_pv,WECC_N,0.0,0.0,0.0,0.0,0.0,0.0,0.0
pessimistic_all,92,92,new_utility_pv,WECC_N,0.0,0.0,0.0,0.0,0.0,0.0,0.0
pessimistic_all,93,93,battery,WECC_N,0.0,0.0,0.0,0.0,0.0,0.0,0.0
pessimistic_all,94,94,nuclear,WECC_N,0.0,0.0,0.0,0.0,0.0,0.0,0.0
pessimistic_all,95,95,naturalgas_ccs100,WECC_N,0.0,0.0,0.0,0.0,0.0,0.0,0.0
pessimistic_all,96,96,naturalgas_ccccsavgcf,WECC_NMAZ,0.0,0.0,0.0,0.0,0.0,0.0,0.0
pessimistic_all,97,97,new_onshore_wind,WECC_NMAZ,0.0,0.0,0.0,0.0,0.0,0.0,0.0
pessimistic_all,98,98,new_onshore_wind,WECC_NMAZ,0.0,0.0,0.0,0.0,0.0,0.0,0.0
pessimistic_all,99,99,new_onshore_wind,WECC_NMAZ,0.0,0.0,0.0,0.0,0.0,0.0,0.0
pessimistic_all,100,100,new_onshore_wind,WECC_NMAZ,0.0,0.0,0.0,0.0,0.0,0.0,0.0
pessimistic_all,101,101,new_onshore_wind,WECC_NMAZ,0.0,0.0,0.0,0.0,0.0,0.0,0.0
pessimistic_all,102,102,new_onshore_wind,WECC_NMAZ,0.0,0.0,0.0,0.0,0.0,0.0,0.0
pessimistic_all,103,103,new_onshore_wind,WECC_NMAZ,0.0,0.0,0.0,0.0,0.0,0.0,0.0
pessimistic_all,104,104,new_utility_pv,WECC_NMAZ,39615.994963324796,0.0,39615.994963324796,0.0,211450.44102999786,0.6093038486630914,23.44754399669634
pessimistic_all,105,105,new_utility_pv,WECC_NMAZ,0.0,0.0,0.0,0.0,0.0,0.0,0.0
pessimistic_all,106,106,new_utility_pv,WECC_NMAZ,0.0,0.0,0.0,0.0,0.0,0.0,0.0
pessimistic_all,107,107,new_utility_pv,WECC_NMAZ,0.0,0.0,0.0,0.0,0.0,0.0,0.0
pessimistic_all,108,108,new_utility_pv,WECC_NMAZ,0.0,0.0,0.0,0.0,0.0,0.0,0.0
pessimistic_all,109,109,new_utility_pv,WECC_NMAZ,0.0,0.0,0.0,0.0,0.0,0.0,0.0
pessimistic_all,110,110,new_utility_pv,WECC_NMAZ,0.0,0.0,0.0,0.0,0.0,0.0,0.0
pessimistic_all,111,111,new_utility_pv,WECC_NMAZ,0.0,0.0,0.0,0.0,0.0,0.0,0.0
pessimistic_all,112,112,new_utility_pv,WECC_NMAZ,0.0,0.0,0.0,0.0,0.0,0.0,0.0
pessimistic_all,113,113,new_utility_pv,WECC_NMAZ,0.0,0.0,0.0,0.0,0.0,0.0,0.0
pessimistic_all,114,114,new_utility_pv,WECC_NMAZ,0.0,0.0,0.0,0.0,0.0,0.0,0.0
pessimistic_all,115,115,new_utility_pv,WECC_NMAZ,0.0,0.0,0.0,0.0,0.0,0.0,0.0
pessimistic_all,116,116,battery,WECC_NMAZ,0.0,0.0,0.0,0.0,0.0,0.0,0.0
pessimistic_all,117,117,nuclear,WECC_NMAZ,0.0,0.0,0.0,0.0,0.0,0.0,0.0
pessimistic_all,118,118,naturalgas_ccs100,WECC_NMAZ,0.0,0.0,0.0,0.0,0.0,0.0,0.0
pessimistic_all,119,119,naturalgas_ccccsavgcf,WECC_PNW,0.0,0.0,0.0,0.0,0.0,0.0,0.0
pessimistic_all,120,120,new_onshore_wind,WECC_PNW,0.0,0.0,0.0,0.0,0.0,0.0,0.0
pessimistic_all,121,121,new_floating_offshore_wind,WECC_PNW,0.0,0.0,0.0,0.0,0.0,0.0,0.0
pessimistic_all,122,122,new_floating_offshore_wind,WECC_PNW,0.0,0.0,0.0,0.0,0.0,0.0,0.0
pessimistic_all,123,123,new_floating_offshore_wind,WECC_PNW,0.0,0.0,0.0,0.0,0.0,0.0,0.0
pessimistic_all,124,124,new_utility_pv,WECC_PNW,0.0,0.0,0.0,0.0,0.0,0.0,0.0
pessimistic_all,125,125,battery,WECC_PNW,0.0,0.0,0.0,0.0,0.0,0.0,0.0
pessimistic_all,126,126,nuclear,WECC_PNW,0.0,0.0,0.0,0.0,0.0,0.0,0.0
pessimistic_all,127,127,naturalgas_ccs100,WECC_PNW,0.0,0.0,0.0,0.0,0.0,0.0,0.0
pessimistic_all,128,128,naturalgas_ccccsavgcf,WECC_WYCO,0.0,0.0,0.0,0.0,0.0,0.0,0.0
pessimistic_all,129,129,new_onshore_wind,WECC_WYCO,0.0,0.0,0.0,0.0,0.0,0.0,0.0
pessimistic_all,130,130,new_onshore_wind,WECC_WYCO,0.0,0.0,0.0,0.0,0.0,0.0,0.0
pessimistic_all,131,131,new_onshore_wind,WECC_WYCO,0.0,0.0,0.0,0.0,0.0,0.0,0.0
pessimistic_all,132,132,new_onshore_wind,WECC_WYCO,0.0,0.0,0.0,0.0,0.0,0.0,0.0
pessimistic_all,133,133,new_onshore_wind,WECC_WYCO,0.0,0.0,0.0,0.0,0.0,0.0,0.0
pessimistic_all,134,134,new_onshore_wind,WECC_WYCO,0.0,0.0,0.0,0.0,0.0,0.0,0.0
pessimistic_all,135,135,new_onshore_wind,WECC_WYCO,0.0,0.0,0.0,0.0,0.0,0.0,0.0
pessimistic_all,136,136,new_utility_pv,WECC_WYCO,0.0,0.0,0.0,0.0,0.0,0.0,0.0
pessimistic_all,137,137,new_utility_pv,WECC_WYCO,4776.7,0.0,4776.7,0.0,17202.046869362268,0.4111005465113587,1.907519080300158
pessimistic_all,138,138,new_utility_pv,WECC_WYCO,0.0,0.0,0.0,0.0,0.0,0.0,0.0
pessimistic_all,139,139,new_utility_pv,WECC_WYCO,0.0,0.0,0.0,0.0,0.0,0.0,0.0
pessimistic_all,140,140,new_utility_pv,WECC_WYCO,0.0,0.0,0.0,0.0,0.0,0.0,0.0
pessimistic_all,141,141,battery,WECC_WYCO,0.0,0.0,0.0,0.0,0.0,0.0,0.0
pessimistic_all,142,142,nuclear,WECC_WYCO,0.0,0.0,0.0,0.0,0.0,0.0,0.0
pessimistic_all,143,143,naturalgas_ccs100,WECC_WYCO,0.0,0.0,0.0,0.0,0.0,0.0,0.0
pessimistic_all,144,156,new_biogas_CCGT,CA_N,0.0,0.0,0.0,0.0,0.0,0.0,0.0
pessimistic_all,145,157,new_biogas_CCGT,CA_S,0.0,0.0,0.0,0.0,0.0,0.0,0.0
pessimistic_all,146,158,new_biogas_CCGT,WECC_N,0.0,0.0,0.0,0.0,0.0,0.0,0.0
pessimistic_all,147,159,new_biogas_CCGT,WECC_NMAZ,0.0,0.0,0.0,0.0,0.0,0.0,0.0
pessimistic_all,148,160,new_biogas_CCGT,WECC_PNW,0.0,0.0,0.0,0.0,0.0,0.0,0.0
pessimistic_all,149,161,new_biogas_CCGT,WECC_WYCO,0.0,0.0,0.0,0.0,0.0,0.0,0.0
pessimistic_all,150,162,biomass,WECC_PNW,0.0,28.4,0.0,28.4,0.0,0.0,0.0
pessimistic_all,151,163,biomass,WECC_PNW,0.0,74.43,0.0,74.43,0.0,0.0,0.0
pessimistic_all,152,164,conventional_hydroelectric,WECC_PNW,29850.0,29850.0,0.0,0.0,192901.93082098835,0.7377141828663422,21.390716840978932
pessimistic_all,153,165,geothermal,WECC_PNW,0.0,14.49,0.0,14.49,0.0,0.0,0.0
pessimistic_all,154,166,geothermal,WECC_PNW,0.0,1.17,0.0,1.17,0.0,0.0,0.0
pessimistic_all,155,167,hydroelectric_pumped_storage,WECC_PNW,214.0,214.0,0.0,0.0,446.5776106865945,0.23822046402861055,0.049520578550261526
pessimistic_all,156,168,hydroelectric_pumped_storage,WECC_PNW,100.0,100.0,0.0,0.0,194.74897580764934,0.22231618242882345,0.021595533952627647
pessimistic_all,157,169,nuclear,WECC_PNW,1163.0,1163.0,0.0,0.0,15.160535714285718,0.0014880952380952384,0.001681137794949172
pessimistic_all,158,170,onshore_wind_turbine,WECC_PNW,5254.0,5254.0,0.0,0.0,28700.025326758805,0.6235741528254795,3.1825192857365923
pessimistic_all,159,171,solar_photovoltaic,WECC_PNW,209.9,209.9,0.0,0.0,192.513857596042,0.10469970348787637,0.02134768375969735
nuc_opt_bat_opt,1,1,biomass,CA_N,36.72,36.72,0.0,0.0,136.93537661537945,0.4257051282051121,0.015184637365867615
nuc_opt_bat_opt,2,2,biomass,CA_N,0.0,33.06,0.0,33.06,0.0,0.0,0.0
nuc_opt_bat_opt,3,3,conventional_hydroelectric,CA_N,0.0,6607.44,0.0,6607.44,0.0,0.0,0.0
nuc_opt_bat_opt,4,4,geothermal,CA_N,0.0,542.55,0.0,542.55,0.0,0.0,0.0
nuc_opt_bat_opt,5,5,geothermal,CA_N,0.0,100.32,0.0,100.32,0.0,0.0,0.0
nuc_opt_bat_opt,6,6,hydroelectric_pumped_storage,CA_N,264.24598987500013,615.15,0.0,350.90401012499984,548.3077539924018,0.23687099050953267,0.06080134012888005
nuc_opt_bat_opt,7,7,hydroelectric_pumped_storage,CA_N,505.08075225000016,1175.8,0.0,670.7192477499998,944.2472320895703,0.21341296305337612,0.10470670295285862
nuc_opt_bat_opt,8,8,onshore_wind_turbine,CA_N,1327.6,1327.6,0.0,0.0,1184.7549774869574,0.10187255347712264,0.13137638457793238
nuc_opt_bat_opt,9,9,small_hydroelectric,CA_N,231.4,231.4,0.0,0.0,532.5166690885118,0.2627034317064048,0.059050281317009325
nuc_opt_bat_opt,10,10,small_hydroelectric,CA_N,1.95,1.95,0.0,0.0,3.001473214285735,0.17570970695970817,0.00033283059096048963
nuc_opt_bat_opt,11,11,solar_photovoltaic,CA_N,2787.1,2787.1,0.0,0.0,3449.489297581499,0.1412856794070947,0.3825106804090366
nuc_opt_bat_opt,12,12,biomass,CA_S,0.0,67.2,0.0,67.2,0.0,0.0,0.0
nuc_opt_bat_opt,13,13,biomass,CA_S,0.0,38.1,0.0,38.1,0.0,0.0,0.0
nuc_opt_bat_opt,14,14,conventional_hydroelectric,CA_S,0.0,1396.0,0.0,1396.0,0.0,0.0,0.0
nuc_opt_bat_opt,15,15,geothermal,CA_S,0.0,535.15,0.0,535.15,0.0,0.0,0.0
nuc_opt_bat_opt,16,16,geothermal,CA_S,0.0,73.02,0.0,73.02,0.0,0.0,0.0
nuc_opt_bat_opt,17,17,hydroelectric_pumped_storage,CA_S,1623.0,1623.0,0.0,0.0,2541.6059514476024,0.17876627584126037,0.2818363351645997
nuc_opt_bat_opt,18,18,hydroelectric_pumped_storage,CA_S,42.0,42.0,0.0,0.0,103.85131851832351,0.2822660320676329,0.011515976737678502
nuc_opt_bat_opt,19,19,onshore_wind_turbine,CA_S,4735.6,4735.6,0.0,0.0,7930.089455385438,0.19116085677728314,0.879360291220716
nuc_opt_bat_opt,20,20,small_hydroelectric,CA_S,126.44,126.44,0.0,0.0,418.70959426753205,0.3780283050378652,0.04643031996340939
nuc_opt_bat_opt,21,21,small_hydroelectric,CA_S,7.0,7.0,0.0,0.0,9.866476442307533,0.1609014423076897,0.0010940844547141601
nuc_opt_bat_opt,22,22,solar_photovoltaic,CA_S,9520.0,9520.0,0.0,0.0,14873.085594808508,0.17834462408877857,1.6492627168435587
nuc_opt_bat_opt,23,23,biomass,WECC_N,6.24,6.24,0.0,0.0,20.572997657142867,0.37636469780219795,0.0022813206979376945
nuc_opt_bat_opt,24,24,biomass,WECC_N,0.0,13.8,0.0,13.8,0.0,0.0,0.0
nuc_opt_bat_opt,25,25,conventional_hydroelectric,WECC_N,0.0,4648.1,0.0,4648.1,0.0,0.0,0.0
nuc_opt_bat_opt,26,26,geothermal,WECC_N,0.0,165.24,0.0,165.24,0.0,0.0,0.0
nuc_opt_bat_opt,27,27,geothermal,WECC_N,0.0,215.16,0.0,215.16,0.0,0.0,0.0
nuc_opt_bat_opt,28,28,onshore_wind_turbine,WECC_N,3893.9,3893.9,0.0,0.0,2822.5940030085476,0.08274838267137852,0.3129948405308125
nuc_opt_bat_opt,29,29,solar_photovoltaic,WECC_N,1185.7,1185.7,0.0,0.0,1184.8115583177932,0.11406971493226101,0.13138265877397534
nuc_opt_bat_opt,30,30,biomass,WECC_NMAZ,0.0,3.54,0.0,3.54,0.0,0.0,0.0
nuc_opt_bat_opt,31,31,biomass,WECC_NMAZ,0.0,11.4,0.0,11.4,0.0,0.0,0.0
nuc_opt_bat_opt,32,32,conventional_hydroelectric,WECC_NMAZ,0.0,3960.0,0.0,3960.0,0.0,0.0,0.0
nuc_opt_bat_opt,33,33,geothermal,WECC_NMAZ,0.0,0.68,0.0,0.68,0.0,0.0,0.0
nuc_opt_bat_opt,34,34,geothermal,WECC_NMAZ,0.0,2.66,0.0,2.66,0.0,0.0,0.0
nuc_opt_bat_opt,35,35,hydroelectric_pumped_storage,WECC_NMAZ,119.0,119.0,0.0,0.0,292.5139592515393,0.2806050796703305,0.03243660261850804
nuc_opt_bat_opt,36,36,hydroelectric_pumped_storage,WECC_NMAZ,97.3,97.3,0.0,0.0,242.6567694634735,0.2846921321613631,0.02690798491776999
nuc_opt_bat_opt,37,37,nuclear,WECC_NMAZ,4002.99,4002.99,0.0,0.0,93.73401612984654,0.002673059426031283,0.010394078425591086
nuc_opt_bat_opt,38,38,onshore_wind_turbine,WECC_NMAZ,0.0,1235.1,0.0,1235.1,0.0,0.0,0.0
nuc_opt_bat_opt,39,39,solar_photovoltaic,WECC_NMAZ,6266.4,6266.4,0.0,0.0,5641.79911955515,0.10277687274719265,0.6256138905736545
nuc_opt_bat_opt,40,40,biomass,WECC_WYCO,0.0,4.8,0.0,4.8,0.0,0.0,0.0
nuc_opt_bat_opt,41,41,biomass,WECC_WYCO,0.0,8.04,0.0,8.04,0.0,0.0,0.0
nuc_opt_bat_opt,42,42,conventional_hydroelectric,WECC_WYCO,0.0,961.87,0.0,961.87,0.0,0.0,0.0
nuc_opt_bat_opt,43,43,hydroelectric_pumped_storage,WECC_WYCO,324.0,324.0,0.0,0.0,679.250462511935,0.23932100967921496,0.07532145606764401
nuc_opt_bat_opt,44,44,hydroelectric_pumped_storage,WECC_WYCO,238.5,238.5,0.0,0.0,518.2791565223589,0.24806829045803727,0.057471496705957005
nuc_opt_bat_opt,45,45,onshore_wind_turbine,WECC_WYCO,5751.7,5751.7,0.0,0.0,49355.23264314185,0.9795641249591613,5.472956136814465
nuc_opt_bat_opt,46,46,solar_photovoltaic,WECC_WYCO,593.1,593.1,0.0,0.0,1540.2357339214095,0.2964525324953498,0.17079531714612328
nuc_opt_bat_opt,47,47,naturalgas_ccccsavgcf,CA_N,0.0,0.0,0.0,0.0,0.0,0.0,0.0
nuc_opt_bat_opt,48,48,new_onshore_wind,CA_N,0.0,0.0,0.0,0.0,0.0,0.0,0.0
nuc_opt_bat_opt,49,49,new_floating_offshore_wind,CA_N,0.0,0.0,0.0,0.0,0.0,0.0,0.0
nuc_opt_bat_opt,50,50,new_floating_offshore_wind,CA_N,0.0,0.0,0.0,0.0,0.0,0.0,0.0
nuc_opt_bat_opt,51,51,new_floating_offshore_wind,CA_N,0.0,0.0,0.0,0.0,0.0,0.0,0.0
nuc_opt_bat_opt,52,52,new_floating_offshore_wind,CA_N,0.0,0.0,0.0,0.0,0.0,0.0,0.0
nuc_opt_bat_opt,53,53,new_floating_offshore_wind,CA_N,0.0,0.0,0.0,0.0,0.0,0.0,0.0
nuc_opt_bat_opt,54,54,new_utility_pv,CA_N,0.0,0.0,0.0,0.0,0.0,0.0,0.0
nuc_opt_bat_opt,55,55,new_utility_pv,CA_N,0.0,0.0,0.0,0.0,0.0,0.0,0.0
nuc_opt_bat_opt,56,56,new_utility_pv,CA_N,0.0,0.0,0.0,0.0,0.0,0.0,0.0
nuc_opt_bat_opt,57,57,new_utility_pv,CA_N,13249.24740961717,0.0,13249.24740961717,0.0,106945.94141523616,0.9214440959087504,11.859136610862448
nuc_opt_bat_opt,58,58,battery,CA_N,18539.91937384455,0.0,18539.91937384455,0.0,21188.80584141542,0.13046515486085375,2.349607098400713
nuc_opt_bat_opt,59,59,nuclear,CA_N,0.0,0.0,0.0,0.0,0.0,0.0,0.0
nuc_opt_bat_opt,60,60,naturalgas_ccs100,CA_N,0.0,0.0,0.0,0.0,0.0,0.0,0.0
nuc_opt_bat_opt,61,61,naturalgas_ccccsavgcf,CA_S,0.0,0.0,0.0,0.0,0.0,0.0,0.0
nuc_opt_bat_opt,62,62,new_onshore_wind,CA_S,0.0,0.0,0.0,0.0,0.0,0.0,0.0
nuc_opt_bat_opt,63,63,new_onshore_wind,CA_S,0.0,0.0,0.0,0.0,0.0,0.0,0.0
nuc_opt_bat_opt,64,64,new_onshore_wind,CA_S,0.0,0.0,0.0,0.0,0.0,0.0,0.0
nuc_opt_bat_opt,65,65,new_utility_pv,CA_S,0.0,0.0,0.0,0.0,0.0,0.0,0.0
nuc_opt_bat_opt,66,66,new_utility_pv,CA_S,0.0,0.0,0.0,0.0,0.0,0.0,0.0
nuc_opt_bat_opt,67,67,new_utility_pv,CA_S,0.0,0.0,0.0,0.0,0.0,0.0,0.0
nuc_opt_bat_opt,68,68,new_utility_pv,CA_S,0.0,0.0,0.0,0.0,0.0,0.0,0.0
nuc_opt_bat_opt,69,69,new_utility_pv,CA_S,15689.1135128704,0.0,15689.1135128704,0.0,115776.04001930599,0.8423957742249961,12.838298084849262
nuc_opt_bat_opt,70,70,new_utility_pv,CA_S,0.0,0.0,0.0,0.0,0.0,0.0,0.0
nuc_opt_bat_opt,71,71,new_utility_pv,CA_S,0.0,0.0,0.0,0.0,0.0,0.0,0.0
nuc_opt_bat_opt,72,72,new_utility_pv,CA_S,0.0,0.0,0.0,0.0,0.0,0.0,0.0
nuc_opt_bat_opt,73,73,new_utility_pv,CA_S,0.0,0.0,0.0,0.0,0.0,0.0,0.0
nuc_opt_bat_opt,74,74,new_utility_pv,CA_S,0.0,0.0,0.0,0.0,0.0,0.0,0.0
nuc_opt_bat_opt,75,75,battery,CA_S,0.0,0.0,0.0,0.0,0.0,0.0,0.0
nuc_opt_bat_opt,76,76,nuclear,CA_S,0.0,0.0,0.0,0.0,0.0,0.0,0.0
nuc_opt_bat_opt,77,77,naturalgas_ccs100,CA_S,0.0,0.0,0.0,0.0,0.0,0.0,0.0
nuc_opt_bat_opt,78,78,naturalgas_ccccsavgcf,WECC_N,0.0,0.0,0.0,0.0,0.0,0.0,0.0
nuc_opt_bat_opt,79,79,new_onshore_wind,WECC_N,0.0,0.0,0.0,0.0,0.0,0.0,0.0
nuc_opt_bat_opt,80,80,new_onshore_wind,WECC_N,0.0,0.0,0.0,0.0,0.0,0.0,0.0
nuc_opt_bat_opt,81,81,new_onshore_wind,WECC_N,0.0,0.0,0.0,0.0,0.0,0.0,0.0
nuc_opt_bat_opt,82,82,new_onshore_wind,WECC_N,0.0,0.0,0.0,0.0,0.0,0.0,0.0
nuc_opt_bat_opt,83,83,new_onshore_wind,WECC_N,0.0,0.0,0.0,0.0,0.0,0.0,0.0
nuc_opt_bat_opt,84,84,new_onshore_wind,WECC_N,0.0,0.0,0.0,0.0,0.0,0.0,0.0
nuc_opt_bat_opt,85,85,new_utility_pv,WECC_N,0.0,0.0,0.0,0.0,0.0,0.0,0.0
nuc_opt_bat_opt,86,86,new_utility_pv,WECC_N,16315.943979449215,0.0,16315.943979449215,0.0,126386.94977484152,0.8842720967131477,14.014932061709102
nuc_opt_bat_opt,87,87,new_utility_pv,WECC_N,0.0,0.0,0.0,0.0,0.0,0.0,0.0
nuc_opt_bat_opt,88,88,new_utility_pv,WECC_N,0.0,0.0,0.0,0.0,0.0,0.0,0.0
nuc_opt_bat_opt,89,89,new_utility_pv,WECC_N,0.0,0.0,0.0,0.0,0.0,0.0,0.0
nuc_opt_bat_opt,90,90,new_utility_pv,WECC_N,0.0,0.0,0.0,0.0,0.0,0.0,0.0
nuc_opt_bat_opt,91,91,new_utility_pv,WECC_N,0.0,0.0,0.0,0.0,0.0,0.0,0.0
nuc_opt_bat_opt,92,92,new_utility_pv,WECC_N,0.0,0.0,0.0,0.0,0.0,0.0,0.0
nuc_opt_bat_opt,93,93,battery,WECC_N,0.0,0.0,0.0,0.0,0.0,0.0,0.0
nuc_opt_bat_opt,94,94,nuclear,WECC_N,0.0,0.0,0.0,0.0,0.0,0.0,0.0
nuc_opt_bat_opt,95,95,naturalgas_ccs100,WECC_N,0.0,0.0,0.0,0.0,0.0,0.0,0.0
nuc_opt_bat_opt,96,96,naturalgas_ccccsavgcf,WECC_NMAZ,0.0,0.0,0.0,0.0,0.0,0.0,0.0
nuc_opt_bat_opt,97,97,new_onshore_wind,WECC_NMAZ,0.0,0.0,0.0,0.0,0.0,0.0,0.0
nuc_opt_bat_opt,98,98,new_onshore_wind,WECC_NMAZ,0.0,0.0,0.0,0.0,0.0,0.0,0.0
nuc_opt_bat_opt,99,99,new_onshore_wind,WECC_NMAZ,0.0,0.0,0.0,0.0,0.0,0.0,0.0
nuc_opt_bat_opt,100,100,new_onshore_wind,WECC_NMAZ,0.0,0.0,0.0,0.0,0.0,0.0,0.0
nuc_opt_bat_opt,101,101,new_onshore_wind,WECC_NMAZ,0.0,0.0,0.0,0.0,0.0,0.0,0.0
nuc_opt_bat_opt,102,102,new_onshore_wind,WECC_NMAZ,0.0,0.0,0.0,0.0,0.0,0.0,0.0
nuc_opt_bat_opt,103,103,new_onshore_wind,WECC_NMAZ,0.0,0.0,0.0,0.0,0.0,0.0,0.0
nuc_opt_bat_opt,104,104,new_utility_pv,WECC_NMAZ,38058.8985593952,0.0,38058.8985593952,0.0,225878.90982615916,0.677509456521567,25.047503567624624
nuc_opt_bat_opt,105,105,new_utility_pv,WECC_NMAZ,0.0,0.0,0.0,0.0,0.0,0.0,0.0
nuc_opt_bat_opt,106,106,new_utility_pv,WECC_NMAZ,0.0,0.0,0.0,0.0,0.0,0.0,0.0
nuc_opt_bat_opt,107,107,new_utility_pv,WECC_NMAZ,0.0,0.0,0.0,0.0,0.0,0.0,0.0
nuc_opt_bat_opt,108,108,new_utility_pv,WECC_NMAZ,0.0,0.0,0.0,0.0,0.0,0.0,0.0
nuc_opt_bat_opt,109,109,new_utility_pv,WECC_NMAZ,0.0,0.0,0.0,0.0,0.0,0.0,0.0
nuc_opt_bat_opt,110,110,new_utility_pv,WECC_NMAZ,0.0,0.0,0.0,0.0,0.0,0.0,0.0
nuc_opt_bat_opt,111,111,new_utility_pv,WECC_NMAZ,0.0,0.0,0.0,0.0,0.0,0.0,0.0
nuc_opt_bat_opt,112,112,new_utility_pv,WECC_NMAZ,0.0,0.0,0.0,0.0,0.0,0.0,0.0
nuc_opt_bat_opt,113,113,new_utility_pv,WECC_NMAZ,0.0,0.0,0.0,0.0,0.0,0.0,0.0
nuc_opt_bat_opt,114,114,new_utility_pv,WECC_NMAZ,0.0,0.0,0.0,0.0,0.0,0.0,0.0
nuc_opt_bat_opt,115,115,new_utility_pv,WECC_NMAZ,0.0,0.0,0.0,0.0,0.0,0.0,0.0
nuc_opt_bat_opt,116,116,battery,WECC_NMAZ,0.0,0.0,0.0,0.0,0.0,0.0,0.0
nuc_opt_bat_opt,117,117,nuclear,WECC_NMAZ,0.0,0.0,0.0,0.0,0.0,0.0,0.0
nuc_opt_bat_opt,118,118,naturalgas_ccs100,WECC_NMAZ,0.0,0.0,0.0,0.0,0.0,0.0,0.0
nuc_opt_bat_opt,119,119,naturalgas_ccccsavgcf,WECC_PNW,0.0,0.0,0.0,0.0,0.0,0.0,0.0
nuc_opt_bat_opt,120,120,new_onshore_wind,WECC_PNW,0.0,0.0,0.0,0.0,0.0,0.0,0.0
nuc_opt_bat_opt,121,121,new_floating_offshore_wind,WECC_PNW,0.0,0.0,0.0,0.0,0.0,0.0,0.0
nuc_opt_bat_opt,122,122,new_floating_offshore_wind,WECC_PNW,0.0,0.0,0.0,0.0,0.0,0.0,0.0
nuc_opt_bat_opt,123,123,new_floating_offshore_wind,WECC_PNW,0.0,0.0,0.0,0.0,0.0,0.0,0.0
nuc_opt_bat_opt,124,124,new_utility_pv,WECC_PNW,0.0,0.0,0.0,0.0,0.0,0.0,0.0
nuc_opt_bat_opt,125,125,battery,WECC_PNW,0.0,0.0,0.0,0.0,0.0,0.0,0.0
nuc_opt_bat_opt,126,126,nuclear,WECC_PNW,0.0,0.0,0.0,0.0,0.0,0.0,0.0
nuc_opt_bat_opt,127,127,naturalgas_ccs100,WECC_PNW,0.0,0.0,0.0,0.0,0.0,0.0,0.0
nuc_opt_bat_opt,128,128,naturalgas_ccccsavgcf,WECC_WYCO,0.0,0.0,0.0,0.0,0.0,0.0,0.0
nuc_opt_bat_opt,129,129,new_onshore_wind,WECC_WYCO,0.0,0.0,0.0,0.0,0.0,0.0,0.0
nuc_opt_bat_opt,130,130,new_onshore_wind,WECC_WYCO,0.0,0.0,0.0,0.0,0.0,0.0,0.0
nuc_opt_bat_opt,131,131,new_onshore_wind,WECC_WYCO,0.0,0.0,0.0,0.0,0.0,0.0,0.0
nuc_opt_bat_opt,132,132,new_onshore_wind,WECC_WYCO,0.0,0.0,0.0,0.0,0.0,0.0,0.0
nuc_opt_bat_opt,133,133,new_onshore_wind,WECC_WYCO,0.0,0.0,0.0,0.0,0.0,0.0,0.0
nuc_opt_bat_opt,134,134,new_onshore_wind,WECC_WYCO,0.0,0.0,0.0,0.0,0.0,0.0,0.0
nuc_opt_bat_opt,135,135,new_onshore_wind,WECC_WYCO,0.0,0.0,0.0,0.0,0.0,0.0,0.0
nuc_opt_bat_opt,136,136,new_utility_pv,WECC_WYCO,0.0,0.0,0.0,0.0,0.0,0.0,0.0
nuc_opt_bat_opt,137,137,new_utility_pv,WECC_WYCO,4682.887458067331,0.0,4682.887458067331,0.0,14817.897213498196,0.36121747382216857,1.6431429282416687
nuc_opt_bat_opt,138,138,new_utility_pv,WECC_WYCO,0.0,0.0,0.0,0.0,0.0,0.0,0.0
nuc_opt_bat_opt,139,139,new_utility_pv,WECC_WYCO,0.0,0.0,0.0,0.0,0.0,0.0,0.0
nuc_opt_bat_opt,140,140,new_utility_pv,WECC_WYCO,0.0,0.0,0.0,0.0,0.0,0.0,0.0
nuc_opt_bat_opt,141,141,battery,WECC_WYCO,583.7743741920902,0.0,583.7743741920902,0.0,445.4906797346404,0.08711430764104593,0.04940004978147216
nuc_opt_bat_opt,142,142,nuclear,WECC_WYCO,0.0,0.0,0.0,0.0,0.0,0.0,0.0
nuc_opt_bat_opt,143,143,naturalgas_ccs100,WECC_WYCO,0.0,0.0,0.0,0.0,0.0,0.0,0.0
nuc_opt_bat_opt,144,156,new_biogas_CCGT,CA_N,0.0,0.0,0.0,0.0,0.0,0.0,0.0
nuc_opt_bat_opt,145,157,new_biogas_CCGT,CA_S,0.0,0.0,0.0,0.0,0.0,0.0,0.0
nuc_opt_bat_opt,146,158,new_biogas_CCGT,WECC_N,0.0,0.0,0.0,0.0,0.0,0.0,0.0
nuc_opt_bat_opt,147,159,new_biogas_CCGT,WECC_NMAZ,0.0,0.0,0.0,0.0,0.0,0.0,0.0
nuc_opt_bat_opt,148,160,new_biogas_CCGT,WECC_PNW,0.0,0.0,0.0,0.0,0.0,0.0,0.0
nuc_opt_bat_opt,149,161,new_biogas_CCGT,WECC_WYCO,0.0,0.0,0.0,0.0,0.0,0.0,0.0
nuc_opt_bat_opt,150,162,biomass,WECC_PNW,0.0,28.4,0.0,28.4,0.0,0.0,0.0
nuc_opt_bat_opt,151,163,biomass,WECC_PNW,0.0,74.43,0.0,74.43,0.0,0.0,0.0
nuc_opt_bat_opt,152,164,conventional_hydroelectric,WECC_PNW,27722.120174413274,29850.0,0.0,2127.879825586726,196267.80014965156,0.8081993684509992,21.763954980310903
nuc_opt_bat_opt,153,165,geothermal,WECC_PNW,0.0,14.49,0.0,14.49,0.0,0.0,0.0
nuc_opt_bat_opt,154,166,geothermal,WECC_PNW,0.0,1.17,0.0,1.17,0.0,0.0,0.0
nuc_opt_bat_opt,155,167,hydroelectric_pumped_storage,WECC_PNW,0.0,214.0,0.0,214.0,0.0,0.0,0.0
nuc_opt_bat_opt,156,168,hydroelectric_pumped_storage,WECC_PNW,0.0,100.0,0.0,100.0,0.0,0.0,0.0
nuc_opt_bat_opt,157,169,nuclear,WECC_PNW,1163.0,1163.0,0.0,0.0,26.23938873626375,0.002575549450549452,0.0029096615681812594
nuc_opt_bat_opt,158,170,onshore_wind_turbine,WECC_PNW,5254.0,5254.0,0.0,0.0,32213.984485907156,0.6999230089948245,3.57217896951581
nuc_opt_bat_opt,159,171,solar_photovoltaic,WECC_PNW,209.9,209.9,0.0,0.0,174.3315513977165,0.0948111578451777,0.019331464628302118
geo_pessimistic,1,1,biomass,CA_N,36.72,36.72,0.0,0.0,135.9138181450502,0.4225293040292892,0.01507135769115251
geo_pessimistic,2,2,biomass,CA_N,0.0,33.06,0.0,33.06,0.0,0.0,0.0
geo_pessimistic,3,3,conventional_hydroelectric,CA_N,0.0,6607.44,0.0,6607.44,0.0,0.0,0.0
geo_pessimistic,4,4,geothermal,CA_N,542.55,542.55,0.0,0.0,4584.607636101102,0.9646245250845095,0.5083829039629204
geo_pessimistic,5,5,geothermal,CA_N,100.32,100.32,0.0,0.0,686.7456818212395,0.781455599867228,0.07615259401024528
geo_pessimistic,6,6,hydroelectric_pumped_storage,CA_N,615.15,615.15,0.0,0.0,1005.592198945222,0.18661079414220572,0.1115091896363445
geo_pessimistic,7,7,hydroelectric_pumped_storage,CA_N,1175.8,1175.8,0.0,0.0,1751.528504839434,0.17005117907087391,0.19422537724981162
geo_pessimistic,8,8,onshore_wind_turbine,CA_N,1327.6,1327.6,0.0,0.0,761.7061075279044,0.06549619765057421,0.0844648863431743
geo_pessimistic,9,9,small_hydroelectric,CA_N,231.4,231.4,0.0,0.0,1470.215935246923,0.7252932987053803,0.16303088637897759
geo_pessimistic,10,10,small_hydroelectric,CA_N,1.95,1.95,0.0,0.0,10.807258928571374,0.6326694139194107,0.001198406955204302
geo_pessimistic,11,11,solar_photovoltaic,CA_N,2787.1,2787.1,0.0,0.0,348.02145276925427,0.01425441367138681,0.03859177727817364
geo_pessimistic,12,12,biomass,CA_S,0.0,67.2,0.0,67.2,0.0,0.0,0.0
geo_pessimistic,13,13,biomass,CA_S,0.0,38.1,0.0,38.1,0.0,0.0,0.0
geo_pessimistic,14,14,conventional_hydroelectric,CA_S,0.0,1396.0,0.0,1396.0,0.0,0.0,0.0
geo_pessimistic,15,15,geothermal,CA_S,0.0,535.15,0.0,535.15,0.0,0.0,0.0
geo_pessimistic,16,16,geothermal,CA_S,0.0,73.02,0.0,73.02,0.0,0.0,0.0
geo_pessimistic,17,17,hydroelectric_pumped_storage,CA_S,1623.0,1623.0,0.0,0.0,2351.4710999844274,0.16539295993273262,0.2607524571964491
geo_pessimistic,18,18,hydroelectric_pumped_storage,CA_S,42.0,42.0,0.0,0.0,138.4188583047785,0.37621998886926095,0.015349139279465152
geo_pessimistic,19,19,onshore_wind_turbine,CA_S,4735.6,4735.6,0.0,0.0,3485.8738698672905,0.0840296492656635,0.38654533200548813
geo_pessimistic,20,20,small_hydroelectric,CA_S,126.44,126.44,0.0,0.0,728.7920690892336,0.6579835627716952,0.0808150790377821
geo_pessimistic,21,21,small_hydroelectric,CA_S,7.0,7.0,0.0,0.0,39.397362980768406,0.6424879807692173,0.0043687371723870275
geo_pessimistic,22,22,solar_photovoltaic,CA_S,9520.0,9520.0,0.0,0.0,4110.408840620812,0.0492883144428074,0.45579943775663756
geo_pessimistic,23,23,biomass,WECC_N,6.24,6.24,0.0,0.0,20.471156400000012,0.37450160256410275,0.0022700276150483703
geo_pessimistic,24,24,biomass,WECC_N,0.0,13.8,0.0,13.8,0.0,0.0,0.0
geo_pessimistic,25,25,conventional_hydroelectric,WECC_N,0.0,4648.1,0.0,4648.1,0.0,0.0,0.0
geo_pessimistic,26,26,geothermal,WECC_N,0.0,165.24,0.0,165.24,0.0,0.0,0.0
geo_pessimistic,27,27,geothermal,WECC_N,0.0,215.16,0.0,215.16,0.0,0.0,0.0
geo_pessimistic,28,28,onshore_wind_turbine,WECC_N,3893.9,3893.9,0.0,0.0,2565.695074474239,0.07521702292797736,0.28450755575538
geo_pessimistic,29,29,solar_photovoltaic,WECC_N,1185.7,1185.7,0.0,0.0,240.1478793226377,0.023120638842191912,0.02662977640861025
geo_pessimistic,30,30,biomass,WECC_NMAZ,0.0,3.54,0.0,3.54,0.0,0.0,0.0
geo_pessimistic,31,31,biomass,WECC_NMAZ,0.0,11.4,0.0,11.4,0.0,0.0,0.0
geo_pessimistic,32,32,conventional_hydroelectric,WECC_NMAZ,0.0,3960.0,0.0,3960.0,0.0,0.0,0.0
geo_pessimistic,33,33,geothermal,WECC_NMAZ,0.0,0.68,0.0,0.68,0.0,0.0,0.0
geo_pessimistic,34,34,geothermal,WECC_NMAZ,0.0,2.66,0.0,2.66,0.0,0.0,0.0
geo_pessimistic,35,35,hydroelectric_pumped_storage,WECC_NMAZ,119.0,119.0,0.0,0.0,449.8843245400638,0.4315685550631823,0.049887256993617
geo_pessimistic,36,36,hydroelectric_pumped_storage,WECC_NMAZ,97.3,97.3,0.0,0.0,343.38508385603694,0.402869583616125,0.0380776546140258
geo_pessimistic,37,37,nuclear,WECC_NMAZ,4002.99,4002.99,0.0,0.0,46.08192436325413,0.0013141410917272597,0.005109982006642141
geo_pessimistic,38,38,onshore_wind_turbine,WECC_NMAZ,0.0,1235.1,0.0,1235.1,0.0,0.0,0.0
geo_pessimistic,39,39,solar_photovoltaic,WECC_NMAZ,6266.4,6266.4,0.0,0.0,1087.2586332375492,0.019806632569426396,0.12056510506406874
geo_pessimistic,40,40,biomass,WECC_WYCO,0.0,4.8,0.0,4.8,0.0,0.0,0.0
geo_pessimistic,41,41,biomass,WECC_WYCO,0.0,8.04,0.0,8.04,0.0,0.0,0.0
geo_pessimistic,42,42,conventional_hydroelectric,WECC_WYCO,0.0,961.87,0.0,961.87,0.0,0.0,0.0
geo_pessimistic,43,43,hydroelectric_pumped_storage,WECC_WYCO,324.0,324.0,0.0,0.0,809.7377021468704,0.28529571218320876,0.08979106548271043
geo_pessimistic,44,44,hydroelectric_pumped_storage,WECC_WYCO,238.5,238.5,0.0,0.0,780.8510028467072,0.37374525087672533,0.08658784609257529
geo_pessimistic,45,45,onshore_wind_turbine,WECC_WYCO,5751.7,5751.7,0.0,0.0,34075.336753712174,0.6763006806427645,3.778582602348702
geo_pessimistic,46,46,solar_photovoltaic,WECC_WYCO,593.1,593.1,0.0,0.0,1129.020827743188,0.2173051022341378,0.12519607621882095
geo_pessimistic,47,47,naturalgas_ccccsavgcf,CA_N,0.0,0.0,0.0,0.0,0.0,0.0,0.0
geo_pessimistic,48,48,new_onshore_wind,CA_N,0.0,0.0,0.0,0.0,0.0,0.0,0.0
geo_pessimistic,49,49,new_floating_offshore_wind,CA_N,0.0,0.0,0.0,0.0,0.0,0.0,0.0
geo_pessimistic,50,50,new_floating_offshore_wind,CA_N,0.0,0.0,0.0,0.0,0.0,0.0,0.0
geo_pessimistic,51,51,new_floating_offshore_wind,CA_N,0.0,0.0,0.0,0.0,0.0,0.0,0.0
geo_pessimistic,52,52,new_floating_offshore_wind,CA_N,0.0,0.0,0.0,0.0,0.0,0.0,0.0
geo_pessimistic,53,53,new_floating_offshore_wind,CA_N,0.0,0.0,0.0,0.0,0.0,0.0,0.0
geo_pessimistic,54,54,new_utility_pv,CA_N,0.0,0.0,0.0,0.0,0.0,0.0,0.0
geo_pessimistic,55,55,new_utility_pv,CA_N,0.0,0.0,0.0,0.0,0.0,0.0,0.0
geo_pessimistic,56,56,new_utility_pv,CA_N,0.0,0.0,0.0,0.0,0.0,0.0,0.0
geo_pessimistic,57,57,new_utility_pv,CA_N,14398.82401,0.0,14398.82401,0.0,110402.14916049525,0.8752787766022203,12.242392293725688
geo_pessimistic,58,58,battery,CA_N,2558.725544191895,0.0,2558.725544191895,0.0,4114.132097444676,0.18354832306238825,0.4562123062650374
geo_pessimistic,59,59,nuclear,CA_N,0.0,0.0,0.0,0.0,0.0,0.0,0.0
geo_pessimistic,60,60,naturalgas_ccs100,CA_N,0.0,0.0,0.0,0.0,0.0,0.0,0.0
geo_pessimistic,61,61,naturalgas_ccccsavgcf,CA_S,0.0,0.0,0.0,0.0,0.0,0.0,0.0
geo_pessimistic,62,62,new_onshore_wind,CA_S,0.0,0.0,0.0,0.0,0.0,0.0,0.0
geo_pessimistic,63,63,new_onshore_wind,CA_S,0.0,0.0,0.0,0.0,0.0,0.0,0.0
geo_pessimistic,64,64,new_onshore_wind,CA_S,0.0,0.0,0.0,0.0,0.0,0.0,0.0
geo_pessimistic,65,65,new_utility_pv,CA_S,0.0,0.0,0.0,0.0,0.0,0.0,0.0
geo_pessimistic,66,66,new_utility_pv,CA_S,0.0,0.0,0.0,0.0,0.0,0.0,0.0
geo_pessimistic,67,67,new_utility_pv,CA_S,0.0,0.0,0.0,0.0,0.0,0.0,0.0
geo_pessimistic,68,68,new_utility_pv,CA_S,0.0,0.0,0.0,0.0,0.0,0.0,0.0
geo_pessimistic,69,69,new_utility_pv,CA_S,20451.59,0.0,20451.59,0.0,144237.901727776,0.8050970069253707,15.99440762704956
geo_pessimistic,70,70,new_utility_pv,CA_S,1459.8676713572,0.0,1459.8676713572,0.0,1584.3303937224828,0.1238876903263735,0.17568493322196935
geo_pessimistic,71,71,new_utility_pv,CA_S,0.0,0.0,0.0,0.0,0.0,0.0,0.0
geo_pessimistic,72,72,new_utility_pv,CA_S,0.0,0.0,0.0,0.0,0.0,0.0,0.0
geo_pessimistic,73,73,new_utility_pv,CA_S,0.0,0.0,0.0,0.0,0.0,0.0,0.0
geo_pessimistic,74,74,new_utility_pv,CA_S,0.0,0.0,0.0,0.0,0.0,0.0,0.0
geo_pessimistic,75,75,battery,CA_S,0.0,0.0,0.0,0.0,0.0,0.0,0.0
geo_pessimistic,76,76,nuclear,CA_S,0.0,0.0,0.0,0.0,0.0,0.0,0.0
geo_pessimistic,77,77,naturalgas_ccs100,CA_S,0.0,0.0,0.0,0.0,0.0,0.0,0.0
geo_pessimistic,78,78,naturalgas_ccccsavgcf,WECC_N,0.0,0.0,0.0,0.0,0.0,0.0,0.0
geo_pessimistic,79,79,new_onshore_wind,WECC_N,0.0,0.0,0.0,0.0,0.0,0.0,0.0
geo_pessimistic,80,80,new_onshore_wind,WECC_N,0.0,0.0,0.0,0.0,0.0,0.0,0.0
geo_pessimistic,81,81,new_onshore_wind,WECC_N,0.0,0.0,0.0,0.0,0.0,0.0,0.0
geo_pessimistic,82,82,new_onshore_wind,WECC_N,0.0,0.0,0.0,0.0,0.0,0.0,0.0
geo_pessimistic,83,83,new_onshore_wind,WECC_N,0.0,0.0,0.0,0.0,0.0,0.0,0.0
geo_pessimistic,84,84,new_onshore_wind,WECC_N,0.0,0.0,0.0,0.0,0.0,0.0,0.0
geo_pessimistic,85,85,new_utility_pv,WECC_N,0.0,0.0,0.0,0.0,0.0,0.0,0.0
geo_pessimistic,86,86,new_utility_pv,WECC_N,18238.2103580561,0.0,18238.2103580561,0.0,128457.52534588096,0.8040317980214559,14.244536273286718
geo_pessimistic,87,87,new_utility_pv,WECC_N,0.0,0.0,0.0,0.0,0.0,0.0,0.0
geo_pessimistic,88,88,new_utility_pv,WECC_N,0.0,0.0,0.0,0.0,0.0,0.0,0.0
geo_pessimistic,89,89,new_utility_pv,WECC_N,0.0,0.0,0.0,0.0,0.0,0.0,0.0
geo_pessimistic,90,90,new_utility_pv,WECC_N,0.0,0.0,0.0,0.0,0.0,0.0,0.0
geo_pessimistic,91,91,new_utility_pv,WECC_N,0.0,0.0,0.0,0.0,0.0,0.0,0.0
geo_pessimistic,92,92,new_utility_pv,WECC_N,0.0,0.0,0.0,0.0,0.0,0.0,0.0
geo_pessimistic,93,93,battery,WECC_N,0.0,0.0,0.0,0.0,0.0,0.0,0.0
geo_pessimistic,94,94,nuclear,WECC_N,0.0,0.0,0.0,0.0,0.0,0.0,0.0
geo_pessimistic,95,95,naturalgas_ccs100,WECC_N,0.0,0.0,0.0,0.0,0.0,0.0,0.0
geo_pessimistic,96,96,naturalgas_ccccsavgcf,WECC_NMAZ,0.0,0.0,0.0,0.0,0.0,0.0,0.0
geo_pessimistic,97,97,new_onshore_wind,WECC_NMAZ,0.0,0.0,0.0,0.0,0.0,0.0,0.0
geo_pessimistic,98,98,new_onshore_wind,WECC_NMAZ,0.0,0.0,0.0,0.0,0.0,0.0,0.0
geo_pessimistic,99,99,new_onshore_wind,WECC_NMAZ,0.0,0.0,0.0,0.0,0.0,0.0,0.0
geo_pessimistic,100,100,new_onshore_wind,WECC_NMAZ,0.0,0.0,0.0,0.0,0.0,0.0,0.0
geo_pessimistic,101,101,new_onshore_wind,WECC_NMAZ,0.0,0.0,0.0,0.0,0.0,0.0,0.0
geo_pessimistic,102,102,new_onshore_wind,WECC_NMAZ,0.0,0.0,0.0,0.0,0.0,0.0,0.0
geo_pessimistic,103,103,new_onshore_wind,WECC_NMAZ,0.0,0.0,0.0,0.0,0.0,0.0,0.0
geo_pessimistic,104,104,new_utility_pv,WECC_NMAZ,40626.1053575032,0.0,40626.1053575032,0.0,213545.41794664378,0.6000410475311458,23.679854050938076
geo_pessimistic,105,105,new_utility_pv,WECC_NMAZ,0.0,0.0,0.0,0.0,0.0,0.0,0.0
geo_pessimistic,106,106,new_utility_pv,WECC_NMAZ,0.0,0.0,0.0,0.0,0.0,0.0,0.0
geo_pessimistic,107,107,new_utility_pv,WECC_NMAZ,0.0,0.0,0.0,0.0,0.0,0.0,0.0
geo_pessimistic,108,108,new_utility_pv,WECC_NMAZ,0.0,0.0,0.0,0.0,0.0,0.0,0.0
geo_pessimistic,109,109,new_utility_pv,WECC_NMAZ,0.0,0.0,0.0,0.0,0.0,0.0,0.0
geo_pessimistic,110,110,new_utility_pv,WECC_NMAZ,0.0,0.0,0.0,0.0,0.0,0.0,0.0
geo_pessimistic,111,111,new_utility_pv,WECC_NMAZ,0.0,0.0,0.0,0.0,0.0,0.0,0.0
geo_pessimistic,112,112,new_utility_pv,WECC_NMAZ,0.0,0.0,0.0,0.0,0.0,0.0,0.0
geo_pessimistic,113,113,new_utility_pv,WECC_NMAZ,0.0,0.0,0.0,0.0,0.0,0.0,0.0
geo_pessimistic,114,114,new_utility_pv,WECC_NMAZ,0.0,0.0,0.0,0.0,0.0,0.0,0.0
geo_pessimistic,115,115,new_utility_pv,WECC_NMAZ,0.0,0.0,0.0,0.0,0.0,0.0,0.0
geo_pessimistic,116,116,battery,WECC_NMAZ,0.0,0.0,0.0,0.0,0.0,0.0,0.0
geo_pessimistic,117,117,nuclear,WECC_NMAZ,0.0,0.0,0.0,0.0,0.0,0.0,0.0
geo_pessimistic,118,118,naturalgas_ccs100,WECC_NMAZ,0.0,0.0,0.0,0.0,0.0,0.0,0.0
geo_pessimistic,119,119,naturalgas_ccccsavgcf,WECC_PNW,0.0,0.0,0.0,0.0,0.0,0.0,0.0
geo_pessimistic,120,120,new_onshore_wind,WECC_PNW,0.0,0.0,0.0,0.0,0.0,0.0,0.0
geo_pessimistic,121,121,new_floating_offshore_wind,WECC_PNW,0.0,0.0,0.0,0.0,0.0,0.0,0.0
geo_pessimistic,122,122,new_floating_offshore_wind,WECC_PNW,0.0,0.0,0.0,0.0,0.0,0.0,0.0
geo_pessimistic,123,123,new_floating_offshore_wind,WECC_PNW,0.0,0.0,0.0,0.0,0.0,0.0,0.0
geo_pessimistic,124,124,new_utility_pv,WECC_PNW,0.0,0.0,0.0,0.0,0.0,0.0,0.0
geo_pessimistic,125,125,battery,WECC_PNW,0.0,0.0,0.0,0.0,0.0,0.0,0.0
geo_pessimistic,126,126,nuclear,WECC_PNW,0.0,0.0,0.0,0.0,0.0,0.0,0.0
geo_pessimistic,127,127,naturalgas_ccs100,WECC_PNW,0.0,0.0,0.0,0.0,0.0,0.0,0.0
geo_pessimistic,128,128,naturalgas_ccccsavgcf,WECC_WYCO,0.0,0.0,0.0,0.0,0.0,0.0,0.0
geo_pessimistic,129,129,new_onshore_wind,WECC_WYCO,0.0,0.0,0.0,0.0,0.0,0.0,0.0
geo_pessimistic,130,130,new_onshore_wind,WECC_WYCO,0.0,0.0,0.0,0.0,0.0,0.0,0.0
geo_pessimistic,131,131,new_onshore_wind,WECC_WYCO,0.0,0.0,0.0,0.0,0.0,0.0,0.0
geo_pessimistic,132,132,new_onshore_wind,WECC_WYCO,0.0,0.0,0.0,0.0,0.0,0.0,0.0
geo_pessimistic,133,133,new_onshore_wind,WECC_WYCO,0.0,0.0,0.0,0.0,0.0,0.0,0.0
geo_pessimistic,134,134,new_onshore_wind,WECC_WYCO,0.0,0.0,0.0,0.0,0.0,0.0,0.0
geo_pessimistic,135,135,new_onshore_wind,WECC_WYCO,0.0,0.0,0.0,0.0,0.0,0.0,0.0
geo_pessimistic,136,136,new_utility_pv,WECC_WYCO,0.0,0.0,0.0,0.0,0.0,0.0,0.0
geo_pessimistic,137,137,new_utility_pv,WECC_WYCO,4776.7,0.0,4776.7,0.0,33014.16194665976,0.7889840157951789,3.66090990866528
geo_pessimistic,138,138,new_utility_pv,WECC_WYCO,0.0,0.0,0.0,0.0,0.0,0.0,0.0
geo_pessimistic,139,139,new_utility_pv,WECC_WYCO,0.0,0.0,0.0,0.0,0.0,0.0,0.0
geo_pessimistic,140,140,new_utility_pv,WECC_WYCO,0.0,0.0,0.0,0.0,0.0,0.0,0.0
geo_pessimistic,141,141,battery,WECC_WYCO,0.0,0.0,0.0,0.0,0.0,0.0,0.0
geo_pessimistic,142,142,nuclear,WECC_WYCO,0.0,0.0,0.0,0.0,0.0,0.0,0.0
geo_pessimistic,143,143,naturalgas_ccs100,WECC_WYCO,0.0,0.0,0.0,0.0,0.0,0.0,0.0
geo_pessimistic,144,156,new_biogas_CCGT,CA_N,0.0,0.0,0.0,0.0,0.0,0.0,0.0
geo_pessimistic,145,157,new_biogas_CCGT,CA_S,0.0,0.0,0.0,0.0,0.0,0.0,0.0
geo_pessimistic,146,158,new_biogas_CCGT,WECC_N,0.0,0.0,0.0,0.0,0.0,0.0,0.0
geo_pessimistic,147,159,new_biogas_CCGT,WECC_NMAZ,0.0,0.0,0.0,0.0,0.0,0.0,0.0
geo_pessimistic,148,160,new_biogas_CCGT,WECC_PNW,0.0,0.0,0.0,0.0,0.0,0.0,0.0
geo_pessimistic,149,161,new_biogas_CCGT,WECC_WYCO,0.0,0.0,0.0,0.0,0.0,0.0,0.0
geo_pessimistic,150,162,biomass,WECC_PNW,0.0,28.4,0.0,28.4,0.0,0.0,0.0
geo_pessimistic,151,163,biomass,WECC_PNW,0.0,74.43,0.0,74.43,0.0,0.0,0.0
geo_pessimistic,152,164,conventional_hydroelectric,WECC_PNW,29850.0,29850.0,0.0,0.0,198396.7743327291,0.7587280937898362,22.000034960009124
geo_pessimistic,153,165,geothermal,WECC_PNW,0.0,14.49,0.0,14.49,0.0,0.0,0.0
geo_pessimistic,154,166,geothermal,WECC_PNW,0.0,1.17,0.0,1.17,0.0,0.0,0.0
geo_pessimistic,155,167,hydroelectric_pumped_storage,WECC_PNW,214.0,214.0,0.0,0.0,685.3348432309567,0.36558210815460923,0.07599614742277659
geo_pessimistic,156,168,hydroelectric_pumped_storage,WECC_PNW,100.0,100.0,0.0,0.0,344.83848375910884,0.39365123716793243,0.0382388207861372
geo_pessimistic,157,169,nuclear,WECC_PNW,1163.0,1163.0,0.0,0.0,13.15763193325363,0.0012914985191476176,0.0014590376456274836
geo_pessimistic,158,170,onshore_wind_turbine,WECC_PNW,5254.0,5254.0,0.0,0.0,18833.142347596608,0.40919339445650904,2.0883897505263147
geo_pessimistic,159,171,solar_photovoltaic,WECC_PNW,209.9,209.9,0.0,0.0,1425.3250760791066,0.7751707575901041,0.15805298049115044
bat_pessimistic,1,1,biomass,CA_N,36.72,36.72,0.0,0.0,135.97766554944576,0.42272779304027813,0.015078437670822207
bat_pessimistic,2,2,biomass,CA_N,0.0,33.06,0.0,33.06,0.0,0.0,0.0
bat_pessimistic,3,3,conventional_hydroelectric,CA_N,0.0,6607.44,0.0,6607.44,0.0,0.0,0.0
bat_pessimistic,4,4,geothermal,CA_N,0.0,542.55,0.0,542.55,0.0,0.0,0.0
bat_pessimistic,5,5,geothermal,CA_N,0.0,100.32,0.0,100.32,0.0,0.0,0.0
bat_pessimistic,6,6,hydroelectric_pumped_storage,CA_N,615.15,615.15,0.0,0.0,1290.133138313098,0.23941391922323177,0.1430616714481137
bat_pessimistic,7,7,hydroelectric_pumped_storage,CA_N,1175.8,1175.8,0.0,0.0,2287.388808948207,0.22207641090649707,0.2536464311642418
bat_pessimistic,8,8,onshore_wind_turbine,CA_N,1327.6,1327.6,0.0,0.0,1632.1760864888765,0.14034458501082708,0.1809904978768725
bat_pessimistic,9,9,small_hydroelectric,CA_N,231.4,231.4,0.0,0.0,1296.4732257882736,0.6395817920836607,0.14376471788912815
bat_pessimistic,10,10,small_hydroelectric,CA_N,1.95,1.95,0.0,0.0,12.527973214285785,0.7334020146520188,0.001389215372171892
bat_pessimistic,11,11,solar_photovoltaic,CA_N,2787.1,2787.1,0.0,0.0,4479.927109699388,0.18349079842975966,0.49677497712935426
bat_pessimistic,12,12,biomass,CA_S,0.0,67.2,0.0,67.2,0.0,0.0,0.0
bat_pessimistic,13,13,biomass,CA_S,0.0,38.1,0.0,38.1,0.0,0.0,0.0
bat_pessimistic,14,14,conventional_hydroelectric,CA_S,0.0,1396.0,0.0,1396.0,0.0,0.0,0.0
bat_pessimistic,15,15,geothermal,CA_S,0.0,535.15,0.0,535.15,0.0,0.0,0.0
bat_pessimistic,16,16,geothermal,CA_S,0.0,73.02,0.0,73.02,0.0,0.0,0.0
bat_pessimistic,17,17,hydroelectric_pumped_storage,CA_S,1623.0,1623.0,0.0,0.0,2973.9347257317786,0.20917453203604144,0.32977687341407025
bat_pessimistic,18,18,hydroelectric_pumped_storage,CA_S,42.0,42.0,0.0,0.0,100.60978876916123,0.27345561200576546,0.011156526499410615
bat_pessimistic,19,19,onshore_wind_turbine,CA_S,4735.6,4735.6,0.0,0.0,11197.701394817528,0.2699291356815415,1.2417027594641123
bat_pessimistic,20,20,small_hydroelectric,CA_S,126.44,126.44,0.0,0.0,790.9665062136268,0.7141172110200326,0.08770954491282476
bat_pessimistic,21,21,small_hydroelectric,CA_S,7.0,7.0,0.0,0.0,34.959770192307225,0.5701201923076846,0.003876656609017077
bat_pessimistic,22,22,solar_photovoltaic,CA_S,9520.0,9520.0,0.0,0.0,12739.91584018651,0.15276557691793424,1.4127174940940572
bat_pessimistic,23,23,biomass,WECC_N,6.24,6.24,0.0,0.0,20.482907314285722,0.37471657509157524,0.002271330663074061
bat_pessimistic,24,24,biomass,WECC_N,0.0,13.8,0.0,13.8,0.0,0.0,0.0
bat_pessimistic,25,25,conventional_hydroelectric,WECC_N,0.0,4648.1,0.0,4648.1,0.0,0.0,0.0
bat_pessimistic,26,26,geothermal,WECC_N,0.0,165.24,0.0,165.24,0.0,0.0,0.0
bat_pessimistic,27,27,geothermal,WECC_N,0.0,215.16,0.0,215.16,0.0,0.0,0.0
bat_pessimistic,28,28,onshore_wind_turbine,WECC_N,3893.9,3893.9,0.0,0.0,6494.5213682541225,0.19039618835543506,0.720171472699929
bat_pessimistic,29,29,solar_photovoltaic,WECC_N,1185.7,1185.7,0.0,0.0,1662.0730841858287,0.16001886677983304,0.18430574832257368
bat_pessimistic,30,30,biomass,WECC_NMAZ,0.0,3.54,0.0,3.54,0.0,0.0,0.0
bat_pessimistic,31,31,biomass,WECC_NMAZ,0.0,11.4,0.0,11.4,0.0,0.0,0.0
bat_pessimistic,32,32,conventional_hydroelectric,WECC_NMAZ,0.0,3960.0,0.0,3960.0,0.0,0.0,0.0
bat_pessimistic,33,33,geothermal,WECC_NMAZ,0.0,0.68,0.0,0.68,0.0,0.0,0.0
bat_pessimistic,34,34,geothermal,WECC_NMAZ,0.0,2.66,0.0,2.66,0.0,0.0,0.0
bat_pessimistic,35,35,hydroelectric_pumped_storage,WECC_NMAZ,119.0,119.0,0.0,0.0,231.9859227061092,0.222541271158157,0.02572470458216734
bat_pessimistic,36,36,hydroelectric_pumped_storage,WECC_NMAZ,97.3,97.3,0.0,0.0,308.31682504441704,0.36172646037113604,0.03418896780227146
bat_pessimistic,37,37,nuclear,WECC_NMAZ,4002.99,4002.99,0.0,0.0,53.230177282702805,0.0015179913654583953,0.005902645166916693
bat_pessimistic,38,38,onshore_wind_turbine,WECC_NMAZ,0.0,1235.1,0.0,1235.1,0.0,0.0,0.0
bat_pessimistic,39,39,solar_photovoltaic,WECC_NMAZ,6266.4,6266.4,0.0,0.0,9314.37340694422,0.1696803005706491,1.0328622593414183
bat_pessimistic,40,40,biomass,WECC_WYCO,0.0,4.8,0.0,4.8,0.0,0.0,0.0
bat_pessimistic,41,41,biomass,WECC_WYCO,0.0,8.04,0.0,8.04,0.0,0.0,0.0
bat_pessimistic,42,42,conventional_hydroelectric,WECC_WYCO,0.0,961.87,0.0,961.87,0.0,0.0,0.0
bat_pessimistic,43,43,hydroelectric_pumped_storage,WECC_WYCO,324.0,324.0,0.0,0.0,835.1532631476166,0.2942504027663681,0.09260937355462963
bat_pessimistic,44,44,hydroelectric_pumped_storage,WECC_WYCO,238.5,238.5,0.0,0.0,588.6886834047629,0.28176899160696267,0.06527914407391652
bat_pessimistic,45,45,onshore_wind_turbine,WECC_WYCO,5751.7,5751.7,0.0,0.0,45263.033071799895,0.8983453427229713,5.019175908100305
bat_pessimistic,46,46,solar_photovoltaic,WECC_WYCO,593.1,593.1,0.0,0.0,4130.403204397851,0.7949877172718091,0.45801659427834746
bat_pessimistic,47,47,naturalgas_ccccsavgcf,CA_N,0.0,0.0,0.0,0.0,0.0,0.0,0.0
bat_pessimistic,48,48,new_onshore_wind,CA_N,0.0,0.0,0.0,0.0,0.0,0.0,0.0
bat_pessimistic,49,49,new_floating_offshore_wind,CA_N,0.0,0.0,0.0,0.0,0.0,0.0,0.0
bat_pessimistic,50,50,new_floating_offshore_wind,CA_N,0.0,0.0,0.0,0.0,0.0,0.0,0.0
bat_pessimistic,51,51,new_floating_offshore_wind,CA_N,0.0,0.0,0.0,0.0,0.0,0.0,0.0
bat_pessimistic,52,52,new_floating_offshore_wind,CA_N,0.0,0.0,0.0,0.0,0.0,0.0,0.0
bat_pessimistic,53,53,new_floating_offshore_wind,CA_N,0.0,0.0,0.0,0.0,0.0,0.0,0.0
bat_pessimistic,54,54,new_utility_pv,CA_N,0.0,0.0,0.0,0.0,0.0,0.0,0.0
bat_pessimistic,55,55,new_utility_pv,CA_N,0.0,0.0,0.0,0.0,0.0,0.0,0.0
bat_pessimistic,56,56,new_utility_pv,CA_N,0.0,0.0,0.0,0.0,0.0,0.0,0.0
bat_pessimistic,57,57,new_utility_pv,CA_N,14948.132720000001,0.0,14948.132720000001,0.0,104260.79670520047,0.796214326902264,11.561383395407454
bat_pessimistic,58,58,battery,CA_N,6671.517155770879,0.0,6671.517155770879,0.0,6919.648251334809,0.11840098219024318,0.7673133998893766
bat_pessimistic,59,59,nuclear,CA_N,0.0,0.0,0.0,0.0,0.0,0.0,0.0
bat_pessimistic,60,60,naturalgas_ccs100,CA_N,0.0,0.0,0.0,0.0,0.0,0.0,0.0
bat_pessimistic,61,61,naturalgas_ccccsavgcf,CA_S,0.0,0.0,0.0,0.0,0.0,0.0,0.0
bat_pessimistic,62,62,new_onshore_wind,CA_S,0.0,0.0,0.0,0.0,0.0,0.0,0.0
bat_pessimistic,63,63,new_onshore_wind,CA_S,0.0,0.0,0.0,0.0,0.0,0.0,0.0
bat_pessimistic,64,64,new_onshore_wind,CA_S,0.0,0.0,0.0,0.0,0.0,0.0,0.0
bat_pessimistic,65,65,new_utility_pv,CA_S,0.0,0.0,0.0,0.0,0.0,0.0,0.0
bat_pessimistic,66,66,new_utility_pv,CA_S,0.0,0.0,0.0,0.0,0.0,0.0,0.0
bat_pessimistic,67,67,new_utility_pv,CA_S,0.0,0.0,0.0,0.0,0.0,0.0,0.0
bat_pessimistic,68,68,new_utility_pv,CA_S,0.0,0.0,0.0,0.0,0.0,0.0,0.0
bat_pessimistic,69,69,new_utility_pv,CA_S,20044.1631181552,0.0,20044.1631181552,0.0,131111.7655887397,0.7467059831916031,14.538862520936416
bat_pessimistic,70,70,new_utility_pv,CA_S,0.0,0.0,0.0,0.0,0.0,0.0,0.0
bat_pessimistic,71,71,new_utility_pv,CA_S,0.0,0.0,0.0,0.0,0.0,0.0,0.0
bat_pessimistic,72,72,new_utility_pv,CA_S,0.0,0.0,0.0,0.0,0.0,0.0,0.0
bat_pessimistic,73,73,new_utility_pv,CA_S,0.0,0.0,0.0,0.0,0.0,0.0,0.0
bat_pessimistic,74,74,new_utility_pv,CA_S,0.0,0.0,0.0,0.0,0.0,0.0,0.0
bat_pessimistic,75,75,battery,CA_S,0.0,0.0,0.0,0.0,0.0,0.0,0.0
bat_pessimistic,76,76,nuclear,CA_S,0.0,0.0,0.0,0.0,0.0,0.0,0.0
bat_pessimistic,77,77,naturalgas_ccs100,CA_S,0.0,0.0,0.0,0.0,0.0,0.0,0.0
bat_pessimistic,78,78,naturalgas_ccccsavgcf,WECC_N,0.0,0.0,0.0,0.0,0.0,0.0,0.0
bat_pessimistic,79,79,new_onshore_wind,WECC_N,0.0,0.0,0.0,0.0,0.0,0.0,0.0
bat_pessimistic,80,80,new_onshore_wind,WECC_N,0.0,0.0,0.0,0.0,0.0,0.0,0.0
bat_pessimistic,81,81,new_onshore_wind,WECC_N,0.0,0.0,0.0,0.0,0.0,0.0,0.0
bat_pessimistic,82,82,new_onshore_wind,WECC_N,0.0,0.0,0.0,0.0,0.0,0.0,0.0
bat_pessimistic,83,83,new_onshore_wind,WECC_N,0.0,0.0,0.0,0.0,0.0,0.0,0.0
bat_pessimistic,84,84,new_onshore_wind,WECC_N,0.0,0.0,0.0,0.0,0.0,0.0,0.0
bat_pessimistic,85,85,new_utility_pv,WECC_N,0.0,0.0,0.0,0.0,0.0,0.0,0.0
bat_pessimistic,86,86,new_utility_pv,WECC_N,17096.384983857504,0.0,17096.384983857504,0.0,117977.79768446722,0.787756308512822,13.08244895761385
bat_pessimistic,87,87,new_utility_pv,WECC_N,0.0,0.0,0.0,0.0,0.0,0.0,0.0
bat_pessimistic,88,88,new_utility_pv,WECC_N,0.0,0.0,0.0,0.0,0.0,0.0,0.0
bat_pessimistic,89,89,new_utility_pv,WECC_N,0.0,0.0,0.0,0.0,0.0,0.0,0.0
bat_pessimistic,90,90,new_utility_pv,WECC_N,0.0,0.0,0.0,0.0,0.0,0.0,0.0
bat_pessimistic,91,91,new_utility_pv,WECC_N,0.0,0.0,0.0,0.0,0.0,0.0,0.0
bat_pessimistic,92,92,new_utility_pv,WECC_N,0.0,0.0,0.0,0.0,0.0,0.0,0.0
bat_pessimistic,93,93,battery,WECC_N,0.0,0.0,0.0,0.0,0.0,0.0,0.0
bat_pessimistic,94,94,nuclear,WECC_N,0.0,0.0,0.0,0.0,0.0,0.0,0.0
bat_pessimistic,95,95,naturalgas_ccs100,WECC_N,0.0,0.0,0.0,0.0,0.0,0.0,0.0
bat_pessimistic,96,96,naturalgas_ccccsavgcf,WECC_NMAZ,0.0,0.0,0.0,0.0,0.0,0.0,0.0
bat_pessimistic,97,97,new_onshore_wind,WECC_NMAZ,0.0,0.0,0.0,0.0,0.0,0.0,0.0
bat_pessimistic,98,98,new_onshore_wind,WECC_NMAZ,0.0,0.0,0.0,0.0,0.0,0.0,0.0
bat_pessimistic,99,99,new_onshore_wind,WECC_NMAZ,0.0,0.0,0.0,0.0,0.0,0.0,0.0
bat_pessimistic,100,100,new_onshore_wind,WECC_NMAZ,0.0,0.0,0.0,0.0,0.0,0.0,0.0
bat_pessimistic,101,101,new_onshore_wind,WECC_NMAZ,0.0,0.0,0.0,0.0,0.0,0.0,0.0
bat_pessimistic,102,102,new_onshore_wind,WECC_NMAZ,0.0,0.0,0.0,0.0,0.0,0.0,0.0
bat_pessimistic,103,103,new_onshore_wind,WECC_NMAZ,0.0,0.0,0.0,0.0,0.0,0.0,0.0
bat_pessimistic,104,104,new_utility_pv,WECC_NMAZ,39615.994963324796,0.0,39615.994963324796,0.0,190743.7587684456,0.5496366229361058,21.15139913651854
bat_pessimistic,105,105,new_utility_pv,WECC_NMAZ,0.0,0.0,0.0,0.0,0.0,0.0,0.0
bat_pessimistic,106,106,new_utility_pv,WECC_NMAZ,0.0,0.0,0.0,0.0,0.0,0.0,0.0
bat_pessimistic,107,107,new_utility_pv,WECC_NMAZ,0.0,0.0,0.0,0.0,0.0,0.0,0.0
bat_pessimistic,108,108,new_utility_pv,WECC_NMAZ,0.0,0.0,0.0,0.0,0.0,0.0,0.0
bat_pessimistic,109,109,new_utility_pv,WECC_NMAZ,0.0,0.0,0.0,0.0,0.0,0.0,0.0
bat_pessimistic,110,110,new_utility_pv,WECC_NMAZ,0.0,0.0,0.0,0.0,0.0,0.0,0.0
bat_pessimistic,111,111,new_utility_pv,WECC_NMAZ,0.0,0.0,0.0,0.0,0.0,0.0,0.0
bat_pessimistic,112,112,new_utility_pv,WECC_NMAZ,0.0,0.0,0.0,0.0,0.0,0.0,0.0
bat_pessimistic,113,113,new_utility_pv,WECC_NMAZ,0.0,0.0,0.0,0.0,0.0,0.0,0.0
bat_pessimistic,114,114,new_utility_pv,WECC_NMAZ,0.0,0.0,0.0,0.0,0.0,0.0,0.0
bat_pessimistic,115,115,new_utility_pv,WECC_NMAZ,0.0,0.0,0.0,0.0,0.0,0.0,0.0
bat_pessimistic,116,116,battery,WECC_NMAZ,0.0,0.0,0.0,0.0,0.0,0.0,0.0
bat_pessimistic,117,117,nuclear,WECC_NMAZ,0.0,0.0,0.0,0.0,0.0,0.0,0.0
bat_pessimistic,118,118,naturalgas_ccs100,WECC_NMAZ,0.0,0.0,0.0,0.0,0.0,0.0,0.0
bat_pessimistic,119,119,naturalgas_ccccsavgcf,WECC_PNW,0.0,0.0,0.0,0.0,0.0,0.0,0.0
bat_pessimistic,120,120,new_onshore_wind,WECC_PNW,0.0,0.0,0.0,0.0,0.0,0.0,0.0
bat_pessimistic,121,121,new_floating_offshore_wind,WECC_PNW,0.0,0.0,0.0,0.0,0.0,0.0,0.0
bat_pessimistic,122,122,new_floating_offshore_wind,WECC_PNW,0.0,0.0,0.0,0.0,0.0,0.0,0.0
bat_pessimistic,123,123,new_floating_offshore_wind,WECC_PNW,0.0,0.0,0.0,0.0,0.0,0.0,0.0
bat_pessimistic,124,124,new_utility_pv,WECC_PNW,0.0,0.0,0.0,0.0,0.0,0.0,0.0
bat_pessimistic,125,125,battery,WECC_PNW,0.0,0.0,0.0,0.0,0.0,0.0,0.0
bat_pessimistic,126,126,nuclear,WECC_PNW,0.0,0.0,0.0,0.0,0.0,0.0,0.0
bat_pessimistic,127,127,naturalgas_ccs100,WECC_PNW,0.0,0.0,0.0,0.0,0.0,0.0,0.0
bat_pessimistic,128,128,naturalgas_ccccsavgcf,WECC_WYCO,0.0,0.0,0.0,0.0,0.0,0.0,0.0
bat_pessimistic,129,129,new_onshore_wind,WECC_WYCO,0.0,0.0,0.0,0.0,0.0,0.0,0.0
bat_pessimistic,130,130,new_onshore_wind,WECC_WYCO,0.0,0.0,0.0,0.0,0.0,0.0,0.0
bat_pessimistic,131,131,new_onshore_wind,WECC_WYCO,0.0,0.0,0.0,0.0,0.0,0.0,0.0
bat_pessimistic,132,132,new_onshore_wind,WECC_WYCO,0.0,0.0,0.0,0.0,0.0,0.0,0.0
bat_pessimistic,133,133,new_onshore_wind,WECC_WYCO,0.0,0.0,0.0,0.0,0.0,0.0,0.0
bat_pessimistic,134,134,new_onshore_wind,WECC_WYCO,0.0,0.0,0.0,0.0,0.0,0.0,0.0
bat_pessimistic,135,135,new_onshore_wind,WECC_WYCO,0.0,0.0,0.0,0.0,0.0,0.0,0.0
bat_pessimistic,136,136,new_utility_pv,WECC_WYCO,0.0,0.0,0.0,0.0,0.0,0.0,0.0
bat_pessimistic,137,137,new_utility_pv,WECC_WYCO,4776.7,0.0,4776.7,0.0,27696.73833883432,0.6619063623153009,3.0712657188200074
bat_pessimistic,138,138,new_utility_pv,WECC_WYCO,0.0,0.0,0.0,0.0,0.0,0.0,0.0
bat_pessimistic,139,139,new_utility_pv,WECC_WYCO,0.0,0.0,0.0,0.0,0.0,0.0,0.0
bat_pessimistic,140,140,new_utility_pv,WECC_WYCO,0.0,0.0,0.0,0.0,0.0,0.0,0.0
bat_pessimistic,141,141,battery,WECC_WYCO,0.0,0.0,0.0,0.0,0.0,0.0,0.0
bat_pessimistic,142,142,nuclear,WECC_WYCO,0.0,0.0,0.0,0.0,0.0,0.0,0.0
bat_pessimistic,143,143,naturalgas_ccs100,WECC_WYCO,0.0,0.0,0.0,0.0,0.0,0.0,0.0
bat_pessimistic,144,156,new_biogas_CCGT,CA_N,0.0,0.0,0.0,0.0,0.0,0.0,0.0
bat_pessimistic,145,157,new_biogas_CCGT,CA_S,0.0,0.0,0.0,0.0,0.0,0.0,0.0
bat_pessimistic,146,158,new_biogas_CCGT,WECC_N,0.0,0.0,0.0,0.0,0.0,0.0,0.0
bat_pessimistic,147,159,new_biogas_CCGT,WECC_NMAZ,0.0,0.0,0.0,0.0,0.0,0.0,0.0
bat_pessimistic,148,160,new_biogas_CCGT,WECC_PNW,0.0,0.0,0.0,0.0,0.0,0.0,0.0
bat_pessimistic,149,161,new_biogas_CCGT,WECC_WYCO,0.0,0.0,0.0,0.0,0.0,0.0,0.0
bat_pessimistic,150,162,biomass,WECC_PNW,0.0,28.4,0.0,28.4,0.0,0.0,0.0
bat_pessimistic,151,163,biomass,WECC_PNW,0.0,74.43,0.0,74.43,0.0,0.0,0.0
bat_pessimistic,152,164,conventional_hydroelectric,WECC_PNW,29850.0,29850.0,0.0,0.0,213724.87925702822,0.8173473121200685,23.699754349799818
bat_pessimistic,153,165,geothermal,WECC_PNW,0.0,14.49,0.0,14.49,0.0,0.0,0.0
bat_pessimistic,154,166,geothermal,WECC_PNW,0.0,1.17,0.0,1.17,0.0,0.0,0.0
bat_pessimistic,155,167,hydroelectric_pumped_storage,WECC_PNW,214.0,214.0,0.0,0.0,604.4373423397863,0.3224284888510787,0.06702549830930701
bat_pessimistic,156,168,hydroelectric_pumped_storage,WECC_PNW,100.0,100.0,0.0,0.0,221.12444156352416,0.2524251616021965,0.024520284975759803
bat_pessimistic,157,169,nuclear,WECC_PNW,1163.0,1163.0,0.0,0.0,16.326730769230775,0.001602564102564103,0.0018104560868683391
bat_pessimistic,158,170,onshore_wind_turbine,WECC_PNW,5254.0,5254.0,0.0,0.0,20452.748640952897,0.44438307149657874,2.267986395658922
bat_pessimistic,159,171,solar_photovoltaic,WECC_PNW,209.9,209.9,0.0,0.0,962.2679572762837,0.5233346371050162,0.10670500451519917
bat_moderate,1,1,biomass,CA_N,36.72,36.72,0.0,0.0,136.9140941472476,0.4256389652014491,0.015182277372644383
bat_moderate,2,2,biomass,CA_N,0.0,33.06,0.0,33.06,0.0,0.0,0.0
bat_moderate,3,3,conventional_hydroelectric,CA_N,0.0,6607.44,0.0,6607.44,0.0,0.0,0.0
bat_moderate,4,4,geothermal,CA_N,0.0,542.55,0.0,542.55,0.0,0.0,0.0
bat_moderate,5,5,geothermal,CA_N,0.0,100.32,0.0,100.32,0.0,0.0,0.0
bat_moderate,6,6,hydroelectric_pumped_storage,CA_N,615.15,615.15,0.0,0.0,1467.8789628380334,0.27239875095208865,0.16277174166823788
bat_moderate,7,7,hydroelectric_pumped_storage,CA_N,1175.8,1175.8,0.0,0.0,2936.63867954686,0.28511032996740004,0.325641149319271
bat_moderate,8,8,onshore_wind_turbine,CA_N,1327.6,1327.6,0.0,0.0,1722.9664316626522,0.1481512998756513,0.19105815535049933
bat_moderate,9,9,small_hydroelectric,CA_N,231.4,231.4,0.0,0.0,1353.387752890979,0.6676591133239894,0.15007591720274194
bat_moderate,10,10,small_hydroelectric,CA_N,1.95,1.95,0.0,0.0,12.99464121282092,0.7607212980225336,0.0014409637552644126
bat_moderate,11,11,solar_photovoltaic,CA_N,2787.1,2787.1,0.0,0.0,4702.073801088281,0.19258957900661877,0.5214086184435506
bat_moderate,12,12,biomass,CA_S,0.0,67.2,0.0,67.2,0.0,0.0,0.0
bat_moderate,13,13,biomass,CA_S,0.0,38.1,0.0,38.1,0.0,0.0,0.0
bat_moderate,14,14,conventional_hydroelectric,CA_S,0.0,1396.0,0.0,1396.0,0.0,0.0,0.0
bat_moderate,15,15,geothermal,CA_S,0.0,535.15,0.0,535.15,0.0,0.0,0.0
bat_moderate,16,16,geothermal,CA_S,0.0,73.02,0.0,73.02,0.0,0.0,0.0
bat_moderate,17,17,hydroelectric_pumped_storage,CA_S,1623.0,1623.0,0.0,0.0,4109.473040589105,0.28904370117553213,0.45569566775592873
bat_moderate,18,18,hydroelectric_pumped_storage,CA_S,42.0,42.0,0.0,0.0,110.47132383179414,0.30025908847519606,0.01225006300909917
bat_moderate,19,19,onshore_wind_turbine,CA_S,4735.6,4735.6,0.0,0.0,13037.054377109833,0.3142681426989293,1.445666911856847
bat_moderate,20,20,small_hydroelectric,CA_S,126.44,126.44,0.0,0.0,866.6540838513964,0.7824510803140484,0.09610247045140619
bat_moderate,21,21,small_hydroelectric,CA_S,7.0,7.0,0.0,0.0,39.4437951923069,0.6432451923076794,0.004373885997414818
bat_moderate,22,22,solar_photovoltaic,CA_S,9520.0,9520.0,0.0,0.0,15491.498137883302,0.1857600693790926,1.7178379122473748
bat_moderate,23,23,biomass,WECC_N,6.24,6.24,0.0,0.0,20.557329771428584,0.37607806776556796,0.0022795833005701065
bat_moderate,24,24,biomass,WECC_N,0.0,13.8,0.0,13.8,0.0,0.0,0.0
bat_moderate,25,25,conventional_hydroelectric,WECC_N,0.0,4648.1,0.0,4648.1,0.0,0.0,0.0
bat_moderate,26,26,geothermal,WECC_N,0.0,165.24,0.0,165.24,0.0,0.0,0.0
bat_moderate,27,27,geothermal,WECC_N,0.0,215.16,0.0,215.16,0.0,0.0,0.0
bat_moderate,28,28,onshore_wind_turbine,WECC_N,3893.9,3893.9,0.0,0.0,6808.417242430735,0.19959849512985875,0.7549790961046654
bat_moderate,29,29,solar_photovoltaic,WECC_N,1185.7,1185.7,0.0,0.0,1811.8466999262323,0.1744385722021356,0.20091400616072683
bat_moderate,30,30,biomass,WECC_NMAZ,0.0,3.54,0.0,3.54,0.0,0.0,0.0
bat_moderate,31,31,biomass,WECC_NMAZ,0.0,11.4,0.0,11.4,0.0,0.0,0.0
bat_moderate,32,32,conventional_hydroelectric,WECC_NMAZ,0.0,3960.0,0.0,3960.0,0.0,0.0,0.0
bat_moderate,33,33,geothermal,WECC_NMAZ,0.0,0.68,0.0,0.68,0.0,0.0,0.0
bat_moderate,34,34,geothermal,WECC_NMAZ,0.0,2.66,0.0,2.66,0.0,0.0,0.0
bat_moderate,35,35,hydroelectric_pumped_storage,WECC_NMAZ,119.0,119.0,0.0,0.0,246.49077303688165,0.23645559747983735,0.027333134030881674
bat_moderate,36,36,hydroelectric_pumped_storage,WECC_NMAZ,97.3,97.3,0.0,0.0,248.56523625068667,0.29162412095844265,0.027563169339572854
bat_moderate,37,37,nuclear,WECC_NMAZ,4002.99,4002.99,0.0,0.0,85.66724347123039,0.0024430152693518674,0.009499561460278085
bat_moderate,38,38,onshore_wind_turbine,WECC_NMAZ,0.0,1235.1,0.0,1235.1,0.0,0.0,0.0
bat_moderate,39,39,solar_photovoltaic,WECC_NMAZ,6266.4,6266.4,0.0,0.0,8648.479673552121,0.1575496886772237,0.9590219186224291
bat_moderate,40,40,biomass,WECC_WYCO,0.0,4.8,0.0,4.8,0.0,0.0,0.0
bat_moderate,41,41,biomass,WECC_WYCO,0.0,8.04,0.0,8.04,0.0,0.0,0.0
bat_moderate,42,42,conventional_hydroelectric,WECC_WYCO,0.0,961.87,0.0,961.87,0.0,0.0,0.0
bat_moderate,43,43,hydroelectric_pumped_storage,WECC_WYCO,324.0,324.0,0.0,0.0,824.2409434161566,0.2904056540025356,0.09139931650408355
bat_moderate,44,44,hydroelectric_pumped_storage,WECC_WYCO,238.5,238.5,0.0,0.0,513.8144654671325,0.24593131801074666,0.056976411240827966
bat_moderate,45,45,onshore_wind_turbine,WECC_WYCO,5751.7,5751.7,0.0,0.0,41359.89572541786,0.820878919923414,4.5863606147926035
bat_moderate,46,46,solar_photovoltaic,WECC_WYCO,593.1,593.1,0.0,0.0,3869.3602009040296,0.7447442007946848,0.42906977686034636
bat_moderate,47,47,naturalgas_ccccsavgcf,CA_N,0.0,0.0,0.0,0.0,0.0,0.0,0.0
bat_moderate,48,48,new_onshore_wind,CA_N,0.0,0.0,0.0,0.0,0.0,0.0,0.0
bat_moderate,49,49,new_floating_offshore_wind,CA_N,0.0,0.0,0.0,0.0,0.0,0.0,0.0
bat_moderate,50,50,new_floating_offshore_wind,CA_N,0.0,0.0,0.0,0.0,0.0,0.0,0.0
bat_moderate,51,51,new_floating_offshore_wind,CA_N,0.0,0.0,0.0,0.0,0.0,0.0,0.0
bat_moderate,52,52,new_floating_offshore_wind,CA_N,0.0,0.0,0.0,0.0,0.0,0.0,0.0
bat_moderate,53,53,new_floating_offshore_wind,CA_N,0.0,0.0,0.0,0.0,0.0,0.0,0.0
bat_moderate,54,54,new_utility_pv,CA_N,0.0,0.0,0.0,0.0,0.0,0.0,0.0
bat_moderate,55,55,new_utility_pv,CA_N,0.0,0.0,0.0,0.0,0.0,0.0,0.0
bat_moderate,56,56,new_utility_pv,CA_N,0.0,0.0,0.0,0.0,0.0,0.0,0.0
bat_moderate,57,57,new_utility_pv,CA_N,12643.49618878533,0.0,12643.49618878533,0.0,93372.25328254224,0.8430368360118335,10.353962877771849
bat_moderate,58,58,battery,CA_N,15418.651758704355,0.0,15418.651758704355,0.0,12192.747717051094,0.09027158791363213,1.3520425265777336
bat_moderate,59,59,nuclear,CA_N,0.0,0.0,0.0,0.0,0.0,0.0,0.0
bat_moderate,60,60,naturalgas_ccs100,CA_N,0.0,0.0,0.0,0.0,0.0,0.0,0.0
bat_moderate,61,61,naturalgas_ccccsavgcf,CA_S,0.0,0.0,0.0,0.0,0.0,0.0,0.0
bat_moderate,62,62,new_onshore_wind,CA_S,0.0,0.0,0.0,0.0,0.0,0.0,0.0
bat_moderate,63,63,new_onshore_wind,CA_S,0.0,0.0,0.0,0.0,0.0,0.0,0.0
bat_moderate,64,64,new_onshore_wind,CA_S,0.0,0.0,0.0,0.0,0.0,0.0,0.0
bat_moderate,65,65,new_utility_pv,CA_S,0.0,0.0,0.0,0.0,0.0,0.0,0.0
bat_moderate,66,66,new_utility_pv,CA_S,0.0,0.0,0.0,0.0,0.0,0.0,0.0
bat_moderate,67,67,new_utility_pv,CA_S,0.0,0.0,0.0,0.0,0.0,0.0,0.0
bat_moderate,68,68,new_utility_pv,CA_S,0.0,0.0,0.0,0.0,0.0,0.0,0.0
bat_moderate,69,69,new_utility_pv,CA_S,15689.113512870397,0.0,15689.113512870397,0.0,104577.74978256681,0.7609161142504361,11.596530029248628
bat_moderate,70,70,new_utility_pv,CA_S,0.0,0.0,0.0,0.0,0.0,0.0,0.0
bat_moderate,71,71,new_utility_pv,CA_S,0.0,0.0,0.0,0.0,0.0,0.0,0.0
bat_moderate,72,72,new_utility_pv,CA_S,0.0,0.0,0.0,0.0,0.0,0.0,0.0
bat_moderate,73,73,new_utility_pv,CA_S,0.0,0.0,0.0,0.0,0.0,0.0,0.0
bat_moderate,74,74,new_utility_pv,CA_S,0.0,0.0,0.0,0.0,0.0,0.0,0.0
bat_moderate,75,75,battery,CA_S,0.0,0.0,0.0,0.0,0.0,0.0,0.0
bat_moderate,76,76,nuclear,CA_S,0.0,0.0,0.0,0.0,0.0,0.0,0.0
bat_moderate,77,77,naturalgas_ccs100,CA_S,0.0,0.0,0.0,0.0,0.0,0.0,0.0
bat_moderate,78,78,naturalgas_ccccsavgcf,WECC_N,0.0,0.0,0.0,0.0,0.0,0.0,0.0
bat_moderate,79,79,new_onshore_wind,WECC_N,0.0,0.0,0.0,0.0,0.0,0.0,0.0
bat_moderate,80,80,new_onshore_wind,WECC_N,0.0,0.0,0.0,0.0,0.0,0.0,0.0
bat_moderate,81,81,new_onshore_wind,WECC_N,0.0,0.0,0.0,0.0,0.0,0.0,0.0
bat_moderate,82,82,new_onshore_wind,WECC_N,0.0,0.0,0.0,0.0,0.0,0.0,0.0
bat_moderate,83,83,new_onshore_wind,WECC_N,0.0,0.0,0.0,0.0,0.0,0.0,0.0
bat_moderate,84,84,new_onshore_wind,WECC_N,0.0,0.0,0.0,0.0,0.0,0.0,0.0
bat_moderate,85,85,new_utility_pv,WECC_N,0.0,0.0,0.0,0.0,0.0,0.0,0.0
bat_moderate,86,86,new_utility_pv,WECC_N,16566.032921353108,0.0,16566.032921353108,0.0,114678.56899128754,0.7902411461998353,12.716600536765588
bat_moderate,87,87,new_utility_pv,WECC_N,0.0,0.0,0.0,0.0,0.0,0.0,0.0
bat_moderate,88,88,new_utility_pv,WECC_N,0.0,0.0,0.0,0.0,0.0,0.0,0.0
bat_moderate,89,89,new_utility_pv,WECC_N,0.0,0.0,0.0,0.0,0.0,0.0,0.0
bat_moderate,90,90,new_utility_pv,WECC_N,0.0,0.0,0.0,0.0,0.0,0.0,0.0
bat_moderate,91,91,new_utility_pv,WECC_N,0.0,0.0,0.0,0.0,0.0,0.0,0.0
bat_moderate,92,92,new_utility_pv,WECC_N,0.0,0.0,0.0,0.0,0.0,0.0,0.0
bat_moderate,93,93,battery,WECC_N,0.0,0.0,0.0,0.0,0.0,0.0,0.0
bat_moderate,94,94,nuclear,WECC_N,0.0,0.0,0.0,0.0,0.0,0.0,0.0
bat_moderate,95,95,naturalgas_ccs100,WECC_N,0.0,0.0,0.0,0.0,0.0,0.0,0.0
bat_moderate,96,96,naturalgas_ccccsavgcf,WECC_NMAZ,0.0,0.0,0.0,0.0,0.0,0.0,0.0
bat_moderate,97,97,new_onshore_wind,WECC_NMAZ,0.0,0.0,0.0,0.0,0.0,0.0,0.0
bat_moderate,98,98,new_onshore_wind,WECC_NMAZ,0.0,0.0,0.0,0.0,0.0,0.0,0.0
bat_moderate,99,99,new_onshore_wind,WECC_NMAZ,0.0,0.0,0.0,0.0,0.0,0.0,0.0
bat_moderate,100,100,new_onshore_wind,WECC_NMAZ,0.0,0.0,0.0,0.0,0.0,0.0,0.0
bat_moderate,101,101,new_onshore_wind,WECC_NMAZ,0.0,0.0,0.0,0.0,0.0,0.0,0.0
bat_moderate,102,102,new_onshore_wind,WECC_NMAZ,0.0,0.0,0.0,0.0,0.0,0.0,0.0
bat_moderate,103,103,new_onshore_wind,WECC_NMAZ,0.0,0.0,0.0,0.0,0.0,0.0,0.0
bat_moderate,104,104,new_utility_pv,WECC_NMAZ,38058.8985593952,0.0,38058.8985593952,0.0,212326.4065249856,0.63685958286514,23.544679000923637
bat_moderate,105,105,new_utility_pv,WECC_NMAZ,0.0,0.0,0.0,0.0,0.0,0.0,0.0
bat_moderate,106,106,new_utility_pv,WECC_NMAZ,0.0,0.0,0.0,0.0,0.0,0.0,0.0
bat_moderate,107,107,new_utility_pv,WECC_NMAZ,0.0,0.0,0.0,0.0,0.0,0.0,0.0
bat_moderate,108,108,new_utility_pv,WECC_NMAZ,0.0,0.0,0.0,0.0,0.0,0.0,0.0
bat_moderate,109,109,new_utility_pv,WECC_NMAZ,0.0,0.0,0.0,0.0,0.0,0.0,0.0
bat_moderate,110,110,new_utility_pv,WECC_NMAZ,0.0,0.0,0.0,0.0,0.0,0.0,0.0
bat_moderate,111,111,new_utility_pv,WECC_NMAZ,0.0,0.0,0.0,0.0,0.0,0.0,0.0
bat_moderate,112,112,new_utility_pv,WECC_NMAZ,0.0,0.0,0.0,0.0,0.0,0.0,0.0
bat_moderate,113,113,new_utility_pv,WECC_NMAZ,0.0,0.0,0.0,0.0,0.0,0.0,0.0
bat_moderate,114,114,new_utility_pv,WECC_NMAZ,0.0,0.0,0.0,0.0,0.0,0.0,0.0
bat_moderate,115,115,new_utility_pv,WECC_NMAZ,0.0,0.0,0.0,0.0,0.0,0.0,0.0
bat_moderate,116,116,battery,WECC_NMAZ,0.0,0.0,0.0,0.0,0.0,0.0,0.0
bat_moderate,117,117,nuclear,WECC_NMAZ,0.0,0.0,0.0,0.0,0.0,0.0,0.0
bat_moderate,118,118,naturalgas_ccs100,WECC_NMAZ,0.0,0.0,0.0,0.0,0.0,0.0,0.0
bat_moderate,119,119,naturalgas_ccccsavgcf,WECC_PNW,0.0,0.0,0.0,0.0,0.0,0.0,0.0
bat_moderate,120,120,new_onshore_wind,WECC_PNW,0.0,0.0,0.0,0.0,0.0,0.0,0.0
bat_moderate,121,121,new_floating_offshore_wind,WECC_PNW,0.0,0.0,0.0,0.0,0.0,0.0,0.0
bat_moderate,122,122,new_floating_offshore_wind,WECC_PNW,0.0,0.0,0.0,0.0,0.0,0.0,0.0
bat_moderate,123,123,new_floating_offshore_wind,WECC_PNW,0.0,0.0,0.0,0.0,0.0,0.0,0.0
bat_moderate,124,124,new_utility_pv,WECC_PNW,0.0,0.0,0.0,0.0,0.0,0.0,0.0
bat_moderate,125,125,battery,WECC_PNW,0.0,0.0,0.0,0.0,0.0,0.0,0.0
bat_moderate,126,126,nuclear,WECC_PNW,0.0,0.0,0.0,0.0,0.0,0.0,0.0
bat_moderate,127,127,naturalgas_ccs100,WECC_PNW,0.0,0.0,0.0,0.0,0.0,0.0,0.0
bat_moderate,128,128,naturalgas_ccccsavgcf,WECC_WYCO,0.0,0.0,0.0,0.0,0.0,0.0,0.0
bat_moderate,129,129,new_onshore_wind,WECC_WYCO,0.0,0.0,0.0,0.0,0.0,0.0,0.0
bat_moderate,130,130,new_onshore_wind,WECC_WYCO,0.0,0.0,0.0,0.0,0.0,0.0,0.0
bat_moderate,131,131,new_onshore_wind,WECC_WYCO,0.0,0.0,0.0,0.0,0.0,0.0,0.0
bat_moderate,132,132,new_onshore_wind,WECC_WYCO,0.0,0.0,0.0,0.0,0.0,0.0,0.0
bat_moderate,133,133,new_onshore_wind,WECC_WYCO,0.0,0.0,0.0,0.0,0.0,0.0,0.0
bat_moderate,134,134,new_onshore_wind,WECC_WYCO,0.0,0.0,0.0,0.0,0.0,0.0,0.0
bat_moderate,135,135,new_onshore_wind,WECC_WYCO,0.0,0.0,0.0,0.0,0.0,0.0,0.0
bat_moderate,136,136,new_utility_pv,WECC_WYCO,0.0,0.0,0.0,0.0,0.0,0.0,0.0
bat_moderate,137,137,new_utility_pv,WECC_WYCO,4776.7,0.0,4776.7,0.0,30546.732693671725,0.7300165265141141,3.387298959043451
bat_moderate,138,138,new_utility_pv,WECC_WYCO,0.0,0.0,0.0,0.0,0.0,0.0,0.0
bat_moderate,139,139,new_utility_pv,WECC_WYCO,0.0,0.0,0.0,0.0,0.0,0.0,0.0
bat_moderate,140,140,new_utility_pv,WECC_WYCO,0.0,0.0,0.0,0.0,0.0,0.0,0.0
bat_moderate,141,141,battery,WECC_WYCO,0.0,0.0,0.0,0.0,0.0,0.0,0.0
bat_moderate,142,142,nuclear,WECC_WYCO,0.0,0.0,0.0,0.0,0.0,0.0,0.0
bat_moderate,143,143,naturalgas_ccs100,WECC_WYCO,0.0,0.0,0.0,0.0,0.0,0.0,0.0
bat_moderate,144,156,new_biogas_CCGT,CA_N,0.0,0.0,0.0,0.0,0.0,0.0,0.0
bat_moderate,145,157,new_biogas_CCGT,CA_S,0.0,0.0,0.0,0.0,0.0,0.0,0.0
bat_moderate,146,158,new_biogas_CCGT,WECC_N,0.0,0.0,0.0,0.0,0.0,0.0,0.0
bat_moderate,147,159,new_biogas_CCGT,WECC_NMAZ,0.0,0.0,0.0,0.0,0.0,0.0,0.0
bat_moderate,148,160,new_biogas_CCGT,WECC_PNW,0.0,0.0,0.0,0.0,0.0,0.0,0.0
bat_moderate,149,161,new_biogas_CCGT,WECC_WYCO,0.0,0.0,0.0,0.0,0.0,0.0,0.0
bat_moderate,150,162,biomass,WECC_PNW,0.0,28.4,0.0,28.4,0.0,0.0,0.0
bat_moderate,151,163,biomass,WECC_PNW,0.0,74.43,0.0,74.43,0.0,0.0,0.0
bat_moderate,152,164,conventional_hydroelectric,WECC_PNW,29850.0,29850.0,0.0,0.0,226009.39463055177,0.8643269415209678,25.06197290699792
bat_moderate,153,165,geothermal,WECC_PNW,0.0,14.49,0.0,14.49,0.0,0.0,0.0
bat_moderate,154,166,geothermal,WECC_PNW,0.0,1.17,0.0,1.17,0.0,0.0,0.0
bat_moderate,155,167,hydroelectric_pumped_storage,WECC_PNW,214.0,214.0,0.0,0.0,571.2009939439841,0.3046990323176632,0.06333995035062699
bat_moderate,156,168,hydroelectric_pumped_storage,WECC_PNW,100.0,100.0,0.0,0.0,249.38339075915505,0.28468423602643267,0.02765389373693028
bat_moderate,157,169,nuclear,WECC_PNW,1163.0,1163.0,0.0,0.0,23.41122665990783,0.00229794880386379,0.0025960492891426183
bat_moderate,158,170,onshore_wind_turbine,WECC_PNW,5254.0,5254.0,0.0,0.0,25215.434529573125,0.5478633919617044,2.7961162324750335
bat_moderate,159,171,solar_photovoltaic,WECC_PNW,209.9,209.9,0.0,0.0,1057.8645004504283,0.5753253345528901,0.11730561684350278
bat_optimistic,1,1,biomass,CA_N,36.72,36.72,0.0,0.0,136.93537661537945,0.4257051282051121,0.015184637365867615
bat_optimistic,2,2,biomass,CA_N,0.0,33.06,0.0,33.06,0.0,0.0,0.0
bat_optimistic,3,3,conventional_hydroelectric,CA_N,0.0,6607.44,0.0,6607.44,0.0,0.0,0.0
bat_optimistic,4,4,geothermal,CA_N,0.0,542.55,0.0,542.55,0.0,0.0,0.0
bat_optimistic,5,5,geothermal,CA_N,0.0,100.32,0.0,100.32,0.0,0.0,0.0
bat_optimistic,6,6,hydroelectric_pumped_storage,CA_N,264.24598987500013,615.15,0.0,350.90401012499984,712.5740847494791,0.3078346567908864,0.07901668174198181
bat_optimistic,7,7,hydroelectric_pumped_storage,CA_N,505.08075225000016,1175.8,0.0,670.7192477499998,1059.584282056836,0.23948073508049558,0.11749632183652398
bat_optimistic,8,8,onshore_wind_turbine,CA_N,1327.6,1327.6,0.0,0.0,1360.2822093581683,0.11696546944310607,0.15084043710896805
bat_optimistic,9,9,small_hydroelectric,CA_N,231.4,231.4,0.0,0.0,1422.0042282814509,0.7015092904227251,0.15768473474778583
bat_optimistic,10,10,small_hydroelectric,CA_N,1.95,1.95,0.0,0.0,11.76929464285707,0.6889880952380909,0.0013050862065088994
bat_optimistic,11,11,solar_photovoltaic,CA_N,2787.1,2787.1,0.0,0.0,3537.3569277880783,0.14488459993145517,0.39225424072093934
bat_optimistic,12,12,biomass,CA_S,0.0,67.2,0.0,67.2,0.0,0.0,0.0
bat_optimistic,13,13,biomass,CA_S,0.0,38.1,0.0,38.1,0.0,0.0,0.0
bat_optimistic,14,14,conventional_hydroelectric,CA_S,0.0,1396.0,0.0,1396.0,0.0,0.0,0.0
bat_optimistic,15,15,geothermal,CA_S,0.0,535.15,0.0,535.15,0.0,0.0,0.0
bat_optimistic,16,16,geothermal,CA_S,0.0,73.02,0.0,73.02,0.0,0.0,0.0
bat_optimistic,17,17,hydroelectric_pumped_storage,CA_S,1623.0,1623.0,0.0,0.0,2552.5747021260213,0.1795377733695438,0.2830526497907042
bat_optimistic,18,18,hydroelectric_pumped_storage,CA_S,42.0,42.0,0.0,0.0,105.91188086396957,0.2878666037833485,0.011744470591945838
bat_optimistic,19,19,onshore_wind_turbine,CA_S,4735.6,4735.6,0.0,0.0,11986.37034713742,0.28894060251143044,1.329157530748915
bat_optimistic,20,20,small_hydroelectric,CA_S,126.44,126.44,0.0,0.0,950.19105123963,0.8578717026788657,0.10536580756550715
bat_optimistic,21,21,small_hydroelectric,CA_S,7.0,7.0,0.0,0.0,34.46891538461505,0.5621153846153791,0.003822226173009051
bat_optimistic,22,22,solar_photovoltaic,CA_S,9520.0,9520.0,0.0,0.0,14605.864935776897,0.17514035502974867,1.6196308649119708
bat_optimistic,23,23,biomass,WECC_N,6.24,6.24,0.0,0.0,20.572997657142867,0.37636469780219795,0.0022813206979376945
bat_optimistic,24,24,biomass,WECC_N,0.0,13.8,0.0,13.8,0.0,0.0,0.0
bat_optimistic,25,25,conventional_hydroelectric,WECC_N,0.0,4648.1,0.0,4648.1,0.0,0.0,0.0
bat_optimistic,26,26,geothermal,WECC_N,0.0,165.24,0.0,165.24,0.0,0.0,0.0
bat_optimistic,27,27,geothermal,WECC_N,0.0,215.16,0.0,215.16,0.0,0.0,0.0
bat_optimistic,28,28,onshore_wind_turbine,WECC_N,3893.9,3893.9,0.0,0.0,5591.809170542906,0.16393188838926576,0.6200705513252349
bat_optimistic,29,29,solar_photovoltaic,WECC_N,1185.7,1185.7,0.0,0.0,1310.5739563357492,0.1261777001982673,0.14532833486853464
bat_optimistic,30,30,biomass,WECC_NMAZ,0.0,3.54,0.0,3.54,0.0,0.0,0.0
bat_optimistic,31,31,biomass,WECC_NMAZ,0.0,11.4,0.0,11.4,0.0,0.0,0.0
bat_optimistic,32,32,conventional_hydroelectric,WECC_NMAZ,0.0,3960.0,0.0,3960.0,0.0,0.0,0.0
bat_optimistic,33,33,geothermal,WECC_NMAZ,0.0,0.68,0.0,0.68,0.0,0.0,0.0
bat_optimistic,34,34,geothermal,WECC_NMAZ,0.0,2.66,0.0,2.66,0.0,0.0,0.0
bat_optimistic,35,35,hydroelectric_pumped_storage,WECC_NMAZ,119.0,119.0,0.0,0.0,228.33961250923275,0.21904341018114495,0.02532036861412491
bat_optimistic,36,36,hydroelectric_pumped_storage,WECC_NMAZ,97.3,97.3,0.0,0.0,181.88703425757924,0.21339527312503725,0.02016928514033304
bat_optimistic,37,37,nuclear,WECC_NMAZ,4002.99,4002.99,0.0,0.0,93.73401612984657,0.002673059426031284,0.01039407842559109
bat_optimistic,38,38,onshore_wind_turbine,WECC_NMAZ,0.0,1235.1,0.0,1235.1,0.0,0.0,0.0
bat_optimistic,39,39,solar_photovoltaic,WECC_NMAZ,6266.4,6266.4,0.0,0.0,9980.272010744166,0.18181100118848262,1.1067031401354332
bat_optimistic,40,40,biomass,WECC_WYCO,0.0,4.8,0.0,4.8,0.0,0.0,0.0
bat_optimistic,41,41,biomass,WECC_WYCO,0.0,8.04,0.0,8.04,0.0,0.0,0.0
bat_optimistic,42,42,conventional_hydroelectric,WECC_WYCO,0.0,961.87,0.0,961.87,0.0,0.0,0.0
bat_optimistic,43,43,hydroelectric_pumped_storage,WECC_WYCO,324.0,324.0,0.0,0.0,540.2815478332396,0.1903579499384265,0.05991132154520251
bat_optimistic,44,44,hydroelectric_pumped_storage,WECC_WYCO,238.5,238.5,0.0,0.0,421.54341303764795,0.20176685191773544,0.04674455950799152
bat_optimistic,45,45,onshore_wind_turbine,WECC_WYCO,5751.7,5751.7,0.0,0.0,40760.97740449682,0.8089920566763708,4.51994711566809
bat_optimistic,46,46,solar_photovoltaic,WECC_WYCO,593.1,593.1,0.0,0.0,1335.8181333371326,0.25710783087260203,0.14812763832714673
bat_optimistic,47,47,naturalgas_ccccsavgcf,CA_N,0.0,0.0,0.0,0.0,0.0,0.0,0.0
bat_optimistic,48,48,new_onshore_wind,CA_N,0.0,0.0,0.0,0.0,0.0,0.0,0.0
bat_optimistic,49,49,new_floating_offshore_wind,CA_N,0.0,0.0,0.0,0.0,0.0,0.0,0.0
bat_optimistic,50,50,new_floating_offshore_wind,CA_N,0.0,0.0,0.0,0.0,0.0,0.0,0.0
bat_optimistic,51,51,new_floating_offshore_wind,CA_N,0.0,0.0,0.0,0.0,0.0,0.0,0.0
bat_optimistic,52,52,new_floating_offshore_wind,CA_N,0.0,0.0,0.0,0.0,0.0,0.0,0.0
bat_optimistic,53,53,new_floating_offshore_wind,CA_N,0.0,0.0,0.0,0.0,0.0,0.0,0.0
bat_optimistic,54,54,new_utility_pv,CA_N,0.0,0.0,0.0,0.0,0.0,0.0,0.0
bat_optimistic,55,55,new_utility_pv,CA_N,0.0,0.0,0.0,0.0,0.0,0.0,0.0
bat_optimistic,56,56,new_utility_pv,CA_N,0.0,0.0,0.0,0.0,0.0,0.0,0.0
bat_optimistic,57,57,new_utility_pv,CA_N,13249.247409617166,0.0,13249.247409617166,0.0,101150.40225950154,0.871509846258966,11.216474629753668
bat_optimistic,58,58,battery,CA_N,18539.919373844536,0.0,18539.919373844536,0.0,22942.560240718125,0.14126349059555174,2.5440793030305264
bat_optimistic,59,59,nuclear,CA_N,0.0,0.0,0.0,0.0,0.0,0.0,0.0
bat_optimistic,60,60,naturalgas_ccs100,CA_N,0.0,0.0,0.0,0.0,0.0,0.0,0.0
bat_optimistic,61,61,naturalgas_ccccsavgcf,CA_S,0.0,0.0,0.0,0.0,0.0,0.0,0.0
bat_optimistic,62,62,new_onshore_wind,CA_S,0.0,0.0,0.0,0.0,0.0,0.0,0.0
bat_optimistic,63,63,new_onshore_wind,CA_S,0.0,0.0,0.0,0.0,0.0,0.0,0.0
bat_optimistic,64,64,new_onshore_wind,CA_S,0.0,0.0,0.0,0.0,0.0,0.0,0.0
bat_optimistic,65,65,new_utility_pv,CA_S,0.0,0.0,0.0,0.0,0.0,0.0,0.0
bat_optimistic,66,66,new_utility_pv,CA_S,0.0,0.0,0.0,0.0,0.0,0.0,0.0
bat_optimistic,67,67,new_utility_pv,CA_S,0.0,0.0,0.0,0.0,0.0,0.0,0.0
bat_optimistic,68,68,new_utility_pv,CA_S,0.0,0.0,0.0,0.0,0.0,0.0,0.0
bat_optimistic,69,69,new_utility_pv,CA_S,15689.113512870397,0.0,15689.113512870397,0.0,102167.48052847014,0.7433788014000666,11.329257499080207
bat_optimistic,70,70,new_utility_pv,CA_S,0.0,0.0,0.0,0.0,0.0,0.0,0.0
bat_optimistic,71,71,new_utility_pv,CA_S,0.0,0.0,0.0,0.0,0.0,0.0,0.0
bat_optimistic,72,72,new_utility_pv,CA_S,0.0,0.0,0.0,0.0,0.0,0.0,0.0
bat_optimistic,73,73,new_utility_pv,CA_S,0.0,0.0,0.0,0.0,0.0,0.0,0.0
bat_optimistic,74,74,new_utility_pv,CA_S,0.0,0.0,0.0,0.0,0.0,0.0,0.0
bat_optimistic,75,75,battery,CA_S,0.0,0.0,0.0,0.0,0.0,0.0,0.0
bat_optimistic,76,76,nuclear,CA_S,0.0,0.0,0.0,0.0,0.0,0.0,0.0
bat_optimistic,77,77,naturalgas_ccs100,CA_S,0.0,0.0,0.0,0.0,0.0,0.0,0.0
bat_optimistic,78,78,naturalgas_ccccsavgcf,WECC_N,0.0,0.0,0.0,0.0,0.0,0.0,0.0
bat_optimistic,79,79,new_onshore_wind,WECC_N,0.0,0.0,0.0,0.0,0.0,0.0,0.0
bat_optimistic,80,80,new_onshore_wind,WECC_N,0.0,0.0,0.0,0.0,0.0,0.0,0.0
bat_optimistic,81,81,new_onshore_wind,WECC_N,0.0,0.0,0.0,0.0,0.0,0.0,0.0
bat_optimistic,82,82,new_onshore_wind,WECC_N,0.0,0.0,0.0,0.0,0.0,0.0,0.0
bat_optimistic,83,83,new_onshore_wind,WECC_N,0.0,0.0,0.0,0.0,0.0,0.0,0.0
bat_optimistic,84,84,new_onshore_wind,WECC_N,0.0,0.0,0.0,0.0,0.0,0.0,0.0
bat_optimistic,85,85,new_utility_pv,WECC_N,0.0,0.0,0.0,0.0,0.0,0.0,0.0
bat_optimistic,86,86,new_utility_pv,WECC_N,16315.943979449215,0.0,16315.943979449215,0.0,113983.7106034394,0.7974922643992132,12.639548332281267
bat_optimistic,87,87,new_utility_pv,WECC_N,0.0,0.0,0.0,0.0,0.0,0.0,0.0
bat_optimistic,88,88,new_utility_pv,WECC_N,0.0,0.0,0.0,0.0,0.0,0.0,0.0
bat_optimistic,89,89,new_utility_pv,WECC_N,0.0,0.0,0.0,0.0,0.0,0.0,0.0
bat_optimistic,90,90,new_utility_pv,WECC_N,0.0,0.0,0.0,0.0,0.0,0.0,0.0
bat_optimistic,91,91,new_utility_pv,WECC_N,0.0,0.0,0.0,0.0,0.0,0.0,0.0
bat_optimistic,92,92,new_utility_pv,WECC_N,0.0,0.0,0.0,0.0,0.0,0.0,0.0
bat_optimistic,93,93,battery,WECC_N,0.0,0.0,0.0,0.0,0.0,0.0,0.0
bat_optimistic,94,94,nuclear,WECC_N,0.0,0.0,0.0,0.0,0.0,0.0,0.0
bat_optimistic,95,95,naturalgas_ccs100,WECC_N,0.0,0.0,0.0,0.0,0.0,0.0,0.0
bat_optimistic,96,96,naturalgas_ccccsavgcf,WECC_NMAZ,0.0,0.0,0.0,0.0,0.0,0.0,0.0
bat_optimistic,97,97,new_onshore_wind,WECC_NMAZ,0.0,0.0,0.0,0.0,0.0,0.0,0.0
bat_optimistic,98,98,new_onshore_wind,WECC_NMAZ,0.0,0.0,0.0,0.0,0.0,0.0,0.0
bat_optimistic,99,99,new_onshore_wind,WECC_NMAZ,0.0,0.0,0.0,0.0,0.0,0.0,0.0
bat_optimistic,100,100,new_onshore_wind,WECC_NMAZ,0.0,0.0,0.0,0.0,0.0,0.0,0.0
bat_optimistic,101,101,new_onshore_wind,WECC_NMAZ,0.0,0.0,0.0,0.0,0.0,0.0,0.0
bat_optimistic,102,102,new_onshore_wind,WECC_NMAZ,0.0,0.0,0.0,0.0,0.0,0.0,0.0
bat_optimistic,103,103,new_onshore_wind,WECC_NMAZ,0.0,0.0,0.0,0.0,0.0,0.0,0.0
bat_optimistic,104,104,new_utility_pv,WECC_NMAZ,38058.8985593952,0.0,38058.8985593952,0.0,223561.43331323416,0.6705583327801707,24.790520738771548
bat_optimistic,105,105,new_utility_pv,WECC_NMAZ,0.0,0.0,0.0,0.0,0.0,0.0,0.0
bat_optimistic,106,106,new_utility_pv,WECC_NMAZ,0.0,0.0,0.0,0.0,0.0,0.0,0.0
bat_optimistic,107,107,new_utility_pv,WECC_NMAZ,0.0,0.0,0.0,0.0,0.0,0.0,0.0
bat_optimistic,108,108,new_utility_pv,WECC_NMAZ,0.0,0.0,0.0,0.0,0.0,0.0,0.0
bat_optimistic,109,109,new_utility_pv,WECC_NMAZ,0.0,0.0,0.0,0.0,0.0,0.0,0.0
bat_optimistic,110,110,new_utility_pv,WECC_NMAZ,0.0,0.0,0.0,0.0,0.0,0.0,0.0
bat_optimistic,111,111,new_utility_pv,WECC_NMAZ,0.0,0.0,0.0,0.0,0.0,0.0,0.0
bat_optimistic,112,112,new_utility_pv,WECC_NMAZ,0.0,0.0,0.0,0.0,0.0,0.0,0.0
bat_optimistic,113,113,new_utility_pv,WECC_NMAZ,0.0,0.0,0.0,0.0,0.0,0.0,0.0
bat_optimistic,114,114,new_utility_pv,WECC_NMAZ,0.0,0.0,0.0,0.0,0.0,0.0,0.0
bat_optimistic,115,115,new_utility_pv,WECC_NMAZ,0.0,0.0,0.0,0.0,0.0,0.0,0.0
bat_optimistic,116,116,battery,WECC_NMAZ,0.0,0.0,0.0,0.0,0.0,0.0,0.0
bat_optimistic,117,117,nuclear,WECC_NMAZ,0.0,0.0,0.0,0.0,0.0,0.0,0.0
bat_optimistic,118,118,naturalgas_ccs100,WECC_NMAZ,0.0,0.0,0.0,0.0,0.0,0.0,0.0
bat_optimistic,119,119,naturalgas_ccccsavgcf,WECC_PNW,0.0,0.0,0.0,0.0,0.0,0.0,0.0
bat_optimistic,120,120,new_onshore_wind,WECC_PNW,0.0,0.0,0.0,0.0,0.0,0.0,0.0
bat_optimistic,121,121,new_floating_offshore_wind,WECC_PNW,0.0,0.0,0.0,0.0,0.0,0.0,0.0
bat_optimistic,122,122,new_floating_offshore_wind,WECC_PNW,0.0,0.0,0.0,0.0,0.0,0.0,0.0
bat_optimistic,123,123,new_floating_offshore_wind,WECC_PNW,0.0,0.0,0.0,0.0,0.0,0.0,0.0
bat_optimistic,124,124,new_utility_pv,WECC_PNW,0.0,0.0,0.0,0.0,0.0,0.0,0.0
bat_optimistic,125,125,battery,WECC_PNW,0.0,0.0,0.0,0.0,0.0,0.0,0.0
bat_optimistic,126,126,nuclear,WECC_PNW,0.0,0.0,0.0,0.0,0.0,0.0,0.0
bat_optimistic,127,127,naturalgas_ccs100,WECC_PNW,0.0,0.0,0.0,0.0,0.0,0.0,0.0
bat_optimistic,128,128,naturalgas_ccccsavgcf,WECC_WYCO,0.0,0.0,0.0,0.0,0.0,0.0,0.0
bat_optimistic,129,129,new_onshore_wind,WECC_WYCO,0.0,0.0,0.0,0.0,0.0,0.0,0.0
bat_optimistic,130,130,new_onshore_wind,WECC_WYCO,0.0,0.0,0.0,0.0,0.0,0.0,0.0
bat_optimistic,131,131,new_onshore_wind,WECC_WYCO,0.0,0.0,0.0,0.0,0.0,0.0,0.0
bat_optimistic,132,132,new_onshore_wind,WECC_WYCO,0.0,0.0,0.0,0.0,0.0,0.0,0.0
bat_optimistic,133,133,new_onshore_wind,WECC_WYCO,0.0,0.0,0.0,0.0,0.0,0.0,0.0
bat_optimistic,134,134,new_onshore_wind,WECC_WYCO,0.0,0.0,0.0,0.0,0.0,0.0,0.0
bat_optimistic,135,135,new_onshore_wind,WECC_WYCO,0.0,0.0,0.0,0.0,0.0,0.0,0.0
bat_optimistic,136,136,new_utility_pv,WECC_WYCO,0.0,0.0,0.0,0.0,0.0,0.0,0.0
bat_optimistic,137,137,new_utility_pv,WECC_WYCO,4682.887458067331,0.0,4682.887458067331,0.0,39439.22851443736,0.9614143146102365,4.3733796027261
bat_optimistic,138,138,new_utility_pv,WECC_WYCO,0.0,0.0,0.0,0.0,0.0,0.0,0.0
bat_optimistic,139,139,new_utility_pv,WECC_WYCO,0.0,0.0,0.0,0.0,0.0,0.0,0.0
bat_optimistic,140,140,new_utility_pv,WECC_WYCO,0.0,0.0,0.0,0.0,0.0,0.0,0.0
bat_optimistic,141,141,battery,WECC_WYCO,583.7743741920902,0.0,583.7743741920902,0.0,619.8246872519428,0.12120477699094329,0.06873178676660537
bat_optimistic,142,142,nuclear,WECC_WYCO,0.0,0.0,0.0,0.0,0.0,0.0,0.0
bat_optimistic,143,143,naturalgas_ccs100,WECC_WYCO,0.0,0.0,0.0,0.0,0.0,0.0,0.0
bat_optimistic,144,156,new_biogas_CCGT,CA_N,0.0,0.0,0.0,0.0,0.0,0.0,0.0
bat_optimistic,145,157,new_biogas_CCGT,CA_S,0.0,0.0,0.0,0.0,0.0,0.0,0.0
bat_optimistic,146,158,new_biogas_CCGT,WECC_N,0.0,0.0,0.0,0.0,0.0,0.0,0.0
bat_optimistic,147,159,new_biogas_CCGT,WECC_NMAZ,0.0,0.0,0.0,0.0,0.0,0.0,0.0
bat_optimistic,148,160,new_biogas_CCGT,WECC_PNW,0.0,0.0,0.0,0.0,0.0,0.0,0.0
bat_optimistic,149,161,new_biogas_CCGT,WECC_WYCO,0.0,0.0,0.0,0.0,0.0,0.0,0.0
bat_optimistic,150,162,biomass,WECC_PNW,0.0,28.4,0.0,28.4,0.0,0.0,0.0
bat_optimistic,151,163,biomass,WECC_PNW,0.0,74.43,0.0,74.43,0.0,0.0,0.0
bat_optimistic,152,164,conventional_hydroelectric,WECC_PNW,27722.120174413296,29850.0,0.0,2127.879825586704,203119.3842456714,0.8364130944675428,22.52372080891799
bat_optimistic,153,165,geothermal,WECC_PNW,0.0,14.49,0.0,14.49,0.0,0.0,0.0
bat_optimistic,154,166,geothermal,WECC_PNW,0.0,1.17,0.0,1.17,0.0,0.0,0.0
bat_optimistic,155,167,hydroelectric_pumped_storage,WECC_PNW,0.0,214.0,0.0,214.0,0.0,0.0,0.0
bat_optimistic,156,168,hydroelectric_pumped_storage,WECC_PNW,0.0,100.0,0.0,100.0,0.0,0.0,0.0
bat_optimistic,157,169,nuclear,WECC_PNW,1163.0,1163.0,0.0,0.0,26.23938873626375,0.002575549450549452,0.0029096615681812594
bat_optimistic,158,170,onshore_wind_turbine,WECC_PNW,5254.0,5254.0,0.0,0.0,31201.86068310571,0.6779322882306178,3.459945496363944
bat_optimistic,159,171,solar_photovoltaic,WECC_PNW,209.9,209.9,0.0,0.0,224.00380447345282,0.12182568154516546,0.024839574867916756
